account_id,account_name,industry,country,signup_date,referral_source,plan_tier,seats,is_trial,churn_flag,plan_tier_sub,mrr_amount,arr_amount,billing_frequency,auto_renew_flag,upgrade_flag,downgrade_flag,total_usage_count,total_usage_duration_secs,total_errors,distinct_features_used,ticket_count,avg_satisfaction,avg_resolution_hours,escalation_count,tenure_days,tenure_bucket,usage_bucket,mrr_bucket,churn_date,last_activity_date,days_since_last_activity,usage_rate_per_day,feature_breadth_ratio,tenure_months,support_tickets_per_month,clv_proxy,engagement_trend_ratio,has_support_tickets
A-2e4581,Company_0,EdTech,US,2024-10-16,partner,Basic,9,False,False,Basic,836,10032,monthly,True,False,False,535,152339,38,50,2.0,3.0,23.0,0.0,76,0-3mo,Medium-High,Medium-Low,,2024-12-10,21,7.0394736842105265,1.25,2.533333333333333,0.7894736842105263,2117.866666666667,0.06573705179282868,1
A-43a9e3,Company_1,FinTech,IN,2023-08-17,other,Basic,18,False,True,Pro,882,10584,monthly,True,False,False,355,101136,14,32,3.0,4.0,38.0,0.0,502,1-2yr,Low,Medium-Low,,2024-12-29,2,0.7071713147410359,0.8,16.733333333333334,0.1792828685258964,14758.800000000001,0.5236051502145923,1
A-0a282f,Company_2,DevTools,US,2024-08-27,organic,Basic,1,False,False,Pro,98,1176,annual,True,False,False,821,251210,48,78,3.0,4.666666666666667,43.66666666666666,0.0,126,0-3mo,High,Low,,2024-12-22,9,6.515873015873016,1.95,4.2,0.7142857142857143,411.6,0.14504881450488144,1
A-1f0ac7,Company_3,HealthTech,UK,2023-08-27,other,Basic,24,True,False,Pro,1176,14112,monthly,True,True,False,382,102528,21,38,2.0,4.0,29.0,0.0,492,1-2yr,Medium-Low,Medium-High,,2024-12-11,20,0.7764227642276422,0.95,16.4,0.12195121951219513,19286.399999999998,0.5720164609053497,1
A-ce550d,Company_4,HealthTech,US,2024-10-27,event,Enterprise,35,False,True,Enterprise,21691,260292,monthly,True,False,False,579,215779,31,58,7.0,3.8,42.285714285714285,1.0,62,0-3mo,Medium-High,High,2024-12-28,2024-12-23,8,9.338709677419354,1.45,2.066666666666667,3.387096774193548,44828.06666666667,0.03577817531305903,1
A-1b9609,Company_5,EdTech,IN,2023-10-12,ads,Enterprise,4,False,False,Enterprise,0,0,annual,True,False,False,457,140541,21,45,4.0,3.0,43.0,0.0,446,1-2yr,Medium-Low,Low,,2024-11-20,41,1.0246636771300448,1.125,14.866666666666667,0.26905829596412556,0.0,0.6863468634686347,1
A-a0ca4e,Company_6,Cybersecurity,US,2024-03-08,ads,Pro,11,False,False,Enterprise,5174,62088,monthly,True,False,False,373,116964,14,38,6.0,3.8,39.16666666666666,3.0,298,6-12mo,Low,High,,2024-12-17,14,1.2516778523489933,0.95,9.933333333333334,0.6040268456375839,51395.066666666666,0.3274021352313167,1
A-e5d6ab,Company_7,EdTech,US,2023-04-15,partner,Pro,3,False,False,Pro,1568,18816,annual,True,False,False,382,111506,23,39,3.0,4.0,42.66666666666666,0.0,626,0-3mo,Medium-Low,Medium-High,,2024-12-02,29,0.610223642172524,0.975,20.866666666666667,0.14376996805111822,32718.933333333334,0.9390862944162437,1
A-7dacce,Company_8,Cybersecurity,CA,2024-09-10,event,Enterprise,12,False,True,Pro,0,0,annual,True,True,False,472,145429,29,44,4.0,3.6666666666666665,32.5,0.0,108,0-3mo,Medium-Low,Low,2024-12-27,2024-12-29,2,4.37037037037037,1.1,3.6,1.1111111111111112,0.0,0.07029478458049887,1
A-10b8da,Company_9,DevTools,US,2023-05-08,partner,Enterprise,14,False,True,Pro,1666,19992,monthly,True,False,False,257,73818,14,27,3.0,3.5,31.33333333333333,0.0,603,1-2yr,Low,Medium-High,,2024-12-23,8,0.4262023217247098,0.675,20.1,0.14925373134328357,33486.600000000006,0.5766871165644172,1
A-592832,Company_10,Cybersecurity,US,2024-09-25,organic,Basic,18,False,True,Pro,882,10584,annual,False,False,False,1053,326283,55,96,3.0,5.0,32.666666666666664,0.0,9,0-3mo,High,Medium-Low,2024-10-04,2024-12-30,1,117.0,2.4,0.3,10.0,264.59999999999997,0.06795131845841786,1
A-d40bf7,Company_11,FinTech,IN,2024-11-08,organic,Basic,59,False,False,Basic,1121,13452,monthly,True,False,False,562,150186,22,50,2.0,5.0,20.5,0.0,53,0-3mo,Medium-High,Medium-High,,2024-11-21,40,10.60377358490566,1.25,1.7666666666666666,1.1320754716981132,1980.4333333333332,0.0,1
A-6c093d,Company_12,DevTools,US,2023-04-14,partner,Basic,7,True,False,Enterprise,0,0,annual,True,False,False,670,217275,30,59,3.0,5.0,40.333333333333336,1.0,627,1-2yr,High,Low,,2024-12-30,1,1.0685805422647527,1.475,20.9,0.14354066985645933,0.0,0.7357512953367875,1
A-462d45,Company_13,Cybersecurity,US,2024-01-15,partner,Enterprise,11,True,False,Pro,1470,17640,annual,True,False,False,642,159561,26,67,4.0,4.0,26.75,0.0,351,3-6mo,High,Medium-High,,2024-12-16,15,1.829059829059829,1.675,11.7,0.3418803418803419,17199.0,0.23699421965317918,1
A-956988,Company_14,EdTech,UK,2024-11-30,ads,Enterprise,1,False,False,Enterprise,6368,76416,annual,True,False,False,658,173232,49,68,2.0,3.0,50.5,0.0,31,0-3mo,High,High,,2024-12-24,7,21.225806451612904,1.7,1.0333333333333334,1.9354838709677418,6580.266666666667,0.012307692307692308,1
A-ac14bb,Company_15,FinTech,US,2023-09-08,partner,Enterprise,21,False,False,Basic,532,6384,annual,True,True,False,531,170826,42,51,2.0,4.0,24.5,0.0,480,1-2yr,Medium-High,Medium-Low,,2024-12-18,13,1.10625,1.275,16.0,0.125,8512.0,0.3937007874015748,1
A-463db0,Company_16,HealthTech,US,2024-12-05,partner,Basic,15,False,False,Pro,735,8820,annual,True,False,False,367,106259,13,36,6.0,4.25,50.16666666666666,1.0,26,0-3mo,Low,Medium-Low,,2024-12-27,4,14.115384615384615,0.9,0.8666666666666667,6.9230769230769225,637.0,0.03089887640449438,1
A-ce66f8,Company_17,EdTech,CA,2023-08-23,event,Pro,29,False,False,Pro,1421,17052,annual,True,False,False,494,133559,19,42,6.0,3.5,41.66666666666666,0.0,496,1-2yr,Medium-Low,Medium-High,,2024-12-31,0,0.9959677419354839,1.05,16.533333333333335,0.36290322580645157,23493.86666666667,0.39943342776203966,1
A-c4ea60,Company_18,FinTech,DE,2023-03-09,other,Enterprise,18,False,True,Enterprise,3582,42984,monthly,True,False,False,427,137244,18,42,5.0,3.6,36.0,0.0,663,1-2yr,Medium-Low,High,,2024-12-11,20,0.6440422322775264,1.05,22.1,0.2262443438914027,79162.20000000001,0.5698529411764706,1
A-832ec2,Company_19,FinTech,UK,2023-11-19,event,Enterprise,4,True,False,Enterprise,4378,52536,annual,False,True,False,511,157711,25,46,3.0,4.0,26.0,1.0,408,0-3mo,Medium-High,High,,2024-12-23,8,1.2524509803921569,1.15,13.6,0.22058823529411764,59540.799999999996,0.5531914893617021,1
A-684255,Company_20,FinTech,US,2024-04-14,ads,Enterprise,9,False,False,Basic,0,0,annual,True,False,True,653,191849,44,63,4.0,4.666666666666667,14.25,1.0,261,0-3mo,High,Low,,2024-12-08,23,2.5019157088122603,1.575,8.7,0.4597701149425288,0.0,0.2438095238095238,1
A-c42f1f,Company_21,HealthTech,US,2024-07-28,other,Pro,8,False,False,Basic,152,1824,monthly,True,False,False,337,98383,20,33,9.0,4.0,31.33333333333333,1.0,156,3-6mo,Low,Low,,2024-10-30,62,2.16025641025641,0.825,5.2,1.7307692307692306,790.4,0.0243161094224924,1
A-4e44e8,Company_22,DevTools,US,2024-08-20,ads,Enterprise,3,False,True,Enterprise,3383,40596,annual,True,False,False,687,208387,37,65,3.0,3.333333333333333,31.33333333333333,0.0,52,0-3mo,High,High,2024-10-11,2024-11-24,37,13.211538461538462,1.625,1.7333333333333334,1.7307692307692306,5863.866666666667,0.05045871559633028,1
A-30b4ca,Company_23,EdTech,IN,2024-05-20,organic,Basic,86,False,True,Basic,1634,19608,annual,True,False,False,402,127433,22,42,3.0,4.0,57.66666666666666,0.0,104,3-6mo,Medium-Low,Medium-High,2024-09-01,2024-12-22,9,3.8653846153846154,1.05,3.466666666666667,0.8653846153846153,5664.533333333334,0.1388101983002833,1
A-9f2731,Company_24,FinTech,IN,2024-10-04,event,Enterprise,1,False,False,Pro,0,0,annual,True,False,False,324,98113,20,31,0.0,4.0,36.0,0.0,88,0-3mo,Low,Low,,2024-12-19,12,3.6818181818181817,0.775,2.933333333333333,0.0,0.0,0.03184713375796178,0
A-32fb14,Company_25,DevTools,US,2023-03-07,event,Enterprise,26,False,True,Enterprise,5174,62088,annual,True,False,False,488,150708,19,44,5.0,4.5,34.0,0.0,418,3-6mo,Medium-Low,High,2024-04-28,2024-12-25,6,1.167464114832536,1.1,13.933333333333334,0.3588516746411483,72091.06666666667,0.5015384615384615,1
A-00cac8,Company_26,HealthTech,AU,2023-09-15,organic,Enterprise,8,True,False,Pro,931,11172,annual,True,False,True,602,171366,31,53,2.0,4.0,33.0,0.0,473,1-2yr,Medium-High,Medium-Low,,2024-12-24,7,1.2727272727272727,1.325,15.766666666666667,0.12684989429175475,14678.766666666668,0.35280898876404493,1
A-35083d,Company_27,HealthTech,IN,2023-04-28,partner,Basic,19,False,True,Enterprise,9751,117012,monthly,True,False,False,791,237055,37,67,4.0,5.0,49.75,0.0,613,1-2yr,High,High,,2024-12-29,2,1.2903752039151712,1.675,20.433333333333334,0.19575856443719414,199245.43333333335,0.5694444444444444,1
A-eb7fac,Company_28,DevTools,US,2023-10-28,organic,Enterprise,7,False,False,Basic,494,5928,monthly,True,False,False,538,185729,44,49,4.0,4.0,34.0,0.0,430,6-12mo,Medium-High,Medium-Low,,2024-12-19,12,1.2511627906976743,1.225,14.333333333333334,0.27906976744186046,7080.666666666667,0.4659400544959128,1
A-b20d99,Company_29,HealthTech,IN,2023-09-27,other,Basic,20,False,False,Enterprise,3980,47760,monthly,True,True,False,329,105214,12,31,2.0,3.5,61.5,0.0,461,3-6mo,Low,High,,2024-09-23,99,0.7136659436008677,0.775,15.366666666666667,0.1301518438177874,61159.333333333336,0.3940677966101695,1
A-396e5f,Company_30,Cybersecurity,CA,2024-10-02,other,Enterprise,2,False,False,Pro,1666,19992,monthly,False,False,False,540,175427,23,49,5.0,4.0,24.8,1.0,90,0-3mo,Medium-High,Medium-High,,2024-12-25,6,6.0,1.225,3.0,1.6666666666666667,4998.0,0.1464968152866242,1
A-45ce7a,Company_31,FinTech,US,2023-07-23,ads,Enterprise,16,False,False,Enterprise,3184,38208,monthly,True,False,False,424,124978,30,36,5.0,3.6666666666666665,45.4,0.0,527,1-2yr,Medium-Low,Medium-High,,2024-12-24,7,0.8045540796963947,0.9,17.566666666666666,0.2846299810246679,55932.26666666666,0.5197132616487455,1
A-08e34e,Company_32,EdTech,US,2024-06-27,event,Basic,14,False,True,Enterprise,2786,33432,monthly,True,False,False,651,186929,32,56,3.0,3.0,43.0,0.0,66,0-3mo,High,Medium-High,2024-09-01,2024-12-30,1,9.863636363636363,1.4,2.2,1.3636363636363635,6129.200000000001,0.17086330935251798,1
A-8145a0,Company_33,Cybersecurity,AU,2023-04-25,partner,Basic,2,True,False,Basic,285,3420,monthly,True,False,False,693,200177,27,58,6.0,4.0,23.666666666666668,0.0,616,0-3mo,High,Low,,2024-12-26,5,1.125,1.45,20.533333333333335,0.2922077922077922,5852.000000000001,0.8529411764705882,1
A-bad8c1,Company_34,FinTech,AU,2023-03-01,organic,Basic,7,False,False,Pro,1813,21756,monthly,True,False,False,385,125675,11,37,1.0,4.0,27.0,0.0,671,6-12mo,Medium-Low,Medium-High,,2024-12-24,7,0.5737704918032787,0.925,22.366666666666667,0.044709388971684055,40550.76666666667,1.2,1
A-44dc83,Company_35,EdTech,FR,2024-05-12,other,Basic,5,False,False,Enterprise,0,0,annual,True,False,False,248,81119,13,19,7.0,4.6,40.85714285714285,0.0,233,6-12mo,Low,Low,,2024-10-09,83,1.0643776824034334,0.475,7.766666666666667,0.9012875536480687,0.0,0.16981132075471697,1
A-f446b6,Company_36,DevTools,DE,2023-05-12,ads,Pro,5,True,False,Basic,95,1140,annual,True,False,False,376,127515,31,38,8.0,4.25,30.75,1.0,599,1-2yr,Medium-Low,Low,,2024-12-14,17,0.6277128547579299,0.95,19.966666666666665,0.4006677796327212,1896.8333333333333,0.8252427184466019,1
A-a45270,Company_37,HealthTech,US,2024-06-24,ads,Enterprise,3,False,False,Basic,0,0,annual,True,False,False,733,222582,53,65,4.0,4.0,64.0,0.0,190,3-6mo,High,Low,,2024-12-25,6,3.857894736842105,1.625,6.333333333333333,0.6315789473684211,0.0,0.06695778748180495,1
A-854864,Company_38,FinTech,IN,2024-12-07,event,Enterprise,20,False,False,Pro,980,11760,annual,True,False,False,248,73517,10,23,5.0,4.8,44.2,0.0,24,0-3mo,Low,Medium-Low,,2024-12-15,16,10.333333333333334,0.575,0.8,6.25,784.0,0.0,1
A-1b7577,Company_39,Cybersecurity,US,2024-10-27,other,Pro,4,False,False,Pro,2009,24108,monthly,True,False,False,647,195598,33,62,5.0,4.0,27.2,0.0,65,0-3mo,High,Medium-High,,2024-12-20,11,9.953846153846154,1.55,2.1666666666666665,2.307692307692308,4352.833333333333,0.05032467532467533,1
A-05f0e5,Company_40,FinTech,US,2023-05-04,partner,Basic,32,False,False,Pro,2842,34104,annual,True,False,False,706,207116,46,63,4.0,4.0,20.0,0.0,607,1-2yr,High,Medium-High,,2024-12-30,1,1.1630971993410215,1.575,20.233333333333334,0.19769357495881382,57503.13333333334,0.7303921568627451,1
A-9077b0,Company_41,HealthTech,US,2024-08-25,ads,Basic,2,False,False,Pro,0,0,monthly,True,False,False,493,146301,31,43,3.0,4.333333333333333,40.333333333333336,0.0,128,3-6mo,Medium-Low,Low,,2024-11-18,43,3.8515625,1.075,4.266666666666667,0.703125,0.0,0.05793991416309013,1
A-7f8241,Company_42,EdTech,US,2023-03-14,organic,Pro,34,False,True,Enterprise,6766,81192,monthly,False,False,False,734,227186,38,69,1.0,3.0,36.0,0.0,658,1-2yr,High,High,,2024-12-21,10,1.115501519756839,1.725,21.933333333333334,0.04559270516717325,148400.93333333335,0.8258706467661692,1
A-2bc93d,Company_43,HealthTech,US,2023-03-14,event,Basic,14,False,False,Pro,1715,20580,monthly,True,False,False,666,215735,31,63,2.0,4.5,12.0,0.0,658,3-6mo,High,Medium-High,,2024-12-07,24,1.012158054711246,1.575,21.933333333333334,0.0911854103343465,37615.666666666664,0.8603351955307262,1
A-f3ff05,Company_44,FinTech,IN,2024-07-06,other,Enterprise,2,False,False,Basic,570,6840,monthly,True,False,False,672,210327,36,56,3.0,3.5,42.66666666666666,0.0,178,3-6mo,High,Medium-Low,,2024-12-31,0,3.7752808988764044,1.4,5.933333333333334,0.5056179775280899,3382.0,0.06666666666666667,1
A-2d4502,Company_45,FinTech,IN,2024-04-29,event,Basic,7,False,False,Enterprise,6766,81192,annual,True,False,False,465,127997,19,46,3.0,5.0,26.33333333333333,0.0,246,0-3mo,Medium-Low,High,,2024-12-07,24,1.8902439024390243,1.15,8.2,0.3658536585365854,55481.2,0.07142857142857142,1
A-6a4e2d,Company_46,EdTech,UK,2023-04-07,partner,Pro,9,False,False,Pro,686,8232,annual,True,True,False,597,172764,31,52,2.0,4.5,18.5,1.0,634,1-2yr,Medium-High,Medium-Low,,2024-12-24,7,0.9416403785488959,1.3,21.133333333333333,0.09463722397476342,14497.466666666667,0.9073482428115016,1
A-eb7c38,Company_47,DevTools,AU,2024-02-25,organic,Enterprise,5,False,False,Basic,627,7524,annual,True,False,False,693,203946,27,67,5.0,4.333333333333333,22.4,0.0,310,0-3mo,High,Medium-Low,,2024-12-15,16,2.235483870967742,1.675,10.333333333333334,0.48387096774193544,6479.0,0.2953271028037383,1
A-c37601,Company_48,EdTech,US,2024-10-31,partner,Basic,6,True,False,Enterprise,10746,128952,monthly,False,False,False,489,131835,21,45,4.0,3.6666666666666665,42.25,0.0,61,0-3mo,Medium-Low,High,,2024-12-07,24,8.01639344262295,1.125,2.033333333333333,1.9672131147540985,21850.199999999997,0.020876826722338204,1
A-3b5cd1,Company_49,FinTech,US,2023-09-12,event,Basic,13,True,False,Enterprise,6368,76416,annual,True,False,False,523,177958,24,48,5.0,4.0,27.4,0.0,476,6-12mo,Medium-High,High,,2024-12-21,10,1.0987394957983194,1.2,15.866666666666667,0.31512605042016806,101038.93333333333,0.6870967741935484,1
A-b2225d,Company_50,FinTech,US,2024-03-08,ads,Basic,47,False,True,Basic,893,10716,annual,True,False,False,696,236693,60,70,2.0,3.0,42.0,0.0,111,3-6mo,High,Medium-Low,2024-06-27,2024-12-08,23,6.27027027027027,1.75,3.7,0.5405405405405405,3304.1000000000004,0.30337078651685395,1
A-94f8c9,Company_51,HealthTech,US,2024-03-29,other,Basic,13,False,False,Enterprise,2587,31044,monthly,True,False,False,746,204124,63,71,3.0,5.0,47.333333333333336,0.0,277,0-3mo,High,Medium-High,,2024-12-03,28,2.693140794223827,1.775,9.233333333333333,0.3249097472924188,23886.63333333333,0.2032258064516129,1
A-02fac6,Company_52,FinTech,US,2023-04-06,event,Pro,22,False,False,Pro,1078,12936,monthly,True,True,False,514,169854,34,49,6.0,4.0,23.33333333333333,0.0,635,1-2yr,Medium-High,Medium-High,,2024-12-27,4,0.8094488188976378,1.225,21.166666666666668,0.28346456692913385,22817.666666666668,0.8035087719298246,1
A-c1dfe1,Company_53,DevTools,DE,2023-08-07,ads,Pro,26,False,False,Basic,494,5928,monthly,False,False,False,375,127687,30,37,3.0,4.0,50.333333333333336,0.0,512,6-12mo,Medium-Low,Medium-Low,,2024-12-23,8,0.732421875,0.925,17.066666666666666,0.17578125,8430.933333333332,0.24172185430463577,1
A-32728c,Company_54,DevTools,US,2023-01-03,event,Pro,20,False,True,Basic,798,9576,annual,True,False,False,418,115325,22,39,2.0,3.5,34.5,0.0,563,1-2yr,Medium-Low,Medium-Low,2024-07-19,2024-12-14,17,0.7424511545293073,0.975,18.766666666666666,0.10657193605683837,14975.8,0.908675799086758,1
A-4c38bc,Company_55,HealthTech,UK,2024-03-09,event,Basic,36,False,True,Pro,1764,21168,annual,True,False,False,818,271358,27,77,3.0,3.5,48.333333333333336,0.0,297,6-12mo,High,Medium-High,,2024-12-29,2,2.7542087542087543,1.925,9.9,0.30303030303030304,17463.600000000002,0.24885496183206107,1
A-1b707d,Company_56,Cybersecurity,US,2023-07-14,organic,Enterprise,1,False,False,Basic,0,0,annual,False,False,False,399,110456,12,38,3.0,4.0,42.66666666666666,0.0,536,0-3mo,Medium-Low,Low,,2024-12-13,18,0.7444029850746269,0.95,17.866666666666667,0.16791044776119401,0.0,0.7577092511013216,1
A-6f8ad2,Company_57,EdTech,IN,2024-07-09,organic,Basic,1,False,False,Basic,779,9348,annual,False,False,False,924,261489,59,85,4.0,4.333333333333333,35.25,0.0,175,3-6mo,High,Medium-Low,,2024-12-31,0,5.28,2.125,5.833333333333333,0.6857142857142857,4544.166666666666,0.1282051282051282,1
A-4d1e75,Company_58,DevTools,US,2024-08-21,other,Basic,20,False,False,Pro,0,0,monthly,False,False,False,477,148106,25,50,2.0,4.0,15.0,0.0,132,0-3mo,Medium-Low,Low,,2024-12-15,16,3.6136363636363638,1.25,4.4,0.45454545454545453,0.0,0.03470715835140998,1
A-9ee962,Company_59,HealthTech,US,2023-02-28,ads,Basic,9,False,True,Basic,171,2052,annual,True,False,False,439,120226,17,34,3.0,4.0,37.0,0.0,583,1-2yr,Medium-Low,Low,2024-10-03,2024-12-25,6,0.7530017152658662,0.85,19.433333333333334,0.15437392795883362,3323.1,1.041860465116279,1
A-378b99,Company_60,EdTech,UK,2024-09-01,ads,Pro,8,True,False,Pro,784,9408,annual,True,False,True,565,187525,38,54,6.0,4.5,28.5,0.0,121,0-3mo,Medium-High,Medium-Low,,2024-12-31,0,4.669421487603306,1.35,4.033333333333333,1.4876033057851241,3162.133333333333,0.15071283095723015,1
A-94d3da,Company_61,HealthTech,US,2023-05-03,other,Basic,41,False,False,Basic,779,9348,monthly,True,False,False,464,150051,25,48,6.0,3.5,26.83333333333333,0.0,608,6-12mo,Medium-Low,Medium-Low,,2024-12-19,12,0.7631578947368421,1.2,20.266666666666666,0.2960526315789474,15787.733333333332,0.5163398692810458,1
A-e351e1,Company_62,EdTech,US,2024-09-26,other,Enterprise,33,False,False,Basic,627,7524,annual,True,False,False,295,102452,22,27,4.0,3.75,17.0,0.0,96,0-3mo,Low,Medium-Low,,2024-12-14,17,3.0729166666666665,0.675,3.2,1.25,2006.4,0.138996138996139,1
A-9badbd,Company_63,Cybersecurity,DE,2024-06-19,ads,Enterprise,5,True,False,Enterprise,11741,140892,monthly,True,False,False,729,220382,45,68,5.0,5.0,30.2,0.0,195,6-12mo,High,High,,2024-12-25,6,3.7384615384615385,1.7,6.5,0.7692307692307693,76316.5,0.1267387944358578,1
A-7e0a10,Company_64,FinTech,US,2023-11-18,ads,Enterprise,46,False,False,Enterprise,13930,167160,annual,True,False,False,511,173162,35,48,5.0,4.0,39.4,0.0,409,6-12mo,Medium-High,High,,2024-12-14,17,1.2493887530562346,1.2,13.633333333333333,0.36674816625916873,189912.3333333333,0.3699731903485255,1
A-118d55,Company_65,Cybersecurity,US,2024-10-22,organic,Basic,8,False,False,Enterprise,5771,69252,monthly,True,False,False,599,168143,33,54,5.0,4.333333333333333,24.2,0.0,70,0-3mo,Medium-High,High,,2024-12-30,1,8.557142857142857,1.35,2.3333333333333335,2.142857142857143,13465.666666666668,0.0472027972027972,1
A-526d93,Company_66,HealthTech,FR,2024-04-14,organic,Basic,43,False,False,Enterprise,8557,102684,annual,False,False,False,565,159213,45,51,5.0,3.5,51.4,1.0,261,0-3mo,Medium-High,High,,2024-12-22,9,2.164750957854406,1.275,8.7,0.574712643678161,74445.9,0.22826086956521738,1
A-f92792,Company_67,FinTech,US,2024-07-04,ads,Pro,1,False,False,Basic,361,4332,annual,False,False,False,528,149124,31,52,2.0,4.0,45.0,0.0,180,3-6mo,Medium-High,Medium-Low,,2024-12-27,4,2.933333333333333,1.3,6.0,0.3333333333333333,2166.0,0.13062098501070663,1
A-84ebe4,Company_68,FinTech,US,2023-03-12,ads,Pro,18,True,True,Enterprise,7164,85968,monthly,True,False,False,396,123655,26,40,4.0,4.0,29.5,0.0,314,6-12mo,Medium-Low,High,2024-01-20,2024-12-16,15,1.2611464968152866,1.0,10.466666666666667,0.38216560509554137,74983.2,1.2372881355932204,1
A-5b4ebb,Company_69,Cybersecurity,UK,2024-07-10,other,Basic,21,True,True,Pro,1470,17640,annual,True,False,False,692,196300,25,64,5.0,4.75,35.4,0.0,174,3-6mo,High,Medium-High,,2024-12-25,6,3.9770114942528734,1.6,5.8,0.8620689655172414,8526.0,0.08294209702660407,1
A-2922b6,Company_70,HealthTech,US,2024-11-14,organic,Basic,15,False,False,Pro,980,11760,annual,False,True,False,393,117237,13,36,2.0,4.0,15.5,0.0,47,0-3mo,Medium-Low,Medium-Low,,2024-12-18,13,8.361702127659575,0.9,1.5666666666666667,1.2765957446808511,1535.3333333333333,0.034210526315789476,1
A-9b9fe9,Company_71,EdTech,AU,2023-09-28,other,Basic,5,False,False,Enterprise,9950,119400,monthly,True,False,False,597,196701,22,53,4.0,4.0,33.5,0.0,460,6-12mo,Medium-High,High,,2024-12-15,16,1.2978260869565217,1.325,15.333333333333334,0.2608695652173913,152566.6666666667,0.575197889182058,1
A-a8b49c,Company_72,Cybersecurity,UK,2023-10-06,partner,Basic,7,False,False,Pro,343,4116,annual,True,False,False,545,183399,43,51,1.0,4.0,72.0,0.0,452,6-12mo,Medium-High,Medium-Low,,2024-12-25,6,1.2057522123893805,1.275,15.066666666666666,0.06637168141592921,5167.866666666667,0.4192708333333333,1
A-9174e0,Company_73,Cybersecurity,US,2024-12-04,partner,Basic,37,False,False,Enterprise,7363,88356,annual,True,True,False,689,206138,61,65,2.0,5.0,39.0,0.0,27,0-3mo,High,High,,2024-12-29,2,25.51851851851852,1.625,0.9,2.2222222222222223,6626.7,0.010263929618768328,1
A-a1bbb6,Company_74,DevTools,CA,2023-04-05,organic,Basic,1,False,False,Pro,0,0,annual,True,False,False,366,118465,20,36,3.0,4.0,17.666666666666668,0.0,636,1-2yr,Low,Low,,2024-12-30,1,0.5754716981132075,0.9,21.2,0.14150943396226415,0.0,0.7345971563981043,1
A-c45b23,Company_75,FinTech,UK,2023-12-08,partner,Basic,5,False,False,Enterprise,5174,62088,annual,True,False,False,581,181056,30,56,3.0,3.0,36.66666666666666,0.0,389,3-6mo,Medium-High,High,,2024-12-23,8,1.493573264781491,1.4,12.966666666666667,0.23136246786632392,67089.53333333334,0.3295194508009153,1
A-02cd81,Company_76,HealthTech,IN,2024-03-28,other,Basic,44,False,False,Pro,2156,25872,annual,True,False,False,684,219304,28,67,3.0,4.5,17.333333333333332,1.0,278,0-3mo,High,Medium-High,,2024-12-26,5,2.460431654676259,1.675,9.266666666666667,0.3237410071942446,19978.933333333334,0.20422535211267606,1
A-ee42db,Company_77,EdTech,DE,2023-04-25,ads,Enterprise,13,False,False,Basic,570,6840,monthly,True,False,False,511,150876,33,52,4.0,3.0,33.75,0.0,616,0-3mo,Medium-High,Medium-Low,,2024-12-26,5,0.8295454545454546,1.3,20.533333333333335,0.1948051948051948,11704.000000000002,0.7992957746478874,1
A-432483,Company_78,Cybersecurity,US,2023-02-06,ads,Pro,4,False,False,Pro,1519,18228,annual,True,False,False,451,151460,28,41,1.0,4.0,51.0,0.0,694,1-2yr,Medium-Low,Medium-High,,2024-12-12,19,0.6498559077809798,1.025,23.133333333333333,0.043227665706051875,35139.53333333333,2.176056338028169,1
A-9208f0,Company_79,EdTech,US,2023-05-11,organic,Pro,1,False,True,Basic,0,0,annual,True,False,False,538,158701,31,51,8.0,3.333333333333333,41.25,1.0,548,6-12mo,Medium-High,Low,2024-11-09,2024-12-11,20,0.9817518248175182,1.275,18.266666666666666,0.43795620437956206,0.0,1.030188679245283,1
A-98a59a,Company_80,FinTech,UK,2023-08-04,partner,Enterprise,56,False,False,Pro,2744,32928,annual,True,False,False,455,124429,21,43,3.0,4.5,37.333333333333336,0.0,515,1-2yr,Medium-Low,Medium-High,,2024-12-31,0,0.883495145631068,1.075,17.166666666666668,0.17475728155339804,47105.333333333336,0.6666666666666666,1
A-fe79a5,Company_81,HealthTech,IN,2024-02-21,ads,Basic,9,True,False,Enterprise,1791,21492,annual,True,False,False,335,96672,17,33,4.0,5.0,28.5,0.0,314,6-12mo,Low,Medium-High,,2024-12-08,23,1.0668789808917198,0.825,10.466666666666667,0.38216560509554137,18745.8,0.2689393939393939,1
A-726cfa,Company_82,DevTools,US,2023-07-01,partner,Pro,11,False,False,Enterprise,7562,90744,monthly,False,False,False,993,281986,45,93,3.0,4.0,35.666666666666664,0.0,549,1-2yr,High,High,,2024-12-26,5,1.8087431693989071,2.325,18.3,0.16393442622950818,138384.6,0.6067961165048543,1
A-c43359,Company_83,FinTech,US,2024-11-16,organic,Pro,38,False,False,Basic,722,8664,monthly,True,True,False,461,147051,32,46,3.0,4.0,26.666666666666668,0.0,45,0-3mo,Medium-Low,Medium-Low,,2024-12-29,2,10.244444444444444,1.15,1.5,2.0,1083.0,0.06712962962962964,1
A-271f46,Company_84,DevTools,US,2023-02-09,event,Pro,38,False,True,Enterprise,9154,109848,monthly,True,False,False,373,114563,16,36,1.0,4.0,36.0,0.0,547,1-2yr,Low,High,2024-08-09,2024-12-20,11,0.6819012797074955,0.9,18.233333333333334,0.054844606946983544,166907.93333333335,1.0837988826815643,1
A-157070,Company_85,FinTech,US,2023-11-09,ads,Pro,16,False,False,Basic,722,8664,annual,True,False,False,696,186928,26,70,3.0,3.0,42.333333333333336,1.0,418,1-2yr,High,Medium-Low,,2024-12-28,3,1.6650717703349283,1.75,13.933333333333334,0.21531100478468898,10059.866666666667,0.6036866359447005,1
A-40a557,Company_86,Cybersecurity,AU,2023-12-03,partner,Pro,16,True,False,Enterprise,3184,38208,monthly,True,False,False,402,114217,17,39,7.0,3.6666666666666665,30.571428571428573,0.0,394,0-3mo,Medium-Low,Medium-High,,2024-12-26,5,1.0203045685279188,0.975,13.133333333333333,0.5329949238578681,41816.53333333333,0.30944625407166126,1
A-66224b,Company_87,HealthTech,US,2024-10-18,other,Pro,92,True,False,Enterprise,0,0,annual,True,False,False,626,185229,29,59,6.0,3.5,39.833333333333336,0.0,74,0-3mo,High,Low,,2024-12-04,27,8.45945945945946,1.475,2.466666666666667,2.4324324324324325,0.0,0.021207177814029365,1
A-91e948,Company_88,EdTech,AU,2023-01-29,partner,Basic,41,False,False,Enterprise,8159,97908,monthly,True,False,False,404,115260,16,35,0.0,4.0,36.0,0.0,702,1-2yr,Medium-Low,High,,2024-12-26,5,0.5754985754985755,0.875,23.4,0.0,190920.59999999998,0.7876106194690266,0
A-104f1a,Company_89,Cybersecurity,US,2024-08-17,other,Pro,24,False,False,Basic,646,7752,monthly,True,False,False,438,156949,22,42,5.0,3.75,33.2,1.0,136,0-3mo,Medium-Low,Medium-Low,,2024-12-15,16,3.2205882352941178,1.05,4.533333333333333,1.1029411764705883,2928.5333333333333,0.15873015873015872,1
A-7988d1,Company_90,Cybersecurity,US,2023-12-20,other,Basic,33,False,False,Basic,0,0,monthly,True,False,False,449,138265,28,44,3.0,4.333333333333333,35.333333333333336,0.0,377,6-12mo,Medium-Low,Low,,2024-12-23,8,1.1909814323607426,1.1,12.566666666666666,0.2387267904509284,0.0,0.5067114093959731,1
A-faa28c,Company_91,HealthTech,US,2024-01-30,organic,Enterprise,48,False,False,Pro,2352,28224,monthly,True,False,False,585,162007,24,53,4.0,4.666666666666667,52.25,1.0,336,6-12mo,Medium-High,Medium-High,,2024-12-28,3,1.7410714285714286,1.325,11.2,0.35714285714285715,26342.399999999998,0.2662337662337662,1
A-f25509,Company_92,EdTech,US,2024-03-22,other,Enterprise,32,False,False,Basic,1083,12996,annual,True,False,True,229,73603,15,20,6.0,4.666666666666667,42.66666666666666,0.0,284,0-3mo,Low,Medium-High,,2024-12-28,3,0.8063380281690141,0.5,9.466666666666667,0.6338028169014085,10252.4,0.19895287958115182,1
A-3a7284,Company_93,FinTech,US,2024-11-17,organic,Enterprise,31,False,False,Pro,1519,18228,annual,True,True,False,609,191562,30,58,3.0,3.5,56.333333333333336,0.0,44,0-3mo,Medium-High,Medium-High,,2024-12-22,9,13.840909090909092,1.45,1.4666666666666666,2.0454545454545454,2227.8666666666663,0.020100502512562814,1
A-3a5ad8,Company_94,HealthTech,US,2023-12-05,organic,Enterprise,9,True,False,Enterprise,0,0,annual,True,False,False,506,127878,23,51,4.0,4.5,44.75,0.0,392,1-2yr,Medium-High,Low,,2024-12-15,16,1.2908163265306123,1.275,13.066666666666666,0.30612244897959184,0.0,0.3675675675675676,1
A-65a46c,Company_95,HealthTech,US,2023-11-04,event,Pro,1,False,False,Pro,1715,20580,annual,True,False,False,370,115219,21,35,8.0,4.0,45.125,0.0,423,1-2yr,Low,Medium-High,,2024-12-26,5,0.8747044917257684,0.875,14.1,0.5673758865248227,24181.5,0.7209302325581395,1
A-8b25f2,Company_96,Cybersecurity,US,2024-02-17,ads,Pro,6,False,True,Enterprise,2587,31044,monthly,True,False,False,565,159394,20,51,2.0,4.0,35.5,0.0,318,6-12mo,Medium-High,Medium-High,,2024-12-27,4,1.7767295597484276,1.275,10.6,0.18867924528301888,27422.2,0.317016317016317,1
A-fabe19,Company_97,DevTools,UK,2024-11-11,ads,Enterprise,1,False,False,Enterprise,0,0,monthly,False,True,False,337,112966,16,32,3.0,4.0,40.66666666666666,0.0,50,0-3mo,Low,Low,,2024-12-25,6,6.74,0.8,1.6666666666666667,1.7999999999999998,0.0,0.1423728813559322,1
A-adc1f3,Company_98,Cybersecurity,US,2024-08-05,organic,Pro,2,False,False,Enterprise,995,11940,monthly,True,False,False,334,120133,26,35,3.0,3.5,47.333333333333336,0.0,148,3-6mo,Low,Medium-Low,,2024-12-22,9,2.2567567567567566,0.875,4.933333333333334,0.6081081081081081,4908.666666666667,0.15172413793103448,1
A-503d5a,Company_99,FinTech,US,2023-10-21,other,Enterprise,4,False,True,Enterprise,11144,133728,annual,False,False,False,605,211565,32,58,9.0,4.0,36.55555555555556,0.0,437,1-2yr,Medium-High,High,,2024-12-15,16,1.3844393592677346,1.45,14.566666666666666,0.6178489702517163,162330.93333333332,0.5879265091863517,1
A-fd7ad3,Company_100,Cybersecurity,US,2024-11-01,event,Enterprise,1,False,False,Basic,551,6612,monthly,True,False,False,567,171957,42,51,8.0,4.166666666666667,48.75,1.0,60,0-3mo,Medium-High,Medium-Low,,2024-11-25,36,9.45,1.275,2.0,4.0,1102.0,0.0,1
A-186a44,Company_101,HealthTech,US,2023-08-07,ads,Enterprise,20,False,False,Basic,380,4560,monthly,False,False,False,614,205539,25,57,7.0,3.5,38.285714285714285,0.0,512,1-2yr,Medium-High,Medium-Low,,2024-11-27,34,1.19921875,1.425,17.066666666666666,0.41015625,6485.333333333333,0.7055555555555556,1
A-e888d1,Company_102,Cybersecurity,US,2023-03-28,other,Pro,14,False,False,Pro,833,9996,monthly,True,False,False,552,158087,36,50,5.0,4.0,43.0,1.0,644,3-6mo,Medium-High,Medium-Low,,2024-12-19,12,0.8571428571428571,1.25,21.466666666666665,0.23291925465838512,17881.733333333334,0.9233449477351916,1
A-69fad4,Company_103,FinTech,UK,2023-04-06,ads,Basic,6,False,True,Pro,0,0,monthly,True,False,False,412,124646,24,34,4.0,3.6666666666666665,43.0,0.0,438,1-2yr,Medium-Low,Low,2024-06-17,2024-12-15,16,0.9406392694063926,0.85,14.6,0.273972602739726,0.0,0.46099290780141844,1
A-9289f6,Company_104,EdTech,US,2023-05-31,event,Enterprise,1,False,False,Pro,1225,14700,annual,False,True,False,642,200375,38,65,6.0,4.333333333333333,37.5,0.0,580,0-3mo,High,Medium-High,,2024-11-29,32,1.106896551724138,1.625,19.333333333333332,0.3103448275862069,23683.333333333332,0.6090225563909775,1
A-f19409,Company_105,DevTools,US,2023-03-16,other,Basic,23,False,True,Basic,665,7980,annual,False,False,False,659,209812,31,59,3.0,4.0,6.333333333333333,0.0,70,0-3mo,High,Medium-Low,2023-05-25,2024-12-27,4,9.414285714285715,1.475,2.3333333333333335,1.2857142857142856,1551.6666666666667,1.0030395136778116,1
A-22f2df,Company_106,DevTools,US,2024-12-14,ads,Basic,3,False,False,Basic,209,2508,annual,True,False,False,429,119127,17,39,5.0,5.0,44.8,0.0,17,0-3mo,Medium-Low,Low,,2024-12-09,22,25.235294117647058,0.975,0.5666666666666667,8.823529411764707,118.43333333333334,0.0,1
A-039727,Company_107,EdTech,AU,2024-11-02,organic,Pro,25,False,False,Enterprise,4975,59700,annual,True,True,False,768,249545,32,68,0.0,4.0,36.0,0.0,59,0-3mo,High,High,,2024-12-22,9,13.016949152542374,1.7,1.9666666666666666,0.0,9784.166666666666,0.047748976807639835,0
A-2e3bad,Company_108,FinTech,CA,2023-08-13,other,Pro,61,False,False,Basic,1159,13908,monthly,True,False,False,435,123738,26,40,5.0,3.5,31.4,0.0,506,6-12mo,Medium-Low,Medium-High,,2024-11-12,49,0.8596837944664032,1.0,16.866666666666667,0.2964426877470356,19548.466666666667,0.26453488372093026,1
A-484819,Company_109,HealthTech,US,2023-02-21,organic,Pro,18,False,False,Enterprise,3582,42984,monthly,True,True,False,336,116076,20,32,5.0,4.5,33.2,0.0,679,6-12mo,Low,High,,2024-12-21,10,0.4948453608247423,0.8,22.633333333333333,0.22091310751104565,81072.59999999999,0.7967914438502673,1
A-425e76,Company_110,DevTools,UK,2023-05-17,other,Enterprise,8,False,True,Enterprise,1791,21492,annual,True,False,False,438,136419,24,47,5.0,3.333333333333333,48.2,1.0,524,3-6mo,Medium-Low,Medium-High,2024-10-22,2024-12-21,10,0.8358778625954199,1.175,17.466666666666665,0.28625954198473286,31282.799999999996,0.7661290322580645,1
A-e83938,Company_111,DevTools,UK,2023-11-21,other,Pro,2,True,True,Basic,1026,12312,annual,False,False,False,266,87249,18,31,4.0,3.0,31.0,0.0,404,0-3mo,Low,Medium-High,2024-12-29,2024-12-15,16,0.6584158415841584,0.775,13.466666666666667,0.297029702970297,13816.8,0.33668341708542715,1
A-ad296b,Company_112,DevTools,AU,2024-07-15,event,Pro,38,False,False,Pro,1862,22344,annual,True,False,False,294,103805,12,30,3.0,3.6666666666666665,28.33333333333333,1.0,169,3-6mo,Low,Medium-High,,2024-12-14,17,1.7396449704142012,0.75,5.633333333333334,0.5325443786982248,10489.266666666668,0.13953488372093023,1
A-e51ec7,Company_113,FinTech,CA,2023-09-23,partner,Enterprise,2,False,False,Enterprise,1990,23880,monthly,True,False,False,417,126745,18,39,3.0,5.0,37.0,0.0,465,3-6mo,Medium-Low,Medium-High,,2024-12-05,26,0.896774193548387,0.975,15.5,0.1935483870967742,30845.0,0.2598187311178248,1
A-0aaf6e,Company_114,FinTech,US,2024-05-11,organic,Enterprise,3,False,False,Enterprise,3582,42984,monthly,True,False,False,599,172442,39,53,5.0,4.0,45.0,0.0,234,6-12mo,Medium-High,High,,2024-12-23,8,2.5598290598290596,1.325,7.8,0.6410256410256411,27939.6,0.2125506072874494,1
A-e61e98,Company_115,FinTech,US,2023-10-20,partner,Enterprise,19,False,True,Enterprise,6766,81192,annual,True,False,False,527,131994,25,54,6.0,4.6,30.33333333333333,1.0,365,6-12mo,Medium-High,High,2024-10-19,2024-12-27,4,1.4438356164383561,1.35,12.166666666666666,0.4931506849315069,82319.66666666666,0.7986348122866894,1
A-92a333,Company_116,FinTech,US,2023-03-24,event,Enterprise,9,False,False,Basic,171,2052,monthly,True,False,False,364,103645,30,35,4.0,4.0,23.25,1.0,648,1-2yr,Low,Low,,2024-12-20,11,0.5617283950617284,0.875,21.6,0.18518518518518517,3693.6000000000004,0.9361702127659575,1
A-95b24a,Company_117,FinTech,US,2023-06-06,event,Pro,38,False,True,Pro,0,0,annual,True,True,False,611,188856,34,60,5.0,4.25,21.2,0.0,574,1-2yr,Medium-High,Low,,2024-12-31,0,1.0644599303135889,1.5,19.133333333333333,0.2613240418118467,0.0,0.5953002610966057,1
A-42e5e1,Company_118,DevTools,US,2024-07-09,ads,Pro,1,False,True,Pro,490,5880,annual,False,False,False,411,116704,41,36,3.0,4.0,29.0,0.0,87,0-3mo,Medium-Low,Medium-Low,2024-10-04,2024-12-26,5,4.724137931034483,0.9,2.9,1.0344827586206897,1421.0,0.1643059490084986,1
A-7d514c,Company_119,HealthTech,DE,2024-02-03,organic,Enterprise,17,False,False,Enterprise,3383,40596,monthly,True,False,False,502,146707,30,46,3.0,5.0,33.333333333333336,0.0,332,6-12mo,Medium-High,High,,2024-12-11,20,1.5120481927710843,1.15,11.066666666666666,0.2710843373493976,37438.53333333333,0.16744186046511628,1
A-65aeb5,Company_120,DevTools,US,2024-01-25,partner,Pro,9,False,False,Basic,171,2052,annual,True,False,False,533,148034,40,48,2.0,5.0,42.5,0.0,341,0-3mo,Medium-High,Low,,2024-12-11,20,1.563049853372434,1.2,11.366666666666667,0.1759530791788856,1943.7,0.3095823095823096,1
A-e2cd1b,Company_121,DevTools,US,2024-02-04,other,Enterprise,15,False,False,Enterprise,3184,38208,annual,True,False,False,465,138043,18,48,5.0,4.0,37.8,0.0,331,6-12mo,Medium-Low,High,,2024-12-25,6,1.404833836858006,1.2,11.033333333333333,0.45317220543806647,35130.13333333333,0.2916666666666667,1
A-180abf,Company_122,DevTools,US,2023-08-14,event,Pro,64,False,True,Pro,3136,37632,monthly,True,True,False,499,136250,28,47,3.0,3.0,36.333333333333336,0.0,395,3-6mo,Medium-High,Medium-High,2024-09-12,2024-12-17,14,1.2632911392405064,1.175,13.166666666666666,0.2278481012658228,41290.666666666664,0.6045016077170418,1
A-f17767,Company_123,DevTools,US,2023-01-30,event,Enterprise,1,True,True,Pro,735,8820,annual,True,False,False,713,208977,38,66,3.0,4.0,36.333333333333336,1.0,93,3-6mo,High,Medium-Low,2023-05-03,2024-12-25,6,7.666666666666667,1.65,3.1,0.9677419354838709,2278.5,0.9322493224932249,1
A-5a184f,Company_124,DevTools,DE,2023-06-19,other,Enterprise,1,False,True,Basic,684,8208,annual,True,False,False,587,175629,29,52,3.0,4.333333333333333,15.333333333333334,0.0,450,6-12mo,Medium-High,Medium-Low,2024-09-11,2024-12-10,21,1.3044444444444445,1.3,15.0,0.2,10260.0,0.9566666666666667,1
A-7df7a7,Company_125,DevTools,US,2023-01-28,organic,Basic,7,False,True,Enterprise,5970,71640,annual,True,False,False,922,256811,47,81,3.0,4.0,28.0,1.0,529,1-2yr,High,High,2024-07-10,2024-12-19,12,1.7429111531190926,2.025,17.633333333333333,0.17013232514177695,105271.0,0.8626262626262626,1
A-1ac5e0,Company_126,DevTools,US,2024-10-20,event,Basic,33,False,True,Enterprise,0,0,monthly,False,False,False,558,167904,31,52,7.0,3.8,40.42857142857143,0.0,72,0-3mo,Medium-High,Low,,2024-12-11,20,7.75,1.3,2.4,2.916666666666667,0.0,0.012704174228675136,1
A-52dd88,Company_127,Cybersecurity,US,2023-02-21,ads,Pro,23,False,False,Pro,1470,17640,annual,True,False,False,516,180823,33,48,1.0,4.0,72.0,0.0,679,1-2yr,Medium-High,Medium-High,,2024-11-22,39,0.759941089837997,1.2,22.633333333333333,0.044182621502209134,33271.0,0.7671232876712328,1
A-bece89,Company_128,Cybersecurity,IN,2023-12-01,event,Pro,26,False,False,Pro,1862,22344,annual,True,False,False,176,48112,13,19,4.0,4.0,32.5,1.0,396,6-12mo,Low,Medium-High,,2024-12-28,3,0.4444444444444444,0.475,13.2,0.30303030303030304,24578.399999999998,0.543859649122807,1
A-029f69,Company_129,Cybersecurity,CA,2024-03-07,event,Basic,3,False,False,Basic,646,7752,annual,True,False,False,789,241275,42,80,2.0,3.0,42.0,0.0,299,6-12mo,High,Medium-Low,,2024-12-31,0,2.6387959866220734,2.0,9.966666666666667,0.20066889632107024,6438.466666666667,0.18646616541353384,1
A-5c046d,Company_130,EdTech,FR,2024-07-06,partner,Basic,93,False,False,Enterprise,18507,222084,annual,True,False,False,475,127926,23,45,1.0,3.0,13.0,0.0,178,3-6mo,Medium-Low,High,,2024-12-17,14,2.668539325842697,1.125,5.933333333333334,0.16853932584269662,109808.20000000001,0.09699769053117784,1
A-fb186e,Company_131,EdTech,IN,2024-10-27,organic,Basic,29,False,False,Enterprise,0,0,annual,True,False,False,207,72170,7,16,6.0,3.6666666666666665,26.166666666666668,0.0,65,0-3mo,Low,Low,,2024-10-28,64,3.1846153846153844,0.4,2.1666666666666665,2.7692307692307696,0.0,0.0,1
A-ae052e,Company_132,FinTech,CA,2023-09-11,other,Basic,39,False,False,Basic,0,0,annual,True,False,False,300,88383,12,28,4.0,4.0,31.25,0.0,477,1-2yr,Low,Low,,2024-12-01,30,0.6289308176100629,0.7,15.9,0.25157232704402516,0.0,0.2396694214876033,1
A-9f9299,Company_133,FinTech,US,2023-09-02,organic,Enterprise,28,True,False,Pro,1372,16464,annual,True,False,False,830,258465,54,78,5.0,5.0,36.2,0.0,486,6-12mo,High,Medium-High,,2024-12-26,5,1.7078189300411524,1.95,16.2,0.308641975308642,22226.399999999998,0.9036697247706422,1
A-96e141,Company_134,DevTools,UK,2023-08-12,partner,Basic,14,False,False,Enterprise,4975,59700,monthly,True,False,False,346,81587,19,35,5.0,4.333333333333333,32.8,0.0,507,6-12mo,Low,High,,2024-12-17,14,0.6824457593688363,0.875,16.9,0.2958579881656805,84077.5,0.9885057471264368,1
A-117171,Company_135,HealthTech,FR,2024-09-12,organic,Basic,45,False,True,Pro,2205,26460,annual,True,False,False,208,59864,11,19,6.0,3.6666666666666665,32.5,1.0,63,0-3mo,Low,Medium-High,2024-11-14,2024-12-11,20,3.3015873015873014,0.475,2.1,2.857142857142857,4630.5,0.03482587064676617,1
A-313be3,Company_136,EdTech,US,2023-11-15,partner,Enterprise,47,True,False,Pro,2303,27636,monthly,True,False,False,560,164545,40,54,4.0,5.0,22.5,1.0,412,3-6mo,Medium-High,Medium-High,,2024-12-19,12,1.3592233009708738,1.35,13.733333333333333,0.29126213592233013,31627.866666666665,0.42493638676844786,1
A-671f31,Company_137,DevTools,US,2024-11-24,ads,Basic,59,False,False,Enterprise,0,0,annual,True,False,True,167,43449,16,17,7.0,4.2,33.0,0.0,37,0-3mo,Low,Low,,2024-12-25,6,4.513513513513513,0.425,1.2333333333333334,5.675675675675675,0.0,0.04375,1
A-bbc346,Company_138,FinTech,US,2024-08-29,partner,Enterprise,19,False,False,Pro,0,0,annual,True,False,True,650,179376,37,59,3.0,4.5,45.333333333333336,0.0,124,0-3mo,High,Low,,2024-12-23,8,5.241935483870968,1.475,4.133333333333334,0.7258064516129031,0.0,0.03668261562998405,1
A-c16101,Company_139,EdTech,IN,2024-09-06,other,Basic,7,False,False,Pro,343,4116,monthly,True,False,False,561,185984,29,53,4.0,5.0,28.0,1.0,116,0-3mo,Medium-High,Medium-Low,,2024-12-20,11,4.836206896551724,1.325,3.8666666666666667,1.0344827586206897,1326.2666666666667,0.11752988047808766,1
A-50f3f7,Company_140,HealthTech,US,2023-12-22,partner,Basic,31,False,True,Enterprise,6169,74028,annual,True,False,False,685,206893,45,68,6.0,5.0,37.833333333333336,1.0,375,1-2yr,High,High,,2024-12-28,3,1.8266666666666667,1.7,12.5,0.48,77112.5,0.4094650205761317,1
A-7da956,Company_141,Cybersecurity,US,2024-06-02,event,Pro,13,True,False,Enterprise,2985,35820,monthly,True,False,True,543,150431,35,47,3.0,5.0,32.666666666666664,0.0,212,6-12mo,Medium-High,Medium-High,,2024-12-22,9,2.561320754716981,1.175,7.066666666666666,0.42452830188679247,21094.0,0.1960352422907489,1
A-019782,Company_142,DevTools,FR,2023-04-19,event,Enterprise,11,False,False,Enterprise,0,0,annual,False,False,False,562,160848,30,50,2.0,3.0,10.0,0.0,622,1-2yr,Medium-High,Low,,2024-12-20,11,0.9035369774919614,1.25,20.733333333333334,0.09646302250803858,0.0,0.9446366782006921,1
A-df10db,Company_143,DevTools,US,2023-06-06,other,Enterprise,2,True,False,Enterprise,2388,28656,monthly,True,False,False,697,214976,40,57,2.0,3.0,68.5,1.0,574,1-2yr,High,Medium-High,,2024-12-24,7,1.2142857142857142,1.425,19.133333333333333,0.10452961672473868,45690.4,0.7083333333333334,1
A-3932db,Company_144,HealthTech,CA,2023-10-04,other,Pro,19,True,True,Enterprise,0,0,monthly,True,False,False,434,134963,28,44,6.0,4.333333333333333,41.0,0.0,454,1-2yr,Medium-Low,Low,,2024-12-21,10,0.9559471365638766,1.1,15.133333333333333,0.39647577092511016,0.0,0.8389830508474576,1
A-4f18f0,Company_145,DevTools,CA,2024-04-21,other,Pro,24,True,False,Basic,456,5472,monthly,True,False,False,544,168051,25,55,5.0,4.0,39.2,0.0,254,6-12mo,Medium-High,Medium-Low,,2024-12-22,9,2.141732283464567,1.375,8.466666666666667,0.5905511811023622,3860.8,0.14526315789473684,1
A-4c6f11,Company_146,FinTech,CA,2023-11-27,organic,Pro,24,True,True,Basic,456,5472,monthly,True,False,False,268,84855,4,23,3.0,4.333333333333333,44.66666666666666,0.0,326,6-12mo,Low,Medium-Low,2024-10-18,2024-12-23,8,0.8220858895705522,0.575,10.866666666666667,0.2760736196319018,4955.2,0.4486486486486487,1
A-8ae05d,Company_147,FinTech,IN,2024-04-06,other,Enterprise,86,False,False,Enterprise,0,0,monthly,True,False,False,203,77446,10,19,1.0,4.0,47.0,0.0,269,3-6mo,Low,Low,,2024-12-24,7,0.7546468401486989,0.475,8.966666666666667,0.11152416356877323,0.0,0.4,1
A-b78bf8,Company_148,DevTools,US,2024-11-15,event,Pro,33,False,False,Pro,1617,19404,monthly,True,False,False,421,123802,11,39,5.0,4.2,24.2,0.0,46,0-3mo,Medium-Low,Medium-High,,2024-12-06,25,9.152173913043478,0.975,1.5333333333333334,3.260869565217391,2479.4,0.0,1
A-eafc6e,Company_149,DevTools,US,2023-07-06,partner,Pro,27,False,True,Basic,0,0,monthly,True,False,False,300,90218,15,30,1.0,4.0,64.0,0.0,525,0-3mo,Low,Low,2024-12-12,2024-11-30,31,0.5714285714285714,0.75,17.5,0.05714285714285714,0.0,0.2875536480686695,1
A-37f969,Company_150,HealthTech,IN,2023-10-14,partner,Enterprise,30,False,False,Enterprise,5970,71640,annual,True,True,False,312,107852,14,31,5.0,3.6666666666666665,22.2,1.0,444,6-12mo,Low,High,,2024-12-25,6,0.7027027027027027,0.775,14.8,0.33783783783783783,88356.0,0.3448275862068966,1
A-10b8f2,Company_151,HealthTech,DE,2023-01-11,organic,Basic,47,True,False,Pro,2352,28224,annual,True,False,False,560,173183,23,53,3.0,4.333333333333333,46.333333333333336,0.0,720,1-2yr,Medium-High,Medium-High,,2024-12-26,5,0.7777777777777778,1.325,24.0,0.125,56448.0,1.1538461538461537,1
A-439b2f,Company_152,DevTools,US,2024-02-21,ads,Enterprise,1,False,True,Pro,1274,15288,monthly,True,True,False,171,54271,5,17,3.0,4.0,18.33333333333333,0.0,271,6-12mo,Low,Medium-High,2024-11-18,2024-12-29,2,0.6309963099630996,0.425,9.033333333333333,0.33210332103321033,11508.466666666667,0.20422535211267606,1
A-544d0a,Company_153,DevTools,US,2024-05-02,organic,Basic,2,True,False,Enterprise,398,4776,annual,False,True,False,510,152826,22,42,2.0,4.0,38.5,1.0,243,6-12mo,Medium-High,Medium-Low,,2024-12-18,13,2.0987654320987654,1.05,8.1,0.2469135802469136,3223.7999999999997,0.275,1
A-ba6516,Company_154,FinTech,US,2023-10-29,ads,Pro,27,False,False,Enterprise,5373,64476,annual,True,False,False,642,213554,32,57,6.0,4.0,31.5,0.0,429,3-6mo,High,High,,2024-12-19,12,1.4965034965034965,1.425,14.3,0.4195804195804196,76833.90000000001,0.5,1
A-712426,Company_155,HealthTech,US,2024-11-10,other,Enterprise,9,False,False,Enterprise,0,0,annual,True,False,False,696,214681,31,63,6.0,4.4,37.333333333333336,0.0,51,0-3mo,High,Low,,2024-12-27,4,13.647058823529411,1.575,1.7,3.5294117647058822,0.0,0.017543859649122806,1
A-038089,Company_156,DevTools,FR,2023-12-19,other,Pro,5,False,True,Basic,95,1140,annual,True,False,False,210,63673,15,18,6.0,3.6666666666666665,30.166666666666668,0.0,372,1-2yr,Low,Low,2024-12-25,2024-11-28,33,0.5645161290322581,0.45,12.4,0.48387096774193544,1178.0,0.25,1
A-afa505,Company_157,DevTools,US,2023-12-27,partner,Basic,70,True,False,Enterprise,13930,167160,monthly,False,True,False,507,162673,28,50,4.0,3.0,37.25,1.0,370,0-3mo,Medium-High,High,,2024-12-30,1,1.3702702702702703,1.25,12.333333333333334,0.3243243243243243,171803.33333333334,0.37771739130434784,1
A-d5a319,Company_158,FinTech,US,2023-05-04,other,Enterprise,15,False,True,Enterprise,2985,35820,annual,True,False,False,604,212655,43,55,1.0,4.0,17.0,1.0,607,1-2yr,Medium-High,Medium-High,,2024-12-20,11,0.9950576606260296,1.375,20.233333333333334,0.049423393739703454,60396.5,0.5688311688311688,1
A-f97b9a,Company_159,FinTech,US,2023-07-09,event,Pro,16,False,False,Pro,784,9408,annual,True,False,False,561,173241,33,51,7.0,3.6666666666666665,31.714285714285715,0.0,541,1-2yr,Medium-High,Medium-Low,,2024-12-29,2,1.0369685767097967,1.275,18.033333333333335,0.38817005545286504,14138.133333333335,0.6308139534883721,1
A-2f6a32,Company_160,HealthTech,US,2024-08-26,organic,Basic,19,False,False,Basic,361,4332,annual,True,False,False,654,207283,46,64,2.0,3.5,41.0,0.0,127,3-6mo,High,Medium-Low,,2024-12-27,4,5.149606299212598,1.6,4.233333333333333,0.47244094488188976,1528.2333333333333,0.08099173553719008,1
A-856b1e,Company_161,FinTech,US,2023-10-31,partner,Basic,19,False,False,Basic,0,0,monthly,True,False,False,230,63418,24,22,5.0,4.0,36.0,1.0,427,1-2yr,Low,Low,,2024-12-07,24,0.5386416861826698,0.55,14.233333333333333,0.351288056206089,0.0,0.7692307692307693,1
A-17939a,Company_162,HealthTech,US,2024-12-26,organic,Basic,1,False,False,Basic,266,3192,annual,True,False,False,440,121725,43,46,7.0,4.5,38.0,0.0,5,0-3mo,Medium-Low,Low,,2024-12-04,27,88.0,1.15,0.16666666666666666,42.0,44.33333333333333,0.0,1
A-d27f50,Company_163,Cybersecurity,UK,2024-07-20,ads,Enterprise,44,False,False,Basic,836,10032,annual,False,False,False,481,170101,31,49,4.0,3.75,37.5,0.0,164,3-6mo,Medium-Low,Medium-Low,,2024-12-19,12,2.932926829268293,1.225,5.466666666666667,0.7317073170731707,4570.133333333333,0.13443396226415094,1
A-e36807,Company_164,EdTech,AU,2024-05-17,other,Pro,6,False,False,Enterprise,1791,21492,monthly,True,False,False,446,140849,27,47,2.0,4.5,41.0,0.0,228,6-12mo,Medium-Low,Medium-High,,2024-12-29,2,1.956140350877193,1.175,7.6,0.2631578947368421,13611.599999999999,0.2706552706552707,1
A-ff79f2,Company_165,DevTools,US,2024-04-25,ads,Basic,8,False,True,Enterprise,3781,45372,annual,True,False,False,393,133848,12,39,2.0,4.0,50.0,0.0,250,6-12mo,Medium-Low,High,,2024-11-22,39,1.572,0.975,8.333333333333334,0.24,31508.333333333336,0.1945288753799392,1
A-5b1bcd,Company_166,DevTools,US,2023-09-16,organic,Pro,73,False,False,Pro,3577,42924,annual,False,True,False,869,251284,54,79,4.0,4.5,43.25,0.0,472,6-12mo,High,High,,2024-12-31,0,1.8411016949152543,1.975,15.733333333333333,0.2542372881355932,56278.13333333333,0.49312714776632305,1
A-71615e,Company_167,EdTech,US,2024-05-18,organic,Basic,15,False,False,Pro,735,8820,annual,True,False,False,620,194799,41,60,1.0,4.0,49.0,0.0,227,0-3mo,High,Medium-Low,,2024-12-22,9,2.7312775330396475,1.5,7.566666666666666,0.13215859030837004,5561.5,0.23015873015873015,1
A-794a0b,Company_168,HealthTech,DE,2023-06-02,organic,Basic,23,False,False,Enterprise,6169,74028,monthly,True,False,False,347,94200,31,37,0.0,4.0,36.0,0.0,578,1-2yr,Low,High,,2024-12-20,11,0.6003460207612457,0.925,19.266666666666666,0.0,118856.06666666667,1.4609929078014185,0
A-86902e,Company_169,HealthTech,IN,2023-05-02,other,Enterprise,34,False,False,Enterprise,6766,81192,annual,True,False,False,628,202329,36,61,9.0,3.5,40.888888888888886,0.0,609,1-2yr,High,High,,2024-12-12,19,1.0311986863711002,1.525,20.3,0.44334975369458124,137349.80000000002,0.7740112994350282,1
A-0532a9,Company_170,FinTech,IN,2024-09-25,event,Pro,19,False,False,Pro,931,11172,annual,False,True,False,519,157792,30,52,8.0,3.0,30.75,0.0,97,0-3mo,Medium-High,Medium-Low,,2024-12-25,6,5.350515463917525,1.3,3.2333333333333334,2.4742268041237114,3010.2333333333336,0.08125,1
A-9779ad,Company_171,Cybersecurity,AU,2024-03-29,event,Pro,40,True,True,Enterprise,7960,95520,monthly,False,False,False,413,109079,25,41,3.0,5.0,20.666666666666668,0.0,135,0-3mo,Medium-Low,High,2024-08-11,2024-12-20,11,3.0592592592592593,1.025,4.5,0.6666666666666666,35820.0,0.2515151515151515,1
A-f45426,Company_172,HealthTech,US,2024-08-05,organic,Basic,9,False,False,Pro,441,5292,monthly,False,False,False,624,191651,49,58,3.0,4.0,17.0,0.0,148,3-6mo,High,Medium-Low,,2024-12-26,5,4.216216216216216,1.45,4.933333333333334,0.6081081081081081,2175.6,0.19540229885057472,1
A-c1e51e,Company_173,FinTech,US,2024-10-02,organic,Basic,3,False,False,Basic,779,9348,annual,True,False,False,518,152228,36,47,5.0,3.2,40.0,0.0,90,0-3mo,Medium-High,Medium-Low,,2024-12-25,6,5.7555555555555555,1.175,3.0,1.6666666666666667,2337.0,0.046464646464646465,1
A-fa3095,Company_174,FinTech,US,2023-09-03,ads,Basic,70,False,False,Basic,1330,15960,annual,True,False,False,600,202100,42,56,5.0,5.0,49.2,0.0,485,3-6mo,Medium-High,Medium-High,,2024-12-15,16,1.2371134020618557,1.4,16.166666666666668,0.3092783505154639,21501.666666666668,0.5228426395939086,1
A-ad64c6,Company_175,DevTools,UK,2024-02-23,event,Pro,12,False,False,Enterprise,5572,66864,annual,True,False,False,215,79605,18,17,4.0,5.0,34.0,0.0,312,3-6mo,Low,High,,2024-11-11,50,0.6891025641025641,0.425,10.4,0.3846153846153846,57948.8,0.15591397849462366,1
A-39b19f,Company_176,FinTech,US,2023-02-03,partner,Enterprise,1,False,False,Basic,247,2964,monthly,True,False,False,530,135061,37,51,6.0,4.25,47.833333333333336,1.0,697,0-3mo,Medium-High,Low,,2024-10-14,78,0.7604017216642754,1.275,23.233333333333334,0.2582496413199426,5738.633333333333,0.5915915915915916,1
A-56962b,Company_177,EdTech,UK,2024-04-09,partner,Enterprise,163,False,False,Enterprise,32437,389244,monthly,True,False,False,271,81944,25,28,4.0,3.0,37.5,0.0,266,3-6mo,Low,High,,2024-11-20,41,1.018796992481203,0.7,8.866666666666667,0.45112781954887216,287608.0666666667,0.3826530612244898,1
A-e60f9d,Company_178,FinTech,US,2024-08-26,other,Basic,29,False,False,Basic,722,8664,annual,True,False,False,629,158587,24,57,2.0,4.0,70.5,0.0,127,3-6mo,High,Medium-Low,,2024-10-29,63,4.952755905511811,1.425,4.233333333333333,0.47244094488188976,3056.4666666666667,0.021103896103896104,1
A-88c6ca,Company_179,FinTech,DE,2024-10-25,ads,Basic,5,False,True,Pro,1127,13524,annual,True,False,False,446,130195,19,39,1.0,4.0,56.0,0.0,67,0-3mo,Medium-Low,Medium-High,,2024-12-27,4,6.656716417910448,0.975,2.2333333333333334,0.44776119402985076,2516.9666666666667,0.09046454767726161,1
A-158f4e,Company_180,FinTech,IN,2023-03-03,other,Enterprise,61,False,False,Enterprise,12139,145668,monthly,True,False,False,453,124458,29,48,5.0,4.333333333333333,27.6,0.0,669,0-3mo,Medium-Low,High,,2024-11-22,39,0.6771300448430493,1.2,22.3,0.22421524663677128,270699.7,0.5252525252525253,1
A-5b051a,Company_181,Cybersecurity,US,2024-08-05,event,Enterprise,22,False,False,Pro,1078,12936,monthly,True,False,False,171,44864,17,15,1.0,3.0,2.0,0.0,148,3-6mo,Low,Medium-High,,2024-12-07,24,1.1554054054054055,0.375,4.933333333333334,0.2027027027027027,5318.133333333333,0.4016393442622951,1
A-296d7c,Company_182,DevTools,DE,2023-11-08,other,Enterprise,2,False,False,Pro,294,3528,annual,True,False,False,357,124753,18,31,5.0,3.75,50.4,0.0,419,6-12mo,Low,Low,,2024-11-26,35,0.8520286396181385,0.775,13.966666666666667,0.35799522673031026,4106.2,0.3730769230769231,1
A-1619f8,Company_183,DevTools,US,2024-05-20,organic,Pro,29,False,False,Basic,551,6612,monthly,True,False,False,432,142787,26,38,3.0,5.0,42.0,0.0,225,0-3mo,Medium-Low,Medium-Low,,2024-12-07,24,1.92,0.95,7.5,0.4,4132.5,0.16756756756756758,1
A-a1b80b,Company_184,HealthTech,US,2023-11-27,organic,Basic,16,False,False,Pro,0,0,annual,True,False,False,749,222610,48,66,4.0,4.0,41.0,0.0,400,6-12mo,High,Low,,2024-12-27,4,1.8725,1.65,13.333333333333334,0.3,0.0,0.5161943319838057,1
A-139c3b,Company_185,HealthTech,US,2024-11-21,organic,Enterprise,10,True,True,Basic,0,0,annual,True,False,False,478,150601,16,39,9.0,4.5,28.444444444444443,0.0,40,0-3mo,Medium-Low,Low,,2024-12-29,2,11.95,0.975,1.3333333333333333,6.75,0.0,0.06696428571428571,1
A-702032,Company_186,HealthTech,US,2023-10-03,ads,Pro,28,False,False,Pro,1372,16464,annual,True,False,False,285,91776,15,24,4.0,3.0,26.0,0.0,455,6-12mo,Low,Medium-High,,2024-12-02,29,0.6263736263736264,0.6,15.166666666666666,0.26373626373626374,20808.666666666664,0.41089108910891087,1
A-7a0d69,Company_187,DevTools,DE,2024-06-15,ads,Enterprise,4,True,True,Enterprise,3184,38208,monthly,True,False,False,606,179167,31,57,2.0,5.0,29.0,0.0,197,0-3mo,Medium-High,High,2024-12-29,2024-12-23,8,3.0761421319796955,1.425,6.566666666666666,0.30456852791878175,20908.266666666666,0.1744186046511628,1
A-22d9d2,Company_188,DevTools,FR,2024-03-22,event,Pro,8,False,False,Pro,1568,18816,monthly,True,False,True,782,239679,43,69,6.0,4.0,16.0,1.0,284,6-12mo,High,Medium-High,,2024-12-20,11,2.7535211267605635,1.725,9.466666666666667,0.6338028169014085,14843.733333333334,0.26742301458670986,1
A-b9eed8,Company_189,Cybersecurity,US,2024-02-23,organic,Basic,11,False,False,Basic,342,4104,monthly,True,False,False,623,168474,55,58,5.0,3.75,29.2,1.0,312,0-3mo,High,Medium-Low,,2024-12-30,1,1.9967948717948718,1.45,10.4,0.4807692307692307,3556.8,0.31157894736842107,1
A-dfbd31,Company_190,DevTools,UK,2023-12-04,partner,Enterprise,14,False,False,Basic,266,3192,monthly,True,False,False,599,182273,19,52,6.0,4.25,29.666666666666668,0.0,393,1-2yr,Medium-High,Low,,2024-12-14,17,1.5241730279898218,1.3,13.1,0.4580152671755725,3484.6,0.36446469248291574,1
A-8e47ca,Company_191,HealthTech,US,2024-02-15,organic,Pro,19,False,False,Enterprise,4975,59700,monthly,True,False,False,441,133497,35,42,5.0,4.0,33.4,1.0,320,3-6mo,Medium-Low,High,,2024-12-04,27,1.378125,1.05,10.666666666666666,0.46875,53066.666666666664,0.2782608695652174,1
A-4437e4,Company_192,Cybersecurity,US,2023-09-16,event,Enterprise,3,False,False,Basic,171,2052,annual,True,False,False,806,260271,43,78,6.0,3.0,34.666666666666664,2.0,472,6-12mo,High,Low,,2024-12-10,21,1.7076271186440677,1.95,15.733333333333333,0.38135593220338987,2690.3999999999996,0.47619047619047616,1
A-779e4e,Company_193,HealthTech,US,2023-01-02,organic,Basic,5,False,False,Basic,1862,22344,annual,True,False,False,393,111038,20,42,5.0,4.0,26.6,0.0,729,1-2yr,Medium-Low,Medium-High,,2024-12-20,11,0.5390946502057613,1.05,24.3,0.205761316872428,45246.6,0.827906976744186,1
A-53f4e3,Company_194,Cybersecurity,UK,2024-06-14,event,Enterprise,13,False,False,Pro,1421,17052,monthly,True,False,False,410,127529,45,42,5.0,4.0,28.6,0.0,200,3-6mo,Medium-Low,Medium-High,,2024-12-20,11,2.05,1.05,6.666666666666667,0.75,9473.333333333334,0.18497109826589594,1
A-692f18,Company_195,EdTech,US,2024-03-28,other,Basic,5,True,True,Enterprise,5572,66864,annual,True,False,False,871,261911,55,82,2.0,5.0,37.5,0.0,270,6-12mo,High,High,2024-12-23,2024-12-23,8,3.225925925925926,2.05,9.0,0.2222222222222222,50148.0,0.2013793103448276,1
A-13466a,Company_196,DevTools,AU,2023-10-22,event,Basic,2,False,True,Basic,171,2052,annual,True,False,False,205,57539,14,21,3.0,4.333333333333333,32.333333333333336,1.0,179,3-6mo,Low,Low,2024-04-18,2024-12-19,12,1.1452513966480447,0.525,5.966666666666667,0.5027932960893855,1020.3000000000001,0.41379310344827586,1
A-1986ca,Company_197,HealthTech,IN,2023-01-30,ads,Pro,20,False,False,Enterprise,3980,47760,monthly,False,False,False,362,102382,23,34,7.0,3.4,36.57142857142857,0.0,701,1-2yr,Low,High,,2024-11-23,38,0.5164051355206848,0.85,23.366666666666667,0.29957203994293863,92999.33333333333,0.9567567567567568,1
A-0cc442,Company_198,EdTech,US,2024-07-18,organic,Basic,45,False,False,Enterprise,8955,107460,annual,True,False,False,765,230759,41,74,3.0,3.0,37.0,0.0,166,3-6mo,High,High,,2024-12-20,11,4.608433734939759,1.85,5.533333333333333,0.5421686746987951,49551.0,0.1151603498542274,1
A-c608c8,Company_199,DevTools,DE,2023-04-27,ads,Pro,3,False,True,Pro,1029,12348,annual,True,False,False,445,144345,27,43,2.0,3.0,59.0,0.0,404,1-2yr,Medium-Low,Medium-High,2024-06-04,2024-12-31,0,1.1014851485148516,1.075,13.466666666666667,0.1485148514851485,13857.2,0.8016194331983806,1
A-3be56b,Company_200,HealthTech,IN,2023-10-26,event,Pro,3,False,True,Basic,380,4560,annual,False,False,False,528,169908,33,51,4.0,3.5,40.25,0.0,238,6-12mo,Medium-High,Medium-Low,2024-06-20,2024-12-29,2,2.2184873949579833,1.275,7.933333333333334,0.5042016806722689,3014.666666666667,0.42318059299191374,1
A-354f12,Company_201,FinTech,US,2024-04-28,ads,Pro,1,True,False,Basic,133,1596,monthly,True,False,False,158,48510,3,15,2.0,4.0,56.5,0.0,247,3-6mo,Low,Low,,2024-12-16,15,0.6396761133603239,0.375,8.233333333333333,0.24291497975708504,1095.0333333333333,0.7362637362637363,1
A-68f37c,Company_202,HealthTech,US,2023-07-15,ads,Basic,4,False,False,Enterprise,796,9552,monthly,True,True,False,624,202756,40,59,5.0,4.0,20.2,0.0,535,6-12mo,High,Medium-Low,,2024-12-16,15,1.1663551401869159,1.475,17.833333333333332,0.28037383177570097,14195.333333333332,0.6421052631578947,1
A-aa9511,Company_203,DevTools,US,2023-10-10,other,Pro,23,True,False,Enterprise,5970,71640,monthly,False,False,False,625,189526,35,61,2.0,4.0,56.5,0.0,448,0-3mo,High,High,,2024-12-31,0,1.3950892857142858,1.525,14.933333333333334,0.13392857142857142,89152.0,0.4044943820224719,1
A-af0cd2,Company_204,Cybersecurity,IN,2023-01-03,other,Enterprise,19,True,False,Basic,1083,12996,annual,True,False,False,687,225366,33,61,3.0,4.0,54.333333333333336,0.0,728,6-12mo,High,Medium-High,,2024-12-19,12,0.9436813186813187,1.525,24.266666666666666,0.12362637362637363,26280.8,0.8418230563002681,1
A-bd4513,Company_205,DevTools,AU,2024-11-06,event,Enterprise,50,True,False,Basic,950,11400,annual,True,False,False,507,157547,34,49,3.0,4.666666666666667,42.0,0.0,55,0-3mo,Medium-High,Medium-Low,,2024-12-29,2,9.218181818181819,1.225,1.8333333333333333,1.6363636363636365,1741.6666666666665,0.0389344262295082,1
A-c222ab,Company_206,Cybersecurity,US,2024-05-10,other,Pro,32,False,True,Pro,1568,18816,monthly,True,False,False,435,133441,33,42,4.0,5.0,39.0,0.0,148,0-3mo,Medium-Low,Medium-High,2024-10-05,2024-12-29,2,2.939189189189189,1.05,4.933333333333334,0.8108108108108107,7735.466666666667,0.2831858407079646,1
A-34d880,Company_207,Cybersecurity,AU,2024-04-11,ads,Enterprise,4,False,False,Enterprise,995,11940,monthly,True,False,False,474,144424,40,44,5.0,3.0,52.2,0.0,264,6-12mo,Medium-Low,Medium-High,,2024-12-13,18,1.7954545454545454,1.1,8.8,0.5681818181818181,8756.0,0.20918367346938777,1
A-508199,Company_208,FinTech,AU,2024-01-28,event,Basic,19,False,False,Enterprise,0,0,monthly,True,False,False,231,80389,15,21,3.0,3.0,50.66666666666666,0.0,338,6-12mo,Low,Low,,2024-11-23,38,0.6834319526627219,0.525,11.266666666666667,0.2662721893491124,0.0,0.5821917808219178,1
A-f03140,Company_209,DevTools,IN,2023-11-22,event,Pro,27,True,False,Pro,0,0,annual,True,False,False,595,196965,22,55,7.0,3.6666666666666665,36.0,0.0,405,6-12mo,Medium-High,Low,,2024-12-30,1,1.4691358024691359,1.375,13.5,0.5185185185185185,0.0,0.3431151241534989,1
A-410e86,Company_210,FinTech,US,2024-11-10,organic,Basic,24,False,False,Enterprise,4776,57312,monthly,False,False,False,292,107443,21,27,5.0,3.5,42.6,0.0,51,0-3mo,Low,High,,2024-12-27,4,5.7254901960784315,0.675,1.7,2.9411764705882355,8119.2,0.03914590747330961,1
A-fa2041,Company_211,HealthTech,US,2024-05-29,organic,Pro,15,True,False,Pro,0,0,annual,True,False,False,552,157263,34,55,1.0,3.0,16.0,0.0,216,0-3mo,Medium-High,Low,,2024-12-26,5,2.5555555555555554,1.375,7.2,0.1388888888888889,0.0,0.21052631578947367,1
A-de58ca,Company_212,HealthTech,DE,2023-04-13,organic,Enterprise,15,False,False,Enterprise,7164,85968,annual,True,False,False,505,141942,33,47,5.0,3.333333333333333,30.6,0.0,628,1-2yr,Medium-High,High,,2024-12-21,10,0.804140127388535,1.175,20.933333333333334,0.23885350318471338,149966.4,0.3797814207650273,1
A-05d3b3,Company_213,DevTools,AU,2023-05-28,ads,Basic,9,True,False,Enterprise,3781,45372,annual,True,False,False,642,193363,22,61,6.0,4.333333333333333,31.5,0.0,583,6-12mo,High,High,,2024-12-18,13,1.1012006861063466,1.525,19.433333333333334,0.30874785591766724,73477.43333333333,0.7351351351351352,1
A-249769,Company_214,Cybersecurity,US,2024-04-25,event,Enterprise,4,False,True,Basic,133,1596,annual,True,False,False,678,193777,30,65,2.0,4.0,39.5,0.0,235,6-12mo,High,Low,2024-12-16,2024-12-30,1,2.8851063829787233,1.625,7.833333333333333,0.25531914893617025,1041.8333333333333,0.2889733840304182,1
A-e43bf7,Company_215,Cybersecurity,AU,2023-03-24,other,Pro,44,False,False,Enterprise,8756,105072,annual,True,False,False,371,103455,35,39,5.0,4.0,27.4,1.0,648,3-6mo,Low,High,,2024-12-08,23,0.5725308641975309,0.975,21.6,0.23148148148148145,189129.6,0.5330578512396694,1
A-eb2fdc,Company_216,DevTools,AU,2023-11-21,organic,Enterprise,31,False,True,Basic,589,7068,annual,True,False,False,547,174663,17,52,5.0,4.5,33.6,0.0,187,6-12mo,Medium-High,Medium-Low,2024-05-26,2024-11-29,32,2.9251336898395723,1.3,6.233333333333333,0.8021390374331551,3671.4333333333334,0.4356955380577428,1
A-e1462e,Company_217,FinTech,UK,2023-03-12,partner,Basic,15,False,False,Basic,285,3420,annual,False,False,False,347,98097,22,34,2.0,3.5,39.5,0.0,660,1-2yr,Low,Low,,2024-11-10,51,0.5257575757575758,0.85,22.0,0.09090909090909091,6270.0,1.1288343558282208,1
A-cab532,Company_218,DevTools,FR,2023-04-03,organic,Pro,11,True,False,Pro,1715,20580,annual,True,False,False,1005,273639,47,91,1.0,4.0,32.0,0.0,638,1-2yr,High,Medium-High,,2024-12-30,1,1.5752351097178683,2.275,21.266666666666666,0.047021943573667714,36472.33333333333,0.7914438502673797,1
A-9123ac,Company_219,Cybersecurity,DE,2023-06-20,organic,Pro,9,False,False,Enterprise,3582,42984,annual,True,False,False,386,120014,24,36,6.0,4.2,38.833333333333336,0.0,560,1-2yr,Medium-Low,High,,2024-12-19,12,0.6892857142857143,0.9,18.666666666666668,0.3214285714285714,66864.0,0.4349442379182156,1
A-6e08f3,Company_220,Cybersecurity,US,2023-02-27,event,Basic,8,False,False,Basic,247,2964,annual,True,False,False,492,149078,21,43,2.0,3.5,36.5,0.0,673,6-12mo,Medium-Low,Low,,2024-12-28,3,0.7310549777117384,1.075,22.433333333333334,0.08915304606240713,5541.033333333334,0.8426966292134831,1
A-d922bf,Company_221,HealthTech,US,2023-09-08,ads,Basic,5,True,True,Enterprise,1791,21492,annual,True,False,False,419,134119,19,36,7.0,3.333333333333333,39.142857142857146,1.0,455,1-2yr,Medium-Low,Medium-High,2024-12-06,2024-12-21,10,0.9208791208791208,0.9,15.166666666666666,0.46153846153846156,27163.5,0.4107744107744108,1
A-8ed5dd,Company_222,EdTech,UK,2023-06-29,event,Enterprise,5,False,True,Basic,285,3420,monthly,True,False,True,545,173217,45,51,6.0,3.75,29.0,0.0,492,1-2yr,Medium-High,Low,2024-11-02,2024-12-19,12,1.1077235772357723,1.275,16.4,0.3658536585365854,4674.0,0.6076696165191741,1
A-7c6b6b,Company_223,FinTech,US,2024-11-30,other,Basic,6,False,False,Pro,1127,13524,monthly,True,False,False,311,82471,24,35,5.0,4.333333333333333,52.2,0.0,31,0-3mo,Low,Medium-High,,2024-12-07,24,10.03225806451613,0.875,1.0333333333333334,4.838709677419354,1164.5666666666668,0.0,1
A-3c1a3f,Company_224,DevTools,UK,2023-08-26,event,Pro,1,False,False,Basic,133,1596,annual,False,False,False,497,172341,22,48,4.0,3.5,33.25,0.0,493,1-2yr,Medium-Low,Low,,2024-12-20,11,1.0081135902636917,1.2,16.433333333333334,0.2434077079107505,2185.633333333333,0.49698795180722893,1
A-b48f73,Company_225,EdTech,AU,2024-11-13,event,Pro,80,True,False,Pro,3920,47040,annual,False,False,False,412,118416,23,39,3.0,4.0,28.666666666666668,0.0,48,0-3mo,Medium-Low,High,,2024-11-25,36,8.583333333333334,0.975,1.6,1.875,6272.0,0.0,1
A-76fa4d,Company_226,HealthTech,US,2024-11-24,event,Pro,69,False,False,Pro,3381,40572,monthly,True,False,False,357,126251,21,34,5.0,4.5,33.4,0.0,37,0-3mo,Low,High,,2024-12-03,28,9.64864864864865,0.85,1.2333333333333334,4.0540540540540535,4169.900000000001,0.0,1
A-b2af2e,Company_227,Cybersecurity,UK,2024-08-24,event,Enterprise,5,False,False,Basic,1026,12312,annual,False,False,True,174,60214,11,16,2.0,4.0,39.5,0.0,129,0-3mo,Low,Medium-High,,2024-11-11,50,1.3488372093023255,0.4,4.3,0.46511627906976744,4411.8,0.05454545454545454,1
A-9bfc9f,Company_228,DevTools,CA,2023-09-14,ads,Pro,53,False,False,Pro,2940,35280,monthly,True,False,False,376,109862,18,32,6.0,3.333333333333333,35.333333333333336,1.0,474,1-2yr,Medium-Low,Medium-High,,2024-12-08,23,0.7932489451476793,0.8,15.8,0.37974683544303794,46452.0,0.24092409240924093,1
A-4ae22a,Company_229,EdTech,US,2024-05-09,other,Pro,6,False,True,Basic,532,6384,annual,True,False,False,369,142387,31,33,3.0,3.0,14.333333333333334,0.0,72,0-3mo,Low,Medium-Low,2024-07-20,2024-12-28,3,5.125,0.825,2.4,1.25,1276.8,0.31785714285714284,1
A-fda07f,Company_230,Cybersecurity,FR,2024-08-11,partner,Basic,7,False,False,Basic,266,3192,monthly,True,False,False,681,231376,39,61,5.0,4.0,17.8,0.0,142,0-3mo,High,Low,,2024-12-31,0,4.795774647887324,1.525,4.733333333333333,1.056338028169014,1259.0666666666666,0.11092985318107668,1
A-de24d5,Company_231,DevTools,US,2024-11-05,other,Enterprise,5,True,False,Pro,245,2940,monthly,False,False,False,537,140266,28,49,7.0,3.0,43.142857142857146,0.0,56,0-3mo,Medium-High,Low,,2024-11-22,39,9.589285714285714,1.225,1.8666666666666667,3.75,457.3333333333333,0.0,1
A-977ca0,Company_232,HealthTech,IN,2023-02-20,partner,Basic,6,False,True,Pro,686,8232,annual,True,False,False,893,242860,46,76,3.0,4.0,64.0,0.0,680,1-2yr,High,Medium-Low,,2024-12-24,7,1.313235294117647,1.9,22.666666666666668,0.1323529411764706,15549.333333333334,0.9163090128755365,1
A-ab438f,Company_233,Cybersecurity,US,2024-09-13,ads,Enterprise,13,False,True,Pro,0,0,monthly,True,False,False,369,111452,12,35,2.0,3.5,33.5,0.0,80,0-3mo,Low,Low,2024-12-02,2024-12-25,6,4.6125,0.875,2.6666666666666665,0.75,0.0,0.019337016574585635,1
A-e89151,Company_234,FinTech,UK,2023-09-14,organic,Pro,8,True,True,Enterprise,8756,105072,annual,True,False,False,601,188786,29,53,2.0,5.0,41.5,0.0,474,1-2yr,Medium-High,High,,2024-12-30,1,1.2679324894514767,1.325,15.8,0.12658227848101264,138344.80000000002,0.3325942350332594,1
A-40906c,Company_235,EdTech,US,2024-03-27,ads,Basic,92,False,False,Pro,4508,54096,annual,True,False,False,685,210243,32,61,5.0,3.75,29.2,0.0,279,6-12mo,High,High,,2024-12-03,28,2.4551971326164876,1.525,9.3,0.5376344086021505,41924.4,0.19755244755244755,1
A-81edc3,Company_236,Cybersecurity,IN,2023-10-30,ads,Basic,5,False,False,Enterprise,995,11940,annual,True,False,False,765,245080,41,70,3.0,4.0,52.66666666666666,0.0,428,6-12mo,High,Medium-High,,2024-12-29,2,1.7873831775700935,1.75,14.266666666666667,0.2102803738317757,14195.333333333334,0.5,1
A-328bd0,Company_237,HealthTech,AU,2023-05-16,partner,Enterprise,18,False,False,Pro,882,10584,annual,True,False,True,568,162210,49,57,5.0,3.6666666666666665,46.0,0.0,595,1-2yr,Medium-High,Medium-Low,,2024-12-24,7,0.9546218487394958,1.425,19.833333333333332,0.25210084033613445,17493.0,0.5519125683060109,1
A-b3fe05,Company_238,Cybersecurity,CA,2024-05-28,partner,Pro,8,False,False,Basic,0,0,annual,False,False,False,438,141962,18,41,4.0,3.0,48.25,0.0,217,6-12mo,Medium-Low,Low,,2024-12-29,2,2.0184331797235022,1.025,7.233333333333333,0.5529953917050692,0.0,0.10327455919395466,1
A-09540c,Company_239,Cybersecurity,CA,2023-10-30,event,Basic,67,True,False,Pro,3283,39396,monthly,True,False,False,297,94696,16,25,2.0,4.5,28.0,0.0,428,3-6mo,Low,High,,2024-12-02,29,0.6939252336448598,0.625,14.266666666666667,0.14018691588785046,46837.46666666667,0.5230769230769231,1
A-e693b6,Company_240,FinTech,AU,2023-05-25,event,Enterprise,55,False,True,Enterprise,10945,131340,annual,True,False,False,681,206167,25,57,1.0,3.0,1.0,0.0,504,1-2yr,High,High,2024-10-10,2024-12-31,0,1.3511904761904763,1.425,16.8,0.05952380952380952,183876.0,0.594847775175644,1
A-2446e3,Company_241,EdTech,IN,2024-01-10,organic,Pro,27,False,False,Enterprise,5373,64476,monthly,True,False,False,496,151037,32,45,3.0,4.0,28.666666666666668,0.0,356,6-12mo,Medium-Low,High,,2024-12-24,7,1.3932584269662922,1.125,11.866666666666667,0.25280898876404495,63759.600000000006,0.43768115942028984,1
A-241e75,Company_242,EdTech,US,2024-07-03,partner,Enterprise,3,False,False,Basic,95,1140,monthly,True,False,False,266,100257,20,25,4.0,4.5,31.5,0.0,181,3-6mo,Low,Low,,2024-12-13,18,1.4696132596685083,0.625,6.033333333333333,0.6629834254143646,573.1666666666666,0.17180616740088106,1
A-922109,Company_243,Cybersecurity,US,2024-01-26,ads,Pro,3,False,False,Basic,0,0,monthly,True,False,False,819,274464,34,74,3.0,3.0,25.33333333333333,0.0,340,6-12mo,High,Low,,2024-12-21,10,2.4088235294117646,1.85,11.333333333333334,0.2647058823529412,0.0,0.32524271844660196,1
A-ff3c73,Company_244,HealthTech,AU,2023-01-26,other,Pro,21,False,False,Basic,399,4788,annual,True,False,False,408,143989,23,40,2.0,3.5,35.5,0.0,705,6-12mo,Medium-Low,Medium-Low,,2024-12-28,3,0.5787234042553191,1.0,23.5,0.0851063829787234,9376.5,0.9245283018867925,1
A-8b0451,Company_245,FinTech,UK,2024-09-16,event,Enterprise,41,False,False,Enterprise,8159,97908,annual,True,False,False,606,177930,45,57,7.0,3.5,26.571428571428573,0.0,106,3-6mo,Medium-High,High,,2024-12-31,0,5.716981132075472,1.425,3.533333333333333,1.9811320754716981,28828.466666666667,0.08021390374331551,1
A-331424,Company_246,DevTools,US,2023-11-06,organic,Basic,11,False,False,Pro,0,0,monthly,False,False,False,214,76170,9,20,2.0,4.0,24.5,0.0,421,3-6mo,Low,Low,,2024-12-02,29,0.5083135391923991,0.5,14.033333333333333,0.14251781472684086,0.0,0.44594594594594594,1
A-51ec1b,Company_247,DevTools,US,2023-11-08,ads,Enterprise,7,False,False,Enterprise,3383,40596,annual,True,True,False,283,111162,12,28,3.0,5.0,52.333333333333336,1.0,419,0-3mo,Low,High,,2024-10-22,70,0.6754176610978521,0.7,13.966666666666667,0.21479713603818615,47249.23333333334,0.2412280701754386,1
A-bcf664,Company_248,DevTools,US,2023-05-19,other,Pro,5,False,False,Pro,2303,27636,annual,True,False,False,575,181920,28,53,5.0,4.0,36.0,1.0,592,1-2yr,Medium-High,Medium-High,,2024-12-24,7,0.9712837837837838,1.325,19.733333333333334,0.25337837837837834,45445.86666666667,0.5091863517060368,1
A-90a8c8,Company_249,FinTech,AU,2024-08-24,organic,Pro,15,False,False,Enterprise,2985,35820,monthly,False,False,False,404,127486,20,39,4.0,3.25,45.0,0.0,129,0-3mo,Medium-Low,Medium-High,,2024-12-27,4,3.131782945736434,0.975,4.3,0.9302325581395349,12835.5,0.11294765840220386,1
A-86cdb4,Company_250,DevTools,DE,2024-09-22,partner,Basic,2,False,False,Basic,323,3876,monthly,True,False,False,492,167226,24,45,5.0,4.333333333333333,26.4,0.0,100,3-6mo,Medium-Low,Medium-Low,,2024-12-08,23,4.92,1.125,3.3333333333333335,1.5,1076.6666666666667,0.11564625850340136,1
A-4bfa33,Company_251,Cybersecurity,US,2024-12-07,event,Basic,8,True,False,Enterprise,0,0,annual,True,False,False,329,78244,17,34,4.0,3.6666666666666665,16.5,0.0,24,0-3mo,Low,Low,,2024-12-26,5,13.708333333333334,0.85,0.8,5.0,0.0,0.03134796238244514,1
A-dbc825,Company_252,EdTech,FR,2024-01-07,partner,Enterprise,19,False,False,Basic,361,4332,annual,True,False,False,730,212801,58,67,6.0,4.0,49.5,1.0,359,0-3mo,High,Medium-Low,,2024-12-30,1,2.033426183844011,1.675,11.966666666666667,0.5013927576601671,4319.966666666667,0.5598290598290598,1
A-c70870,Company_253,Cybersecurity,US,2024-10-22,partner,Basic,31,False,False,Pro,4606,55272,annual,True,False,False,334,106338,18,32,5.0,4.0,35.6,0.0,70,0-3mo,Low,High,,2024-12-31,0,4.771428571428571,0.8,2.3333333333333335,2.142857142857143,10747.333333333334,0.10963455149501661,1
A-7c4956,Company_254,DevTools,US,2023-05-06,ads,Enterprise,5,False,True,Basic,513,6156,annual,True,False,False,475,129707,40,42,3.0,4.0,13.666666666666666,0.0,605,1-2yr,Medium-Low,Medium-Low,,2024-12-26,5,0.7851239669421488,1.05,20.166666666666668,0.1487603305785124,10345.5,0.9076305220883534,1
A-0651a4,Company_255,HealthTech,FR,2024-10-16,organic,Pro,16,False,False,Enterprise,12935,155220,annual,True,False,False,705,201426,37,68,4.0,4.0,29.25,0.0,76,0-3mo,High,High,,2024-12-16,15,9.276315789473685,1.7,2.533333333333333,1.5789473684210527,32768.666666666664,0.06656580937972768,1
A-3ce5b8,Company_256,FinTech,IN,2023-09-07,ads,Basic,8,False,True,Enterprise,0,0,annual,True,False,False,509,147802,29,42,10.0,3.7142857142857135,42.5,0.0,377,1-2yr,Medium-High,Low,2024-09-18,2024-12-15,16,1.3501326259946949,1.05,12.566666666666666,0.7957559681697612,0.0,0.3646112600536193,1
A-bd4708,Company_257,FinTech,US,2024-07-21,ads,Pro,37,True,False,Enterprise,7363,88356,monthly,True,False,False,653,201897,30,62,4.0,3.5,24.0,0.0,163,3-6mo,High,High,,2024-12-30,1,4.006134969325154,1.55,5.433333333333334,0.7361963190184049,40005.63333333334,0.16607142857142856,1
A-993085,Company_258,HealthTech,US,2023-06-01,ads,Basic,31,True,False,Enterprise,8358,100296,monthly,False,True,False,665,216015,50,68,4.0,3.5,46.5,0.0,579,6-12mo,High,High,,2024-12-20,11,1.14853195164076,1.7,19.3,0.20725388601036268,161309.4,0.6419753086419753,1
A-92a3af,Company_259,Cybersecurity,IN,2024-07-07,organic,Enterprise,25,False,False,Pro,1225,14700,monthly,True,False,False,714,218189,55,63,4.0,4.0,57.5,1.0,177,3-6mo,High,Medium-High,,2024-12-18,13,4.033898305084746,1.575,5.9,0.6779661016949152,7227.5,0.19597989949748743,1
A-151c9a,Company_260,FinTech,US,2023-01-27,ads,Enterprise,23,False,False,Pro,2548,30576,monthly,False,False,False,366,120907,14,34,2.0,3.5,31.0,0.0,704,6-12mo,Low,Medium-High,,2024-12-29,2,0.5198863636363636,0.85,23.466666666666665,0.08522727272727273,59793.066666666666,1.127906976744186,1
A-474ad4,Company_261,EdTech,US,2023-11-28,organic,Basic,8,False,False,Enterprise,4776,57312,annual,False,False,False,605,183355,45,60,3.0,5.0,33.0,1.0,399,1-2yr,Medium-High,High,,2024-12-11,20,1.5162907268170427,1.5,13.3,0.22556390977443608,63520.8,0.6133333333333333,1
A-4ef964,Company_262,HealthTech,US,2024-03-07,organic,Pro,17,False,False,Pro,1372,16464,monthly,True,False,False,487,150663,33,48,3.0,4.0,42.66666666666666,0.0,299,3-6mo,Medium-Low,Medium-High,,2024-12-23,8,1.62876254180602,1.2,9.966666666666667,0.3010033444816054,13674.266666666666,0.6072607260726073,1
A-fd9422,Company_263,Cybersecurity,US,2024-04-04,organic,Pro,58,False,False,Pro,2842,34104,annual,True,False,True,456,143313,21,39,6.0,3.5,44.333333333333336,1.0,271,6-12mo,Medium-Low,Medium-High,,2024-12-30,1,1.6826568265682658,0.975,9.033333333333333,0.6642066420664207,25672.733333333334,0.45686900958466453,1
A-0baac2,Company_264,FinTech,DE,2024-05-30,organic,Enterprise,14,False,True,Enterprise,2786,33432,monthly,True,False,False,202,73161,9,21,6.0,4.333333333333333,43.5,0.0,208,6-12mo,Low,Medium-High,2024-12-24,2024-10-31,61,0.9711538461538461,0.525,6.933333333333334,0.8653846153846153,19316.266666666666,0.12849162011173185,1
A-bb1486,Company_265,HealthTech,US,2024-11-05,organic,Basic,41,False,False,Pro,3283,39396,annual,True,False,False,405,118945,36,35,3.0,3.0,11.0,0.0,56,0-3mo,Medium-Low,High,,2024-12-09,22,7.232142857142857,0.875,1.8666666666666667,1.6071428571428572,6128.266666666666,0.027918781725888325,1
A-560d27,Company_266,DevTools,US,2024-05-05,organic,Pro,23,False,False,Basic,0,0,annual,True,False,False,587,185616,38,54,4.0,3.6666666666666665,30.75,0.0,240,6-12mo,Medium-High,Low,,2024-10-28,64,2.4458333333333333,1.35,8.0,0.5,0.0,0.14202334630350194,1
A-0b0d6d,Company_267,DevTools,US,2024-12-30,organic,Pro,3,False,False,Pro,1029,12348,annual,True,False,False,582,162411,48,60,5.0,4.0,31.4,1.0,1,0-3mo,Medium-High,Medium-High,,2024-12-26,5,582.0,1.5,0.03333333333333333,150.0,34.3,0.0,1
A-2789e3,Company_268,FinTech,US,2024-09-14,partner,Enterprise,11,False,False,Pro,0,0,monthly,True,False,False,680,205877,45,61,4.0,4.0,47.25,0.0,108,3-6mo,High,Low,,2024-12-31,0,6.296296296296297,1.525,3.6,1.1111111111111112,0.0,0.088,1
A-b07346,Company_269,HealthTech,US,2024-10-10,partner,Pro,51,False,True,Enterprise,0,0,annual,True,False,False,326,106943,22,29,3.0,3.5,42.333333333333336,0.0,33,0-3mo,Low,Low,2024-11-12,2024-12-12,19,9.878787878787879,0.725,1.1,2.727272727272727,0.0,0.025157232704402517,1
A-902ef7,Company_270,HealthTech,US,2024-09-03,other,Enterprise,83,False,True,Basic,1577,18924,annual,True,False,False,414,145878,24,38,2.0,4.0,48.5,0.0,23,0-3mo,Medium-Low,Medium-High,2024-09-26,2024-10-21,71,18.0,0.95,0.7666666666666667,2.608695652173913,1209.0333333333333,0.0,1
A-20736a,Company_271,EdTech,IN,2024-03-16,organic,Enterprise,50,False,False,Enterprise,9950,119400,annual,True,True,False,430,108408,22,41,4.0,3.75,42.25,0.0,290,0-3mo,Medium-Low,High,,2024-12-29,2,1.4827586206896552,1.025,9.666666666666666,0.4137931034482759,96183.33333333333,0.10256410256410256,1
A-e4bf56,Company_272,HealthTech,IN,2024-10-28,ads,Pro,17,False,True,Enterprise,4378,52536,monthly,True,False,False,339,115488,10,33,8.0,3.6666666666666665,29.125,0.0,64,0-3mo,Low,High,,2024-12-23,8,5.296875,0.825,2.1333333333333333,3.75,9339.733333333334,0.056074766355140186,1
A-cea1f0,Company_273,FinTech,US,2024-04-07,event,Pro,8,False,True,Enterprise,1592,19104,annual,False,False,False,586,161188,28,52,5.0,4.333333333333333,42.2,0.0,268,6-12mo,Medium-High,Medium-High,,2024-12-23,8,2.1865671641791047,1.3,8.933333333333334,0.5597014925373134,14221.866666666667,0.2766884531590414,1
A-ef84cf,Company_274,EdTech,US,2024-03-01,partner,Enterprise,8,False,False,Basic,152,1824,monthly,True,False,False,309,100420,11,28,5.0,4.333333333333333,34.8,1.0,305,6-12mo,Low,Low,,2024-12-31,0,1.0131147540983607,0.7,10.166666666666666,0.49180327868852464,1545.3333333333333,0.3918918918918919,1
A-d49cc5,Company_275,Cybersecurity,FR,2023-09-19,event,Basic,50,False,False,Basic,950,11400,monthly,True,False,False,436,142933,34,40,4.0,4.5,32.0,0.0,469,6-12mo,Medium-Low,Medium-Low,,2024-12-28,3,0.929637526652452,1.0,15.633333333333333,0.255863539445629,14851.666666666666,0.2785923753665689,1
A-67be94,Company_276,EdTech,US,2023-04-04,organic,Enterprise,26,False,False,Pro,1274,15288,monthly,True,True,False,416,127197,17,40,5.0,4.0,38.6,0.0,637,1-2yr,Medium-Low,Medium-High,,2024-12-18,13,0.6530612244897959,1.0,21.233333333333334,0.23547880690737832,27051.266666666666,0.8738738738738738,1
A-4e960a,Company_277,FinTech,US,2024-01-17,other,Enterprise,12,True,True,Basic,228,2736,monthly,True,False,False,512,153943,21,45,6.0,4.0,29.166666666666668,0.0,349,6-12mo,Medium-High,Low,,2024-12-28,3,1.4670487106017192,1.125,11.633333333333333,0.5157593123209169,2652.4,0.3473684210526316,1
A-c37cab,Company_278,Cybersecurity,UK,2024-07-29,event,Pro,13,False,False,Basic,437,5244,annual,True,False,False,708,203309,40,62,4.0,3.75,33.0,1.0,155,0-3mo,High,Medium-Low,,2024-12-30,1,4.567741935483871,1.55,5.166666666666667,0.7741935483870968,2257.8333333333335,0.17412935323383086,1
A-533452,Company_279,DevTools,AU,2024-11-12,organic,Pro,9,False,False,Basic,988,11856,annual,False,False,False,595,172726,44,57,4.0,4.0,32.75,0.0,49,0-3mo,Medium-High,Medium-Low,,2024-12-15,16,12.142857142857142,1.425,1.6333333333333333,2.4489795918367347,1613.7333333333333,0.013628620102214651,1
A-443b7c,Company_280,Cybersecurity,US,2024-09-06,other,Enterprise,1,False,True,Basic,152,1824,annual,True,False,False,618,195039,29,59,8.0,4.4,29.25,0.0,116,3-6mo,Medium-High,Low,,2024-12-27,4,5.327586206896552,1.475,3.8666666666666667,2.0689655172413794,587.7333333333333,0.10160427807486631,1
A-1f7acb,Company_281,FinTech,UK,2023-08-06,ads,Basic,64,True,False,Enterprise,12736,152832,annual,True,False,False,510,164068,47,50,7.0,4.4,41.71428571428572,0.0,513,1-2yr,Medium-High,High,,2024-12-13,18,0.9941520467836257,1.25,17.1,0.4093567251461988,217785.6,0.8545454545454545,1
A-f51f16,Company_282,HealthTech,US,2023-12-25,partner,Enterprise,1,False,False,Basic,38,456,annual,True,False,False,384,146093,28,35,4.0,3.0,29.25,0.0,372,6-12mo,Medium-Low,Low,,2024-12-08,23,1.032258064516129,0.875,12.4,0.3225806451612903,471.2,0.29292929292929293,1
A-5a3eb9,Company_283,DevTools,CA,2023-08-20,other,Enterprise,18,True,False,Pro,882,10584,annual,True,False,False,722,216880,34,63,3.0,4.0,24.0,0.0,499,6-12mo,High,Medium-Low,,2024-12-11,20,1.4468937875751502,1.575,16.633333333333333,0.18036072144288579,14670.6,0.3938223938223938,1
A-5f2961,Company_284,HealthTech,US,2024-11-22,partner,Basic,4,False,False,Basic,304,3648,annual,True,False,False,348,103023,19,33,1.0,4.0,53.0,0.0,39,0-3mo,Low,Medium-Low,,2024-11-04,57,8.923076923076923,0.825,1.3,0.7692307692307692,395.2,0.0,1
A-417d2f,Company_285,Cybersecurity,IN,2023-07-04,partner,Pro,4,True,False,Pro,1617,19404,monthly,True,False,False,722,206401,31,68,6.0,4.333333333333333,43.5,0.0,546,1-2yr,High,Medium-High,,2024-12-11,20,1.3223443223443223,1.7,18.2,0.32967032967032966,29429.399999999998,0.7028301886792453,1
A-e98302,Company_286,EdTech,US,2023-12-26,ads,Enterprise,16,True,False,Pro,2842,34104,annual,True,False,False,273,88751,18,27,9.0,4.142857142857143,44.44444444444444,0.0,371,1-2yr,Low,Medium-High,,2024-12-12,19,0.7358490566037735,0.675,12.366666666666667,0.7277628032345013,35146.066666666666,0.4368421052631579,1
A-8bde0c,Company_287,DevTools,US,2024-11-04,organic,Basic,12,False,False,Enterprise,2388,28656,monthly,True,False,False,773,240908,43,77,3.0,4.0,25.666666666666668,0.0,57,0-3mo,High,Medium-High,,2024-12-06,25,13.56140350877193,1.925,1.9,1.5789473684210527,4537.2,0.007822685788787484,1
A-bcf87c,Company_288,FinTech,US,2024-06-27,event,Pro,10,False,True,Enterprise,3383,40596,monthly,True,False,False,503,147590,19,48,2.0,4.0,63.0,0.0,187,6-12mo,Medium-High,High,,2024-12-14,17,2.6898395721925135,1.2,6.233333333333333,0.32085561497326204,21087.36666666667,0.1807511737089202,1
A-54ecc2,Company_289,Cybersecurity,US,2023-06-11,partner,Enterprise,4,False,False,Enterprise,5572,66864,monthly,True,False,False,607,183498,39,53,5.0,5.0,37.4,0.0,569,1-2yr,Medium-High,High,,2024-12-09,22,1.0667838312829525,1.325,18.966666666666665,0.2636203866432338,105682.26666666666,0.4452380952380952,1
A-625d0b,Company_290,EdTech,AU,2024-09-02,ads,Basic,9,False,False,Enterprise,1791,21492,annual,True,False,False,529,141489,38,52,5.0,3.0,48.4,0.0,120,3-6mo,Medium-High,Medium-High,,2024-12-09,22,4.408333333333333,1.3,4.0,1.25,7164.0,0.16519823788546256,1
A-fce879,Company_291,EdTech,UK,2024-09-24,partner,Pro,10,True,True,Basic,399,4788,annual,True,False,False,299,98740,14,27,2.0,4.0,28.0,0.0,70,0-3mo,Low,Medium-Low,2024-12-03,2024-11-30,31,4.271428571428571,0.675,2.3333333333333335,0.8571428571428571,931.0000000000001,0.05653710247349823,1
A-b07b56,Company_292,DevTools,US,2024-11-08,event,Pro,25,False,True,Basic,0,0,annual,True,False,False,633,185462,39,59,4.0,3.0,31.25,0.0,46,0-3mo,High,Low,2024-12-24,2024-12-29,2,13.76086956521739,1.475,1.5333333333333334,2.608695652173913,0.0,0.05324459234608985,1
A-6da850,Company_293,FinTech,IN,2023-10-07,organic,Pro,5,False,False,Basic,114,1368,annual,True,False,False,714,186370,54,64,5.0,4.0,49.0,0.0,451,1-2yr,High,Low,,2024-12-27,4,1.583148558758315,1.6,15.033333333333333,0.3325942350332594,1713.8,0.3173431734317343,1
A-342303,Company_294,EdTech,US,2024-03-16,other,Pro,1,True,False,Enterprise,0,0,annual,True,False,False,141,23149,5,14,3.0,4.5,29.33333333333333,0.0,290,0-3mo,Low,Low,,2024-11-26,35,0.4862068965517241,0.35,9.666666666666666,0.3103448275862069,0.0,0.3177570093457944,1
A-e7a1e2,Company_295,Cybersecurity,US,2024-06-23,event,Enterprise,3,False,False,Enterprise,8756,105072,annual,True,False,False,703,220928,36,63,1.0,4.0,45.0,0.0,191,0-3mo,High,High,,2024-12-21,10,3.680628272251309,1.575,6.366666666666666,0.15706806282722513,55746.53333333333,0.17953020134228187,1
A-f1f639,Company_296,EdTech,US,2023-02-26,ads,Basic,2,False,False,Enterprise,1791,21492,monthly,True,False,False,139,43097,10,14,7.0,4.8,20.0,0.0,674,1-2yr,Low,Medium-High,,2024-12-20,11,0.2062314540059347,0.35,22.466666666666665,0.31157270029673595,40237.799999999996,0.5444444444444444,1
A-a865bd,Company_297,Cybersecurity,US,2023-09-19,organic,Pro,38,False,False,Pro,2744,32928,monthly,False,False,False,230,60120,13,24,2.0,3.0,31.5,0.0,469,6-12mo,Low,Medium-High,,2024-12-18,13,0.4904051172707889,0.6,15.633333333333333,0.1279317697228145,42897.86666666667,0.6083916083916084,1
A-4e631b,Company_298,FinTech,US,2024-03-16,other,Enterprise,22,False,False,Basic,418,5016,annual,True,False,False,502,154668,29,47,2.0,4.0,24.5,0.0,290,6-12mo,Medium-High,Medium-Low,,2024-12-19,12,1.7310344827586206,1.175,9.666666666666666,0.20689655172413796,4040.6666666666665,0.21844660194174756,1
A-7f6b86,Company_299,HealthTech,US,2023-08-24,partner,Basic,45,True,True,Basic,855,10260,annual,True,False,False,420,144249,14,38,7.0,3.6666666666666665,40.42857142857143,0.0,321,6-12mo,Medium-Low,Medium-Low,2024-07-10,2024-12-26,5,1.308411214953271,0.95,10.7,0.6542056074766356,9148.5,0.4532871972318339,1
A-8adedc,Company_300,EdTech,US,2024-02-11,event,Basic,4,True,True,Pro,3332,39984,annual,True,False,False,583,165997,33,59,4.0,4.0,49.25,0.0,324,6-12mo,Medium-High,High,,2024-12-31,0,1.7993827160493827,1.475,10.8,0.37037037037037035,35985.600000000006,0.22736842105263158,1
A-2edab2,Company_301,HealthTech,US,2023-11-17,event,Enterprise,17,False,False,Pro,833,9996,monthly,True,False,False,487,160804,26,41,4.0,3.0,30.0,0.0,410,0-3mo,Medium-Low,Medium-Low,,2024-12-22,9,1.1878048780487804,1.025,13.666666666666666,0.29268292682926833,11384.333333333332,0.32697547683923706,1
A-149a69,Company_302,DevTools,US,2024-10-17,event,Basic,34,False,False,Basic,646,7752,monthly,True,False,False,208,59894,9,18,8.0,4.2,33.875,0.0,75,0-3mo,Low,Medium-Low,,2024-08-17,136,2.7733333333333334,0.45,2.5,3.2,1615.0,0.0,1
A-a6d261,Company_303,FinTech,CA,2023-11-29,other,Pro,9,False,False,Basic,247,2964,annual,True,True,False,627,189235,29,62,4.0,4.666666666666667,40.0,1.0,398,3-6mo,High,Low,,2024-12-30,1,1.5753768844221105,1.55,13.266666666666667,0.3015075376884422,3276.866666666667,0.3172268907563025,1
A-443f6f,Company_304,Cybersecurity,US,2024-12-07,organic,Basic,19,False,False,Pro,931,11172,monthly,True,False,False,527,158149,28,53,4.0,4.666666666666667,28.0,0.0,24,0-3mo,Medium-High,Medium-Low,,2024-12-26,5,21.958333333333332,1.325,0.8,5.0,744.8000000000001,0.05823293172690763,1
A-202b67,Company_305,HealthTech,US,2024-03-22,organic,Pro,11,False,False,Enterprise,5771,69252,monthly,True,False,False,447,110514,40,46,4.0,4.666666666666667,36.75,0.0,284,3-6mo,Medium-Low,High,,2024-12-28,3,1.573943661971831,1.15,9.466666666666667,0.4225352112676056,54632.13333333333,0.37538461538461537,1
A-00bed1,Company_306,Cybersecurity,US,2023-11-14,ads,Basic,28,True,False,Enterprise,5572,66864,annual,False,False,False,514,143734,27,48,4.0,4.0,31.75,0.0,413,0-3mo,Medium-High,High,,2024-12-14,17,1.2445520581113803,1.2,13.766666666666667,0.29055690072639223,76707.86666666667,0.4519774011299435,1
A-ffc04f,Company_307,EdTech,US,2024-06-06,ads,Pro,13,False,False,Basic,247,2964,monthly,True,False,False,857,277347,64,84,7.0,4.5,17.714285714285715,1.0,208,0-3mo,High,Low,,2024-12-09,22,4.1201923076923075,2.1,6.933333333333334,1.0096153846153846,1712.5333333333333,0.15343203230148048,1
A-65c341,Company_308,FinTech,US,2023-12-26,ads,Pro,11,True,False,Pro,1911,22932,monthly,True,False,False,410,147068,18,36,5.0,4.0,41.4,0.0,371,6-12mo,Medium-Low,Medium-High,,2024-12-25,6,1.105121293800539,0.9,12.366666666666667,0.40431266846361186,23632.7,0.16477272727272727,1
A-dcc2f0,Company_309,FinTech,UK,2023-07-22,organic,Basic,15,False,False,Basic,608,7296,annual,False,False,False,833,243699,26,72,2.0,4.0,27.0,0.0,528,6-12mo,High,Medium-Low,,2024-12-26,5,1.5776515151515151,1.8,17.6,0.11363636363636363,10700.800000000001,0.5145454545454545,1
A-ced9aa,Company_310,DevTools,US,2024-10-05,other,Enterprise,3,False,False,Pro,147,1764,annual,True,False,False,531,166970,39,48,7.0,3.0,28.857142857142858,0.0,87,0-3mo,Medium-High,Low,,2024-12-06,25,6.103448275862069,1.2,2.9,2.413793103448276,426.3,0.029069767441860465,1
A-3d957b,Company_311,HealthTech,UK,2024-04-04,other,Pro,14,False,False,Enterprise,2786,33432,annual,False,False,False,143,43699,13,15,3.0,3.0,41.333333333333336,0.0,271,0-3mo,Low,Medium-High,,2024-10-20,72,0.5276752767527675,0.375,9.033333333333333,0.33210332103321033,25166.866666666665,0.10852713178294573,1
A-89ee83,Company_312,Cybersecurity,US,2024-10-04,organic,Pro,1,False,True,Enterprise,3582,42984,monthly,True,False,False,565,172626,26,58,5.0,4.0,21.8,1.0,88,0-3mo,Medium-High,High,,2024-12-17,14,6.420454545454546,1.45,2.933333333333333,1.7045454545454546,10507.199999999999,0.09284332688588008,1
A-883b7d,Company_313,Cybersecurity,IN,2024-03-28,other,Basic,17,False,False,Enterprise,9950,119400,annual,True,False,False,644,189514,40,63,7.0,3.6,25.571428571428573,1.0,278,6-12mo,High,High,,2024-12-30,1,2.316546762589928,1.575,9.266666666666667,0.7553956834532374,92203.33333333334,0.2602739726027397,1
A-dcc3f1,Company_314,HealthTech,US,2023-12-27,event,Pro,21,False,False,Basic,399,4788,annual,False,False,False,500,137958,32,46,9.0,3.8,35.666666666666664,0.0,370,6-12mo,Medium-High,Medium-Low,,2024-12-24,7,1.3513513513513513,1.15,12.333333333333334,0.7297297297297297,4921.0,0.366120218579235,1
A-c62e55,Company_315,EdTech,US,2023-02-08,partner,Basic,1,True,False,Pro,686,8232,annual,True,False,False,337,87045,13,32,4.0,4.0,27.5,0.0,692,1-2yr,Low,Medium-Low,,2024-12-12,19,0.4869942196531792,0.8,23.066666666666666,0.17341040462427745,15823.733333333334,0.9823529411764705,1
A-e4144b,Company_316,EdTech,UK,2024-10-22,other,Pro,41,False,False,Enterprise,8159,97908,annual,True,False,False,439,133397,21,41,3.0,4.0,57.0,0.0,70,0-3mo,Medium-Low,High,,2024-12-23,8,6.271428571428571,1.025,2.3333333333333335,1.2857142857142856,19037.666666666668,0.09203980099502487,1
A-e40f45,Company_317,HealthTech,US,2024-04-18,organic,Pro,21,False,False,Basic,399,4788,monthly,False,False,False,401,122954,26,44,7.0,4.333333333333333,26.714285714285715,0.0,257,6-12mo,Medium-Low,Medium-Low,,2024-12-29,2,1.5603112840466926,1.1,8.566666666666666,0.8171206225680934,3418.1,0.28115015974440893,1
A-96215d,Company_318,FinTech,US,2024-08-08,event,Enterprise,10,False,False,Pro,490,5880,annual,False,False,False,347,104442,21,30,1.0,3.0,25.0,0.0,145,3-6mo,Low,Medium-Low,,2024-12-06,25,2.393103448275862,0.75,4.833333333333333,0.20689655172413796,2368.333333333333,0.13398692810457516,1
A-2b9d3e,Company_319,EdTech,US,2023-06-04,partner,Enterprise,1,False,False,Enterprise,398,4776,monthly,True,False,False,444,142589,19,42,3.0,5.0,34.666666666666664,0.0,576,1-2yr,Medium-Low,Medium-Low,,2024-12-17,14,0.7708333333333334,1.05,19.2,0.15625,7641.599999999999,0.5102040816326531,1
A-b7724f,Company_320,HealthTech,UK,2023-03-28,organic,Basic,1,False,False,Basic,551,6612,monthly,True,False,False,380,93251,16,37,3.0,3.0,28.666666666666668,0.0,644,1-2yr,Medium-Low,Medium-Low,,2024-12-08,23,0.5900621118012422,0.925,21.466666666666665,0.13975155279503107,11828.133333333333,1.676056338028169,1
A-310452,Company_321,DevTools,FR,2024-12-25,other,Enterprise,9,False,False,Pro,441,5292,annual,True,False,False,268,65581,16,24,5.0,3.6,34.2,0.0,6,,Low,Medium-Low,,2024-11-25,36,44.666666666666664,0.6,0.2,25.0,88.2,0.0,1
A-eb1312,Company_322,FinTech,US,2024-09-16,partner,Pro,25,False,False,Basic,475,5700,annual,True,False,False,663,188047,38,62,1.0,5.0,68.0,0.0,106,0-3mo,High,Medium-Low,,2024-12-18,13,6.254716981132075,1.55,3.533333333333333,0.2830188679245283,1678.3333333333333,0.06591639871382636,1
A-df1e44,Company_323,Cybersecurity,UK,2024-02-23,organic,Enterprise,12,False,False,Pro,588,7056,monthly,True,False,False,420,122432,14,42,2.0,5.0,53.0,0.0,312,6-12mo,Medium-Low,Medium-Low,,2024-12-09,22,1.3461538461538463,1.05,10.4,0.1923076923076923,6115.2,0.2688821752265861,1
A-6a7c9d,Company_324,Cybersecurity,US,2024-10-24,organic,Enterprise,26,False,True,Pro,1274,15288,annual,True,False,False,189,65006,6,17,3.0,4.0,34.333333333333336,0.0,28,0-3mo,Low,Medium-High,2024-11-21,2024-12-18,13,6.75,0.425,0.9333333333333333,3.2142857142857144,1189.0666666666666,0.03278688524590164,1
A-cbd1a3,Company_325,DevTools,US,2024-11-25,other,Basic,6,False,True,Basic,380,4560,annual,True,False,False,465,128809,32,45,4.0,4.0,34.5,0.0,36,0-3mo,Medium-Low,Medium-Low,,2024-12-21,10,12.916666666666666,1.125,1.2,3.3333333333333335,456.0,0.0472972972972973,1
A-a8d89d,Company_326,EdTech,US,2023-12-08,ads,Pro,13,False,False,Basic,323,3876,annual,True,False,False,551,170966,26,52,2.0,5.0,44.5,0.0,389,0-3mo,Medium-High,Medium-Low,,2024-12-10,21,1.416452442159383,1.3,12.966666666666667,0.15424164524421594,4188.233333333334,0.41645244215938304,1
A-600734,Company_327,DevTools,US,2023-11-14,organic,Pro,29,True,True,Pro,1764,21168,monthly,True,False,False,660,190076,30,64,7.0,3.6666666666666665,52.57142857142857,1.0,413,1-2yr,High,Medium-High,,2024-12-26,5,1.5980629539951574,1.6,13.766666666666667,0.5084745762711864,24284.4,0.3807531380753138,1
A-86fc1d,Company_328,DevTools,UK,2024-07-26,partner,Basic,26,False,False,Basic,0,0,monthly,True,False,False,363,111108,26,36,5.0,4.0,27.0,0.0,158,0-3mo,Low,Low,,2024-12-30,1,2.2974683544303796,0.9,5.266666666666667,0.949367088607595,0.0,0.2181208053691275,1
A-78f02b,Company_329,HealthTech,US,2024-11-17,event,Enterprise,11,False,False,Pro,539,6468,annual,True,True,False,211,62349,16,20,4.0,4.0,45.75,0.0,44,0-3mo,Low,Medium-Low,,2024-11-29,32,4.795454545454546,0.5,1.4666666666666666,2.7272727272727275,790.5333333333333,0.0,1
A-acb7f7,Company_330,EdTech,US,2024-01-06,ads,Basic,32,False,False,Basic,608,7296,annual,True,False,False,612,176628,36,58,3.0,3.5,41.0,0.0,360,0-3mo,Medium-High,Medium-Low,,2024-12-29,2,1.7,1.45,12.0,0.25,7296.0,0.5186104218362283,1
A-712f1c,Company_331,DevTools,US,2023-12-16,ads,Basic,17,False,True,Pro,833,9996,annual,True,False,False,631,181302,34,63,6.0,4.0,41.66666666666666,0.0,313,6-12mo,High,Medium-Low,2024-10-24,2024-12-29,2,2.015974440894569,1.575,10.433333333333334,0.5750798722044729,8690.966666666667,0.285132382892057,1
A-3793ee,Company_332,Cybersecurity,CA,2023-03-21,organic,Enterprise,49,True,False,Enterprise,9751,117012,monthly,False,False,False,352,97381,11,35,4.0,4.0,43.75,0.0,651,0-3mo,Low,High,,2024-12-19,12,0.5407066052227343,0.875,21.7,0.18433179723502305,211596.69999999998,0.8429319371727748,1
A-9a532a,Company_333,HealthTech,US,2024-07-06,partner,Enterprise,11,False,False,Enterprise,2189,26268,monthly,True,False,False,185,75595,15,17,2.0,4.0,57.5,0.0,178,3-6mo,Low,Medium-High,,2024-10-21,71,1.0393258426966292,0.425,5.933333333333334,0.33707865168539325,12988.066666666668,0.1935483870967742,1
A-2ebb4b,Company_334,HealthTech,US,2023-05-15,ads,Basic,41,False,False,Pro,2009,24108,monthly,True,False,False,488,143502,33,45,2.0,3.0,43.5,0.0,596,1-2yr,Medium-Low,Medium-High,,2024-12-15,16,0.8187919463087249,1.125,19.866666666666667,0.10067114093959731,39912.13333333333,0.7183098591549296,1
A-6843f2,Company_335,HealthTech,CA,2024-12-10,ads,Enterprise,21,False,False,Pro,1127,13524,annual,True,False,False,481,126424,17,42,2.0,3.0,36.5,0.0,21,0-3mo,Medium-Low,Medium-High,,2024-11-26,35,22.904761904761905,1.05,0.7,2.857142857142857,788.9,0.0,1
A-c9bb3e,Company_336,EdTech,US,2024-03-24,ads,Pro,5,False,False,Basic,190,2280,monthly,True,False,False,474,171153,20,41,7.0,4.2,27.714285714285715,1.0,282,3-6mo,Medium-Low,Low,,2024-11-01,60,1.6808510638297873,1.025,9.4,0.7446808510638298,1786.0,0.19095477386934673,1
A-4814a3,Company_337,Cybersecurity,IN,2024-09-17,event,Basic,87,False,True,Pro,4263,51156,monthly,True,False,False,587,168767,45,54,4.0,4.0,18.75,1.0,69,0-3mo,Medium-High,High,2024-11-25,2024-12-23,8,8.507246376811594,1.35,2.3,1.7391304347826089,9804.9,0.07706422018348624,1
A-b7b7b7,Company_338,FinTech,US,2024-06-30,event,Basic,24,False,True,Pro,1176,14112,annual,True,False,False,571,166390,26,50,3.0,5.0,17.0,0.0,184,6-12mo,Medium-High,Medium-High,,2024-12-12,19,3.1032608695652173,1.25,6.133333333333334,0.48913043478260865,7212.8,0.09596928982725528,1
A-ccc747,Company_339,HealthTech,FR,2024-01-12,event,Pro,16,False,True,Basic,304,3648,annual,True,False,False,284,89582,13,29,4.0,5.0,32.25,1.0,234,3-6mo,Low,Medium-Low,2024-09-02,2024-12-08,23,1.2136752136752136,0.725,7.8,0.5128205128205129,2371.2,0.22943722943722944,1
A-bb3bd4,Company_340,HealthTech,US,2024-01-27,ads,Basic,23,False,False,Basic,437,5244,annual,True,False,False,315,93609,11,27,11.0,4.142857142857143,32.72727272727273,0.0,339,3-6mo,Low,Medium-Low,,2024-12-12,19,0.9292035398230089,0.675,11.3,0.9734513274336283,4938.1,0.25,1
A-09316c,Company_341,FinTech,AU,2024-09-11,organic,Enterprise,70,False,False,Enterprise,13930,167160,annual,True,False,False,566,149461,31,49,4.0,3.75,54.75,1.0,111,0-3mo,Medium-High,High,,2024-12-27,4,5.099099099099099,1.225,3.7,1.081081081081081,51541.0,0.10763209393346379,1
A-96bbc6,Company_342,Cybersecurity,US,2024-05-07,organic,Enterprise,39,False,False,Basic,741,8892,monthly,True,False,True,482,152806,25,46,3.0,3.333333333333333,51.333333333333336,0.0,238,0-3mo,Medium-Low,Medium-Low,,2024-12-26,5,2.0252100840336134,1.15,7.933333333333334,0.37815126050420167,5878.6,0.5253164556962026,1
A-bc4d48,Company_343,EdTech,US,2024-06-12,ads,Pro,35,True,False,Basic,665,7980,annual,True,False,False,321,89391,9,31,6.0,4.2,41.16666666666666,1.0,202,6-12mo,Low,Medium-Low,,2024-12-23,8,1.5891089108910892,0.775,6.733333333333333,0.8910891089108911,4477.666666666667,0.07718120805369127,1
A-b30291,Company_344,HealthTech,US,2024-04-05,event,Basic,5,True,True,Pro,245,2940,annual,True,False,False,519,161097,31,46,1.0,4.0,16.0,0.0,151,3-6mo,Medium-High,Low,2024-09-03,2024-12-17,14,3.437086092715232,1.15,5.033333333333333,0.19867549668874174,1233.1666666666667,0.27205882352941174,1
A-cdf020,Company_345,DevTools,AU,2023-08-16,organic,Pro,23,False,False,Pro,2156,25872,monthly,True,False,False,379,119522,18,40,4.0,4.0,29.5,0.0,503,3-6mo,Medium-Low,Medium-High,,2024-11-25,36,0.7534791252485089,1.0,16.766666666666666,0.2385685884691849,36148.933333333334,0.5791666666666667,1
A-e6afc1,Company_346,DevTools,US,2023-02-24,ads,Pro,1,False,False,Pro,0,0,monthly,False,False,False,679,196287,30,66,0.0,4.0,36.0,0.0,676,1-2yr,High,Low,,2024-12-16,15,1.0044378698224852,1.65,22.533333333333335,0.0,0.0,0.4793028322440087,0
A-e3bd71,Company_347,Cybersecurity,US,2023-03-25,partner,Basic,31,False,False,Pro,1519,18228,annual,False,False,False,638,187024,27,55,4.0,4.0,30.25,0.0,647,6-12mo,High,Medium-High,,2024-12-20,11,0.9860896445131375,1.375,21.566666666666666,0.18547140649149924,32759.766666666666,0.8022598870056498,1
A-b179bf,Company_348,Cybersecurity,IN,2024-10-27,ads,Basic,43,False,False,Pro,0,0,annual,True,False,False,398,110855,18,33,6.0,4.0,24.666666666666668,0.0,65,0-3mo,Medium-Low,Low,,2024-12-17,14,6.123076923076923,0.825,2.1666666666666665,2.7692307692307696,0.0,0.0391644908616188,1
A-098560,Company_349,DevTools,UK,2023-10-21,ads,Enterprise,1,False,True,Enterprise,796,9552,monthly,True,False,False,567,174302,32,55,2.0,3.0,28.0,1.0,319,6-12mo,Medium-High,Medium-Low,2024-09-04,2024-12-22,9,1.7774294670846396,1.375,10.633333333333333,0.18808777429467086,8464.133333333333,0.3695652173913043,1
A-82861f,Company_350,DevTools,UK,2024-04-25,organic,Basic,41,False,False,Enterprise,8159,97908,annual,False,False,False,462,130873,43,48,5.0,3.2,24.4,0.0,250,0-3mo,Medium-Low,High,,2024-12-06,25,1.848,1.2,8.333333333333334,0.6,67991.66666666667,0.19689119170984457,1
A-94c3cd,Company_351,FinTech,CA,2023-09-20,other,Enterprise,32,False,False,Enterprise,6368,76416,monthly,True,False,False,306,104197,18,29,4.0,3.5,44.75,1.0,468,1-2yr,Low,High,,2024-12-11,20,0.6538461538461539,0.725,15.6,0.25641025641025644,99340.8,0.41013824884792627,1
A-a33200,Company_352,HealthTech,US,2024-09-15,partner,Basic,29,False,False,Basic,551,6612,monthly,True,False,False,517,150997,26,53,3.0,4.5,36.333333333333336,0.0,107,0-3mo,Medium-High,Medium-Low,,2024-12-11,20,4.831775700934579,1.325,3.566666666666667,0.8411214953271028,1965.2333333333333,0.07261410788381743,1
A-034368,Company_353,EdTech,US,2023-11-05,event,Enterprise,19,False,False,Enterprise,4577,54924,monthly,True,False,False,265,80423,25,27,5.0,4.0,41.2,0.0,422,6-12mo,Low,High,,2024-12-13,18,0.6279620853080569,0.675,14.066666666666666,0.35545023696682465,64383.13333333333,0.5317919075144508,1
A-b54c01,Company_354,DevTools,US,2024-09-29,event,Enterprise,29,False,False,Basic,551,6612,annual,False,False,False,226,64973,17,18,5.0,3.0,42.6,0.0,93,0-3mo,Low,Medium-Low,,2024-10-05,87,2.4301075268817205,0.45,3.1,1.6129032258064515,1708.1000000000001,0.0,1
A-d82ef9,Company_355,EdTech,UK,2024-07-02,other,Basic,26,False,True,Basic,494,5928,monthly,True,False,False,679,194022,46,63,5.0,4.25,39.8,1.0,35,0-3mo,High,Medium-Low,2024-08-06,2024-12-29,2,19.4,1.575,1.1666666666666667,4.285714285714286,576.3333333333334,0.13926174496644295,1
A-bb2f49,Company_356,Cybersecurity,US,2023-05-28,other,Pro,8,False,False,Pro,1372,16464,monthly,False,False,False,618,190070,42,54,3.0,4.0,22.33333333333333,0.0,583,1-2yr,Medium-High,Medium-High,,2024-12-30,1,1.0600343053173242,1.35,19.433333333333334,0.15437392795883362,26662.533333333333,0.5147058823529411,1
A-1f559b,Company_357,HealthTech,US,2023-09-04,organic,Enterprise,5,True,True,Basic,190,2280,annual,False,False,False,400,117267,27,38,5.0,4.2,50.4,0.0,390,1-2yr,Medium-Low,Low,2024-09-28,2024-11-21,40,1.0256410256410255,0.95,13.0,0.38461538461538464,2470.0,0.3888888888888889,1
A-5a215a,Company_358,EdTech,FR,2024-01-05,other,Enterprise,87,False,False,Pro,4263,51156,annual,True,False,False,807,271652,71,77,4.0,4.0,29.5,0.0,361,6-12mo,High,High,,2024-12-24,7,2.2354570637119116,1.925,12.033333333333333,0.33240997229916897,51298.1,0.2472952086553323,1
A-3f9cc0,Company_359,HealthTech,US,2024-06-03,event,Basic,22,False,False,Enterprise,5970,71640,monthly,True,False,False,407,124321,24,39,5.0,4.5,34.8,1.0,211,6-12mo,Medium-Low,High,,2024-12-20,11,1.9289099526066351,0.975,7.033333333333333,0.7109004739336493,41989.0,0.12430939226519337,1
A-f9cc74,Company_360,DevTools,FR,2024-10-12,partner,Enterprise,30,True,False,Pro,0,0,monthly,True,False,False,484,130826,22,48,6.0,4.0,49.833333333333336,0.0,80,0-3mo,Medium-Low,Low,,2024-12-31,0,6.05,1.2,2.6666666666666665,2.25,0.0,0.027600849256900213,1
A-ed510f,Company_361,Cybersecurity,IN,2023-01-17,partner,Basic,42,False,False,Pro,2058,24696,monthly,True,False,False,493,160744,28,45,9.0,4.0,44.55555555555556,0.0,714,3-6mo,Medium-Low,Medium-High,,2024-12-17,14,0.6904761904761905,1.125,23.8,0.37815126050420167,48980.4,1.0889830508474576,1
A-5c9849,Company_362,EdTech,IN,2024-11-03,partner,Basic,19,False,False,Pro,931,11172,monthly,False,True,False,473,151483,23,40,4.0,4.0,59.5,1.0,58,0-3mo,Medium-Low,Medium-Low,,2024-12-18,13,8.155172413793103,1.0,1.9333333333333333,2.0689655172413794,1799.9333333333334,0.02159827213822894,1
A-a7bd4b,Company_363,Cybersecurity,US,2023-02-15,ads,Enterprise,5,False,False,Basic,342,4104,monthly,True,False,False,576,166772,37,51,6.0,3.25,36.833333333333336,0.0,685,1-2yr,Medium-High,Medium-Low,,2024-12-28,3,0.8408759124087591,1.275,22.833333333333332,0.26277372262773724,7809.0,0.8285714285714286,1
A-d4ac0e,Company_364,DevTools,UK,2024-04-20,ads,Basic,18,False,False,Pro,882,10584,monthly,True,False,False,793,245619,53,76,4.0,3.5,21.0,0.0,255,6-12mo,High,Medium-Low,,2024-12-26,5,3.1098039215686275,1.9,8.5,0.47058823529411764,7497.0,0.18712574850299402,1
A-ffdfd5,Company_365,EdTech,US,2024-04-13,organic,Basic,3,False,True,Pro,147,1764,monthly,True,False,False,529,139609,28,49,0.0,4.0,36.0,0.0,117,3-6mo,Medium-High,Low,2024-08-08,2024-12-21,10,4.521367521367521,1.225,3.9,0.0,573.3,0.3192019950124688,0
A-0dbdc6,Company_366,Cybersecurity,DE,2023-02-12,other,Pro,30,False,True,Pro,2303,27636,annual,True,False,False,512,155107,31,51,4.0,5.0,47.0,0.0,427,1-2yr,Medium-High,Medium-High,2024-04-14,2024-12-31,0,1.199063231850117,1.275,14.233333333333333,0.28103044496487123,32779.36666666666,0.8156028368794326,1
A-7cfe77,Company_367,DevTools,US,2024-07-10,ads,Pro,69,False,False,Basic,1311,15732,annual,True,False,False,205,57582,11,19,7.0,3.5,30.714285714285715,0.0,174,3-6mo,Low,Medium-High,,2024-12-31,0,1.1781609195402298,0.475,5.8,1.206896551724138,7603.8,0.09042553191489362,1
A-1f0636,Company_368,EdTech,AU,2024-01-01,partner,Pro,105,False,False,Enterprise,20895,250740,annual,False,False,False,685,212120,30,58,2.0,3.5,38.5,0.0,365,6-12mo,High,High,,2024-12-29,2,1.8767123287671232,1.45,12.166666666666666,0.16438356164383564,254222.5,0.35375494071146246,1
A-40de06,Company_369,Cybersecurity,US,2023-05-08,event,Enterprise,28,False,True,Basic,532,6384,annual,True,False,True,902,267400,43,84,3.0,4.0,40.333333333333336,0.0,603,1-2yr,High,Medium-Low,,2024-12-17,14,1.4958540630182422,2.1,20.1,0.14925373134328357,10693.2,0.6642066420664207,1
A-cb5333,Company_370,DevTools,US,2024-03-26,ads,Pro,33,False,False,Pro,1617,19404,monthly,True,False,False,796,263767,34,80,4.0,3.0,30.75,0.0,280,3-6mo,High,Medium-High,,2024-12-21,10,2.842857142857143,2.0,9.333333333333334,0.42857142857142855,15092.000000000002,0.22085889570552147,1
A-309e54,Company_371,DevTools,US,2024-12-09,other,Pro,15,False,False,Basic,285,3420,annual,True,False,False,509,168199,24,51,5.0,3.0,23.8,0.0,22,0-3mo,Medium-High,Low,,2024-12-17,14,23.136363636363637,1.275,0.7333333333333333,6.818181818181818,208.99999999999997,0.0,1
A-6e7827,Company_372,DevTools,US,2023-03-26,other,Basic,1,False,False,Pro,833,9996,annual,True,False,False,419,123307,31,36,2.0,3.5,51.0,0.0,646,1-2yr,Medium-Low,Medium-Low,,2024-12-21,10,0.6486068111455109,0.9,21.533333333333335,0.09287925696594426,17937.266666666666,1.0845771144278606,1
A-50bb9f,Company_373,Cybersecurity,US,2024-07-12,organic,Pro,2,False,False,Pro,2646,31752,annual,True,False,False,276,99328,15,23,7.0,4.0,33.285714285714285,0.0,172,0-3mo,Low,Medium-High,,2024-12-23,8,1.6046511627906976,0.575,5.733333333333333,1.2209302325581395,15170.4,0.08235294117647059,1
A-5fe118,Company_374,Cybersecurity,US,2024-11-07,other,Enterprise,39,False,False,Basic,0,0,monthly,True,False,False,233,59902,12,18,1.0,4.0,19.0,0.0,54,0-3mo,Low,Low,,2024-12-19,12,4.314814814814815,0.45,1.8,0.5555555555555556,0.0,0.05909090909090909,1
A-5247b3,Company_375,FinTech,UK,2024-03-12,partner,Pro,16,True,False,Basic,1406,16872,annual,True,True,False,610,177212,29,54,5.0,4.0,45.8,0.0,294,6-12mo,Medium-High,Medium-High,,2024-12-06,25,2.074829931972789,1.35,9.8,0.5102040816326531,13778.800000000001,0.36160714285714285,1
A-f44180,Company_376,Cybersecurity,UK,2023-02-13,event,Pro,9,False,False,Basic,0,0,annual,False,False,False,520,164121,22,46,2.0,5.0,46.5,0.0,687,0-3mo,Medium-High,Low,,2024-12-15,16,0.7569141193595342,1.15,22.9,0.08733624454148473,0.0,0.7161716171617162,1
A-c16cf7,Company_377,EdTech,US,2024-10-16,event,Pro,13,True,False,Basic,665,7980,annual,True,False,False,577,144846,26,53,3.0,3.5,48.333333333333336,0.0,76,0-3mo,Medium-High,Medium-Low,,2024-12-28,3,7.592105263157895,1.325,2.533333333333333,1.1842105263157896,1684.6666666666665,0.0433996383363472,1
A-d42431,Company_378,FinTech,FR,2024-06-09,ads,Enterprise,22,True,False,Enterprise,4378,52536,annual,True,False,False,457,133864,34,43,4.0,4.0,24.25,0.0,205,0-3mo,Medium-Low,High,,2024-12-06,25,2.229268292682927,1.075,6.833333333333333,0.5853658536585367,29916.333333333332,0.17480719794344474,1
A-6965e1,Company_379,DevTools,US,2024-11-25,organic,Basic,13,False,False,Basic,247,2964,monthly,True,False,False,627,188154,29,53,3.0,3.0,39.0,0.0,36,0-3mo,High,Low,,2024-12-28,3,17.416666666666668,1.325,1.2,2.5,296.4,0.01951219512195122,1
A-0354fe,Company_380,Cybersecurity,US,2024-10-22,other,Basic,34,False,False,Basic,0,0,annual,True,False,False,463,152435,30,45,4.0,4.0,20.0,0.0,70,0-3mo,Medium-Low,Low,,2024-12-31,0,6.614285714285714,1.125,2.3333333333333335,1.7142857142857142,0.0,0.0971563981042654,1
A-0a62f5,Company_381,FinTech,UK,2024-09-11,partner,Pro,16,False,False,Basic,475,5700,monthly,True,False,False,244,74890,7,23,2.0,4.0,33.5,0.0,111,0-3mo,Low,Medium-Low,,2024-11-20,41,2.1981981981981984,0.575,3.7,0.5405405405405405,1757.5,0.04721030042918455,1
A-f5641b,Company_382,EdTech,US,2024-03-30,other,Pro,31,False,False,Enterprise,8955,107460,monthly,True,False,False,438,141649,18,38,4.0,3.0,47.5,1.0,276,0-3mo,Medium-Low,High,,2024-12-11,20,1.5869565217391304,0.95,9.2,0.4347826086956522,82386.0,0.168,1
A-b44e3e,Company_383,Cybersecurity,UK,2024-02-12,ads,Basic,40,False,False,Enterprise,7960,95520,annual,True,False,False,387,114913,13,34,3.0,4.333333333333333,40.0,0.0,323,0-3mo,Medium-Low,High,,2024-11-29,32,1.1981424148606812,0.85,10.766666666666667,0.2786377708978328,85702.66666666667,0.24437299035369775,1
A-3b37d9,Company_384,FinTech,US,2023-01-27,event,Enterprise,23,False,False,Enterprise,4577,54924,annual,True,False,False,451,128119,21,37,5.0,4.5,36.0,0.0,704,1-2yr,Medium-Low,High,,2024-12-14,17,0.640625,0.925,23.466666666666665,0.21306818181818182,107406.93333333332,1.0224215246636772,1
A-54d94a,Company_385,Cybersecurity,IN,2023-05-01,event,Basic,27,False,False,Basic,513,6156,annual,True,False,False,582,174162,28,51,4.0,3.5,53.75,0.0,610,1-2yr,Medium-High,Medium-Low,,2024-12-30,1,0.9540983606557377,1.275,20.333333333333332,0.19672131147540986,10431.0,0.8535031847133758,1
A-7f29a7,Company_386,Cybersecurity,UK,2024-09-18,event,Basic,41,True,False,Basic,779,9348,monthly,True,False,False,619,177209,38,59,1.0,4.0,24.0,0.0,104,0-3mo,Medium-High,Medium-Low,,2024-12-14,17,5.951923076923077,1.475,3.466666666666667,0.28846153846153844,2700.5333333333333,0.0333889816360601,1
A-089363,Company_387,FinTech,AU,2023-05-06,event,Basic,2,False,False,Enterprise,0,0,annual,True,False,False,628,196491,33,58,3.0,3.6666666666666665,35.0,0.0,605,6-12mo,High,Low,,2024-12-05,26,1.0380165289256198,1.45,20.166666666666668,0.1487603305785124,0.0,0.589873417721519,1
A-524364,Company_388,DevTools,FR,2024-12-31,partner,Enterprise,3,False,False,Enterprise,0,0,annual,True,False,False,237,72569,24,25,3.0,4.333333333333333,47.66666666666666,0.0,0,,Low,Low,,2024-09-23,99,237.0,0.625,0.03333333333333333,90.0,0.0,0.0,1
A-855a48,Company_389,EdTech,US,2023-12-22,partner,Pro,14,True,False,Enterprise,11940,143280,annual,True,False,False,448,145908,16,42,5.0,3.6666666666666665,39.6,0.0,375,6-12mo,Medium-Low,High,,2024-11-19,42,1.1946666666666668,1.05,12.5,0.4,149250.0,0.22404371584699453,1
A-756192,Company_390,FinTech,IN,2023-06-11,other,Basic,19,False,False,Pro,1862,22344,annual,True,False,False,617,183585,43,61,3.0,4.0,37.333333333333336,0.0,569,1-2yr,Medium-High,Medium-High,,2024-12-29,2,1.0843585237258349,1.525,18.966666666666665,0.15817223198594027,35315.93333333333,0.4831730769230769,1
A-49b828,Company_391,FinTech,IN,2023-05-05,ads,Pro,6,False,False,Enterprise,3980,47760,annual,True,False,False,687,187183,45,61,3.0,3.5,13.666666666666666,1.0,606,1-2yr,High,High,,2024-12-21,10,1.1336633663366336,1.525,20.2,0.1485148514851485,80396.0,0.6474820143884892,1
A-c7ffc2,Company_392,Cybersecurity,US,2023-01-27,partner,Pro,30,True,False,Basic,931,11172,monthly,False,False,False,640,200957,28,56,2.0,3.0,64.0,0.0,704,6-12mo,High,Medium-Low,,2024-12-30,1,0.9090909090909091,1.4,23.466666666666665,0.08522727272727273,21847.466666666664,1.2456140350877194,1
A-751c58,Company_393,FinTech,UK,2024-07-18,organic,Basic,15,False,False,Basic,1349,16188,annual,True,False,False,574,179405,12,53,5.0,4.333333333333333,39.6,0.0,166,3-6mo,Medium-High,Medium-High,,2024-12-29,2,3.4578313253012047,1.325,5.533333333333333,0.9036144578313253,7464.466666666666,0.21610169491525424,1
A-72799b,Company_394,DevTools,FR,2023-11-13,event,Enterprise,20,False,True,Pro,2989,35868,annual,True,False,False,550,154998,34,53,2.0,4.5,33.5,1.0,174,3-6mo,Medium-High,Medium-High,2024-05-05,2024-12-27,4,3.160919540229885,1.325,5.8,0.3448275862068966,17336.2,0.23318385650224216,1
A-812c5b,Company_395,DevTools,CA,2024-02-25,organic,Basic,55,False,True,Pro,2695,32340,monthly,True,False,False,866,269595,46,77,4.0,4.0,27.0,0.0,76,0-3mo,High,Medium-High,2024-05-11,2024-12-28,3,11.394736842105264,1.925,2.533333333333333,1.5789473684210527,6827.333333333333,0.19613259668508287,1
A-69b156,Company_396,EdTech,US,2023-11-21,other,Pro,7,False,True,Basic,152,1824,monthly,False,False,False,360,102483,20,33,7.0,4.0,32.0,0.0,406,1-2yr,Low,Low,,2024-12-12,19,0.8866995073891626,0.825,13.533333333333333,0.5172413793103449,2057.0666666666666,0.24567474048442905,1
A-075038,Company_397,HealthTech,UK,2023-05-12,ads,Basic,17,False,False,Basic,798,9576,monthly,True,False,False,743,198728,31,63,2.0,3.0,43.5,0.0,599,1-2yr,High,Medium-Low,,2024-12-21,10,1.2404006677796326,1.575,19.966666666666665,0.1001669449081803,15933.399999999998,0.6886363636363636,1
A-940b8b,Company_398,HealthTech,DE,2024-03-19,organic,Basic,1,False,False,Enterprise,0,0,annual,True,False,False,362,121184,32,35,3.0,4.0,41.333333333333336,0.0,287,6-12mo,Low,Low,,2024-10-28,64,1.2613240418118468,0.875,9.566666666666666,0.31358885017421606,0.0,0.2026578073089701,1
A-2d1036,Company_399,FinTech,US,2024-06-14,ads,Pro,69,False,True,Pro,3381,40572,monthly,False,False,False,692,181335,40,65,5.0,4.6,37.8,1.0,136,3-6mo,High,High,2024-10-28,2024-12-30,1,5.088235294117647,1.625,4.533333333333333,1.1029411764705883,15327.199999999999,0.18900343642611683,1
A-0f6450,Company_400,FinTech,US,2024-12-27,other,Pro,28,True,True,Enterprise,5572,66864,monthly,False,False,False,539,174670,39,50,8.0,3.8333333333333335,29.75,1.0,3,0-3mo,Medium-High,High,2024-12-30,2024-11-08,53,179.66666666666666,1.25,0.1,80.0,557.2,0.0,1
A-9affe6,Company_401,Cybersecurity,US,2023-03-22,other,Pro,7,False,False,Pro,1127,13524,monthly,True,False,False,473,144853,16,46,3.0,3.0,58.0,0.0,650,6-12mo,Medium-Low,Medium-High,,2024-12-31,0,0.7276923076923076,1.15,21.666666666666668,0.13846153846153844,24418.333333333336,0.4553846153846154,1
A-80eeb6,Company_402,Cybersecurity,UK,2023-05-09,organic,Enterprise,22,False,False,Enterprise,4378,52536,annual,True,False,False,725,221904,43,71,4.0,3.6666666666666665,40.25,1.0,602,3-6mo,High,High,,2024-12-23,8,1.2043189368770764,1.775,20.066666666666666,0.19933554817275748,87851.86666666667,0.7344497607655502,1
A-d4e0d4,Company_403,FinTech,US,2024-10-18,other,Basic,117,False,False,Enterprise,23283,279396,annual,True,True,False,488,144771,33,45,4.0,4.0,39.25,0.0,74,0-3mo,Medium-Low,High,,2024-12-04,27,6.594594594594595,1.125,2.466666666666667,1.6216216216216215,57431.4,0.010351966873706004,1
A-c7e58b,Company_404,HealthTech,IN,2023-06-25,other,Pro,3,False,False,Pro,0,0,monthly,True,False,False,343,105853,18,33,5.0,3.5,30.6,0.0,555,1-2yr,Low,Low,,2024-11-19,42,0.618018018018018,0.825,18.5,0.2702702702702703,0.0,0.5520361990950227,1
A-016043,Company_405,EdTech,CA,2024-07-31,organic,Basic,4,True,False,Basic,494,5928,monthly,False,False,False,490,132075,21,47,3.0,4.0,30.33333333333333,0.0,153,0-3mo,Medium-Low,Medium-Low,,2024-12-31,0,3.2026143790849675,1.175,5.1,0.5882352941176471,2519.3999999999996,0.08888888888888889,1
A-bbe56f,Company_406,HealthTech,US,2023-02-16,ads,Enterprise,21,False,False,Basic,418,5016,annual,True,False,False,232,60604,8,20,4.0,4.0,26.25,0.0,684,1-2yr,Low,Medium-Low,,2024-12-02,29,0.3391812865497076,0.5,22.8,0.17543859649122806,9530.4,0.47770700636942676,1
A-7c5768,Company_407,HealthTech,UK,2024-03-02,event,Enterprise,3,False,False,Enterprise,0,0,monthly,True,False,False,461,142276,31,45,5.0,4.0,28.8,0.0,304,6-12mo,Medium-Low,Low,,2024-12-02,29,1.5164473684210527,1.125,10.133333333333333,0.493421052631579,0.0,0.16120906801007556,1
A-751bd4,Company_408,Cybersecurity,UK,2024-07-12,partner,Pro,10,False,False,Pro,0,0,annual,True,False,False,92,32629,0,9,6.0,4.25,23.166666666666668,1.0,172,0-3mo,Low,Low,,2024-12-18,13,0.5348837209302325,0.225,5.733333333333333,1.0465116279069768,0.0,0.4838709677419355,1
A-4e0e85,Company_409,DevTools,US,2023-09-08,organic,Enterprise,6,False,False,Enterprise,0,0,annual,True,True,False,288,80419,9,29,2.0,5.0,53.0,0.0,480,6-12mo,Low,Low,,2024-12-28,3,0.6,0.725,16.0,0.125,0.0,0.4472361809045226,1
A-ad3abd,Company_410,FinTech,US,2023-03-03,event,Pro,44,False,False,Pro,2156,25872,monthly,True,False,False,296,94866,11,28,3.0,3.0,13.0,0.0,669,3-6mo,Low,Medium-High,,2024-11-21,40,0.44245142002989535,0.7,22.3,0.13452914798206278,48078.8,1.1142857142857143,1
A-e19ff6,Company_411,Cybersecurity,UK,2023-07-28,partner,Enterprise,1,False,False,Pro,1274,15288,monthly,False,False,False,456,144844,24,42,3.0,4.666666666666667,30.666666666666668,0.0,522,6-12mo,Medium-Low,Medium-High,,2024-12-16,15,0.8735632183908046,1.05,17.4,0.1724137931034483,22167.6,0.5510204081632653,1
A-7920cc,Company_412,Cybersecurity,FR,2023-11-23,ads,Pro,39,False,False,Enterprise,13731,164772,annual,True,False,False,601,177512,28,57,7.0,4.333333333333333,32.857142857142854,0.0,404,1-2yr,Medium-High,High,,2024-12-20,11,1.4876237623762376,1.425,13.466666666666667,0.5198019801980198,184910.8,0.33853006681514475,1
A-5a92e7,Company_413,HealthTech,US,2024-06-11,ads,Pro,4,False,False,Pro,0,0,monthly,True,False,False,885,276337,76,83,7.0,4.4,45.0,0.0,203,3-6mo,High,Low,,2024-12-24,7,4.359605911330049,2.075,6.766666666666667,1.0344827586206897,0.0,0.14637305699481865,1
A-fdfc91,Company_414,Cybersecurity,US,2023-05-06,ads,Basic,29,False,False,Basic,2109,25308,monthly,True,False,False,564,158143,29,53,5.0,3.6666666666666665,28.8,0.0,605,1-2yr,Medium-High,Medium-High,,2024-11-19,42,0.9322314049586777,1.325,20.166666666666668,0.24793388429752064,42531.5,0.39950372208436724,1
A-1e50e0,Company_415,Cybersecurity,DE,2023-02-21,other,Pro,19,True,True,Enterprise,3781,45372,annual,True,False,False,194,62650,15,20,2.0,5.0,20.5,1.0,430,6-12mo,Low,High,2024-04-26,2024-12-10,21,0.4511627906976744,0.5,14.333333333333334,0.13953488372093023,54194.333333333336,0.5275590551181102,1
A-1e1b80,Company_416,FinTech,CA,2023-09-12,other,Enterprise,50,False,False,Basic,950,11400,annual,True,True,False,682,209315,47,67,6.0,3.2,43.0,0.0,476,1-2yr,High,Medium-Low,,2024-12-18,13,1.4327731092436975,1.675,15.866666666666667,0.37815126050420167,15073.333333333334,0.4890829694323144,1
A-659280,Company_417,FinTech,IN,2023-11-17,event,Enterprise,13,True,True,Basic,0,0,annual,False,False,False,613,186122,34,57,4.0,4.333333333333333,8.0,0.0,371,1-2yr,Medium-High,Low,2024-11-22,2024-12-24,7,1.6522911051212938,1.425,12.366666666666667,0.32345013477088946,0.0,0.39635535307517084,1
A-f6b2fb,Company_418,DevTools,AU,2024-04-23,event,Basic,23,False,False,Basic,437,5244,monthly,False,False,False,524,158412,37,53,5.0,4.0,55.0,1.0,252,0-3mo,Medium-High,Medium-Low,,2024-12-24,7,2.0793650793650795,1.325,8.4,0.5952380952380952,3670.8,0.1341991341991342,1
A-cb6cc6,Company_419,DevTools,US,2023-04-03,ads,Basic,13,True,False,Pro,1225,14700,monthly,True,False,False,314,101719,26,35,3.0,3.5,16.333333333333332,0.0,638,1-2yr,Low,Medium-High,,2024-12-21,10,0.49216300940438873,0.875,21.266666666666666,0.14106583072100315,26051.666666666664,1.325925925925926,1
A-d62e02,Company_420,Cybersecurity,US,2024-08-20,partner,Pro,6,False,False,Enterprise,1194,14328,monthly,False,False,False,344,126757,23,33,1.0,4.0,36.0,0.0,133,3-6mo,Low,Medium-High,,2024-12-22,9,2.5864661654135337,0.825,4.433333333333334,0.22556390977443608,5293.400000000001,0.1903114186851211,1
A-d535f6,Company_421,DevTools,US,2024-09-03,organic,Basic,12,True,True,Enterprise,0,0,monthly,True,False,True,477,146053,29,46,0.0,4.0,36.0,0.0,84,0-3mo,Medium-Low,Low,2024-11-26,2024-12-25,6,5.678571428571429,1.15,2.8,0.0,0.0,0.03695652173913044,0
A-39868b,Company_422,FinTech,AU,2024-03-17,partner,Pro,9,False,False,Basic,0,0,annual,False,False,False,305,106292,21,28,6.0,4.25,39.0,0.0,289,0-3mo,Low,Low,,2024-12-14,17,1.055363321799308,0.7,9.633333333333333,0.6228373702422145,0.0,0.4950980392156863,1
A-3cc791,Company_423,EdTech,US,2024-01-10,other,Enterprise,6,False,False,Pro,1764,21168,monthly,True,False,False,447,149032,30,42,6.0,4.25,48.333333333333336,1.0,356,6-12mo,Medium-Low,Medium-High,,2024-11-25,36,1.2556179775280898,1.05,11.866666666666667,0.5056179775280899,20932.8,0.1856763925729443,1
A-337bc1,Company_424,Cybersecurity,US,2023-07-19,organic,Pro,30,True,False,Pro,0,0,annual,True,False,True,425,141115,34,42,4.0,4.0,32.5,1.0,531,3-6mo,Medium-Low,Low,,2024-12-05,26,0.800376647834275,1.05,17.7,0.22598870056497175,0.0,0.66015625,1
A-58b9ff,Company_425,DevTools,IN,2024-05-31,partner,Enterprise,2,False,False,Pro,1617,19404,monthly,True,False,False,667,200727,32,62,2.0,4.0,66.0,1.0,214,3-6mo,High,Medium-High,,2024-12-19,12,3.116822429906542,1.55,7.133333333333334,0.2803738317757009,11534.6,0.17223198594024605,1
A-bf7919,Company_426,HealthTech,US,2024-11-27,organic,Pro,3,False,False,Enterprise,0,0,annual,False,False,False,262,77458,14,25,2.0,5.0,14.5,0.0,34,0-3mo,Low,Low,,2024-11-22,39,7.705882352941177,0.625,1.1333333333333333,1.7647058823529411,0.0,0.0,1
A-1d5444,Company_427,Cybersecurity,US,2024-01-18,partner,Basic,24,False,True,Basic,0,0,annual,False,True,False,592,182031,35,53,2.0,4.0,30.0,0.0,135,3-6mo,Medium-High,Low,2024-06-01,2024-12-21,10,4.385185185185185,1.325,4.5,0.4444444444444444,0.0,0.3333333333333333,1
A-0f3e88,Company_428,HealthTech,US,2023-07-23,other,Basic,7,False,True,Pro,343,4116,monthly,False,False,False,598,176630,28,55,3.0,4.5,48.0,0.0,385,1-2yr,Medium-High,Medium-Low,2024-08-11,2024-12-29,2,1.5532467532467533,1.375,12.833333333333334,0.23376623376623376,4401.833333333334,0.9671052631578947,1
A-7641d3,Company_429,EdTech,US,2023-02-16,partner,Pro,8,True,True,Basic,190,2280,annual,True,False,False,519,164755,26,46,5.0,4.333333333333333,45.2,2.0,477,1-2yr,Medium-High,Low,2024-06-07,2024-12-24,7,1.0880503144654088,1.15,15.9,0.31446540880503143,3021.0,0.8404255319148937,1
A-cd458b,Company_430,DevTools,US,2024-06-15,other,Basic,10,True,False,Enterprise,1990,23880,monthly,True,False,True,864,266624,45,80,5.0,4.6,38.4,0.0,199,3-6mo,High,Medium-High,,2024-12-31,0,4.341708542713568,2.0,6.633333333333334,0.7537688442211055,13200.333333333334,0.15508021390374332,1
A-c16b88,Company_431,HealthTech,US,2023-12-02,event,Enterprise,23,False,False,Enterprise,4577,54924,annual,False,False,False,457,154959,24,44,3.0,3.0,48.333333333333336,0.0,395,6-12mo,Medium-Low,High,,2024-11-19,42,1.1569620253164556,1.1,13.166666666666666,0.2278481012658228,60263.83333333333,0.29829545454545453,1
A-59f724,Company_432,HealthTech,US,2023-11-03,other,Enterprise,3,True,False,Basic,342,4104,monthly,True,False,False,696,221691,47,61,4.0,4.25,19.25,0.0,424,1-2yr,High,Medium-Low,,2024-12-07,24,1.6415094339622642,1.525,14.133333333333333,0.2830188679245283,4833.599999999999,0.49036402569593146,1
A-87aa7b,Company_433,HealthTech,US,2024-05-16,organic,Pro,24,True,False,Pro,2499,29988,monthly,True,True,False,742,210545,35,68,3.0,4.0,27.33333333333333,1.0,229,6-12mo,High,Medium-High,,2024-12-26,5,3.2401746724890828,1.7,7.633333333333334,0.3930131004366812,19075.7,0.16666666666666666,1
A-1e6fc3,Company_434,EdTech,FR,2023-12-06,other,Pro,1,False,False,Enterprise,199,2388,annual,True,False,False,244,85274,19,23,5.0,3.6666666666666665,23.8,0.0,391,3-6mo,Low,Low,,2024-10-04,88,0.6240409207161125,0.575,13.033333333333333,0.3836317135549872,2593.633333333333,0.38636363636363635,1
A-39ddf4,Company_435,EdTech,US,2024-12-05,partner,Enterprise,40,False,False,Enterprise,7960,95520,monthly,True,False,False,455,139654,36,45,5.0,4.25,23.0,0.0,26,0-3mo,Medium-Low,High,,2024-12-15,16,17.5,1.125,0.8666666666666667,5.769230769230769,6898.666666666667,0.0,1
A-34ea2f,Company_436,HealthTech,US,2024-08-15,organic,Enterprise,8,False,True,Enterprise,3184,38208,annual,False,False,False,550,175157,30,53,8.0,3.8,35.25,0.0,65,0-3mo,Medium-High,High,2024-10-19,2024-12-27,4,8.461538461538462,1.325,2.1666666666666665,3.6923076923076925,6898.666666666666,0.1752136752136752,1
A-716841,Company_437,FinTech,US,2024-05-06,other,Pro,45,False,False,Enterprise,8955,107460,monthly,True,False,False,344,111161,13,33,5.0,4.0,29.8,0.0,239,6-12mo,Low,High,,2024-12-20,11,1.4393305439330544,0.825,7.966666666666667,0.6276150627615062,71341.5,0.08176100628930817,1
A-558c72,Company_438,FinTech,US,2023-06-01,organic,Basic,12,False,False,Pro,735,8820,annual,True,False,False,296,83537,16,28,4.0,4.5,64.25,1.0,579,1-2yr,Low,Medium-Low,,2024-12-14,17,0.5112262521588946,0.7,19.3,0.20725388601036268,14185.5,0.494949494949495,1
A-b11cd0,Company_439,DevTools,US,2023-01-20,ads,Pro,26,True,True,Pro,1274,15288,annual,True,False,False,278,85711,16,28,4.0,4.0,38.5,0.0,711,1-2yr,Low,Medium-High,,2024-12-21,10,0.3909985935302391,0.7,23.7,0.16877637130801687,30193.8,0.6951219512195121,1
A-cc1d8d,Company_440,FinTech,US,2024-12-08,other,Pro,5,False,False,Enterprise,1194,14328,annual,True,False,False,618,204365,48,60,5.0,4.5,30.2,0.0,23,0-3mo,Medium-High,Medium-High,,2024-12-15,16,26.869565217391305,1.5,0.7666666666666667,6.521739130434782,915.4000000000001,0.0,1
A-7f4db3,Company_441,FinTech,US,2023-03-05,other,Pro,4,False,False,Enterprise,4776,57312,annual,True,False,False,844,278000,46,84,5.0,3.25,16.6,1.0,667,0-3mo,High,High,,2024-12-20,11,1.265367316341829,2.1,22.233333333333334,0.22488755622188905,106186.40000000001,0.8427947598253275,1
A-db5e9e,Company_442,DevTools,US,2024-11-09,partner,Basic,4,False,False,Pro,588,7056,annual,True,False,False,586,170855,27,55,2.0,5.0,66.0,0.0,52,0-3mo,Medium-High,Medium-Low,,2024-12-31,0,11.26923076923077,1.375,1.7333333333333334,1.1538461538461537,1019.2,0.07720588235294118,1
A-cc102e,Company_443,HealthTech,US,2024-04-15,partner,Enterprise,13,False,False,Basic,247,2964,annual,True,True,False,394,121564,39,41,4.0,4.333333333333333,33.25,0.0,260,0-3mo,Medium-Low,Low,,2024-12-28,3,1.5153846153846153,1.025,8.666666666666666,0.46153846153846156,2140.6666666666665,0.20489296636085627,1
A-82d8a6,Company_444,Cybersecurity,UK,2024-11-28,ads,Basic,5,False,False,Pro,245,2940,annual,True,False,False,661,198538,38,69,5.0,3.5,42.2,0.0,33,0-3mo,High,Low,,2024-12-17,14,20.03030303030303,1.725,1.1,4.545454545454545,269.5,0.01848998459167951,1
A-dec005,Company_445,HealthTech,US,2023-10-13,partner,Pro,21,False,False,Enterprise,10746,128952,annual,False,False,False,475,145213,44,47,2.0,3.0,59.0,0.0,445,1-2yr,Medium-Low,High,,2024-12-27,4,1.0674157303370786,1.175,14.833333333333334,0.1348314606741573,159399.0,0.7592592592592593,1
A-5790f4,Company_446,FinTech,UK,2024-12-22,event,Pro,1,True,False,Basic,627,7524,monthly,False,False,False,321,95888,26,33,4.0,4.0,44.0,1.0,9,0-3mo,Low,Medium-Low,,2024-12-09,22,35.666666666666664,0.825,0.3,13.333333333333334,188.1,0.0,1
A-7c83a1,Company_447,Cybersecurity,US,2024-05-06,partner,Pro,12,False,False,Pro,1176,14112,monthly,True,False,False,632,203509,23,58,4.0,4.0,42.0,0.0,239,0-3mo,High,Medium-High,,2024-12-31,0,2.6443514644351462,1.45,7.966666666666667,0.502092050209205,9368.8,0.2038095238095238,1
A-297a2d,Company_448,HealthTech,UK,2023-05-05,event,Pro,27,False,False,Enterprise,5373,64476,annual,True,False,False,244,70412,22,23,2.0,3.0,32.5,0.0,606,1-2yr,Low,High,,2024-11-14,47,0.40264026402640263,0.575,20.2,0.09900990099009901,108534.59999999999,0.291005291005291,1
A-4c56c9,Company_449,FinTech,US,2023-12-20,partner,Enterprise,9,False,True,Basic,342,4104,annual,True,False,False,623,195927,38,60,5.0,3.75,38.6,0.0,107,3-6mo,High,Medium-Low,2024-04-05,2024-12-08,23,5.822429906542056,1.5,3.566666666666667,1.4018691588785046,1219.8000000000002,0.33978494623655914,1
A-cbbe12,Company_450,Cybersecurity,DE,2023-03-22,partner,Enterprise,40,False,False,Enterprise,7960,95520,monthly,True,False,False,178,49983,10,21,6.0,4.25,38.0,0.0,650,1-2yr,Low,High,,2024-12-02,29,0.27384615384615385,0.525,21.666666666666668,0.2769230769230769,172466.6666666667,0.6792452830188679,1
A-4a267b,Company_451,FinTech,US,2024-05-05,other,Pro,25,False,False,Pro,0,0,annual,True,True,False,498,150984,22,46,4.0,4.333333333333333,16.25,0.0,240,0-3mo,Medium-Low,Low,,2024-11-25,36,2.075,1.15,8.0,0.5,0.0,0.2116788321167883,1
A-bcbe98,Company_452,Cybersecurity,US,2024-07-29,other,Enterprise,46,False,False,Basic,874,10488,monthly,True,False,False,635,173619,43,63,7.0,4.0,38.285714285714285,1.0,155,3-6mo,High,Medium-Low,,2024-12-14,17,4.096774193548387,1.575,5.166666666666667,1.3548387096774193,4515.666666666667,0.2049335863377609,1
A-427b69,Company_453,FinTech,US,2024-08-23,other,Basic,17,False,False,Basic,323,3876,monthly,False,False,False,698,215804,36,67,2.0,3.0,31.5,0.0,130,3-6mo,High,Medium-Low,,2024-12-27,4,5.369230769230769,1.675,4.333333333333333,0.46153846153846156,1399.6666666666665,0.12762520193861066,1
A-0be015,Company_454,FinTech,US,2024-10-15,event,Pro,19,False,False,Basic,0,0,monthly,False,False,False,297,88205,13,25,7.0,4.2,40.285714285714285,1.0,77,0-3mo,Low,Low,,2024-10-23,69,3.857142857142857,0.625,2.566666666666667,2.727272727272727,0.0,0.0,1
A-054577,Company_455,EdTech,UK,2024-04-28,ads,Basic,2,False,False,Pro,392,4704,monthly,True,False,False,833,219747,52,82,1.0,4.0,46.0,0.0,247,6-12mo,High,Medium-Low,,2024-12-31,0,3.3724696356275303,2.05,8.233333333333333,0.12145748987854252,3227.4666666666662,0.14580467675378267,1
A-bc87bc,Company_456,FinTech,US,2024-07-17,event,Pro,3,False,False,Basic,152,1824,monthly,True,False,False,394,135160,14,34,7.0,3.75,40.57142857142857,0.0,167,3-6mo,Medium-Low,Low,,2024-12-21,10,2.3592814371257487,0.85,5.566666666666666,1.25748502994012,846.1333333333333,0.2123076923076923,1
A-0f7d77,Company_457,FinTech,IN,2024-10-28,partner,Pro,3,False,False,Basic,133,1596,annual,True,False,False,298,93933,19,29,5.0,5.0,27.2,0.0,64,0-3mo,Low,Low,,2024-12-30,1,4.65625,0.725,2.1333333333333333,2.34375,283.73333333333335,0.08363636363636363,1
A-e7beab,Company_458,EdTech,DE,2023-10-20,organic,Enterprise,5,False,False,Pro,245,2940,monthly,True,False,False,373,131074,17,33,6.0,4.0,36.66666666666666,0.0,438,6-12mo,Medium-Low,Low,,2024-10-13,79,0.8515981735159818,0.825,14.6,0.4109589041095891,3577.0,0.12349397590361445,1
A-a09355,Company_459,FinTech,US,2024-08-10,organic,Basic,14,False,False,Pro,686,8232,monthly,True,False,False,788,217064,47,73,5.0,4.0,32.6,0.0,143,0-3mo,High,Medium-Low,,2024-12-31,0,5.510489510489511,1.825,4.766666666666667,1.048951048951049,3269.9333333333334,0.13055954088952654,1
A-31ab9a,Company_460,FinTech,DE,2024-03-03,organic,Pro,3,False,False,Enterprise,2786,33432,monthly,True,False,False,340,129917,23,29,7.0,3.5,43.142857142857146,0.0,303,6-12mo,Low,Medium-High,,2024-12-01,30,1.1221122112211221,0.725,10.1,0.6930693069306931,28138.6,0.22302158273381295,1
A-0158bb,Company_461,FinTech,DE,2024-05-22,partner,Basic,5,False,False,Pro,2205,26460,annual,True,True,False,364,122051,22,32,1.0,3.0,32.0,0.0,223,6-12mo,Low,Medium-High,,2024-12-28,3,1.6322869955156951,0.8,7.433333333333334,0.13452914798206278,16390.5,0.14826498422712933,1
A-f19b24,Company_462,Cybersecurity,US,2023-01-10,organic,Pro,29,True,False,Basic,551,6612,monthly,True,False,False,119,46012,10,12,2.0,4.0,35.5,1.0,721,1-2yr,Low,Medium-Low,,2024-11-03,58,0.1650485436893204,0.3,24.033333333333335,0.08321775312066573,13242.366666666667,0.9508196721311475,1
A-798a3f,Company_463,DevTools,FR,2023-10-19,other,Enterprise,12,False,True,Enterprise,2587,31044,monthly,False,False,False,352,105146,19,32,5.0,4.0,33.0,0.0,274,6-12mo,Low,Medium-High,2024-07-19,2024-12-01,30,1.2846715328467153,0.8,9.133333333333333,0.5474452554744526,23627.93333333333,0.2616487455197133,1
A-42b791,Company_464,FinTech,AU,2024-05-20,event,Pro,3,False,False,Basic,380,4560,monthly,False,False,False,312,84693,6,28,3.0,4.0,33.666666666666664,0.0,225,6-12mo,Low,Medium-Low,,2024-12-20,11,1.3866666666666667,0.7,7.5,0.4,2850.0,0.18181818181818182,1
A-068fc6,Company_465,EdTech,US,2023-07-17,event,Enterprise,35,False,False,Enterprise,6965,83580,monthly,True,False,False,598,189037,29,57,5.0,4.333333333333333,38.8,0.0,533,1-2yr,Medium-High,High,,2024-12-29,2,1.1219512195121952,1.425,17.766666666666666,0.28142589118198874,123744.83333333333,0.6845070422535211,1
A-6f50ae,Company_466,FinTech,US,2023-09-21,partner,Pro,19,False,True,Enterprise,3781,45372,monthly,True,False,False,811,240012,48,75,5.0,4.5,31.0,0.0,158,3-6mo,High,High,2024-02-26,2024-12-22,9,5.132911392405063,1.875,5.266666666666667,0.949367088607595,19913.266666666666,0.5626204238921002,1
A-a2485e,Company_467,FinTech,US,2024-08-04,event,Pro,3,True,False,Enterprise,3383,40596,annual,True,False,False,317,102647,13,25,0.0,4.0,36.0,0.0,149,3-6mo,Low,High,,2024-11-27,34,2.12751677852349,0.625,4.966666666666667,0.0,16802.233333333334,0.08191126279863481,0
A-bb1eaa,Company_468,Cybersecurity,US,2024-06-11,organic,Basic,21,False,False,Pro,1225,14700,annual,True,False,False,164,45337,7,17,6.0,4.5,23.5,0.0,203,0-3mo,Low,Medium-High,,2024-11-16,45,0.8078817733990148,0.425,6.766666666666667,0.8866995073891626,8289.166666666666,0.30158730158730157,1
A-cc98bc,Company_469,DevTools,US,2023-05-24,ads,Basic,32,False,False,Basic,0,0,monthly,True,False,False,551,160470,24,53,3.0,4.0,4.666666666666667,0.0,587,1-2yr,Medium-High,Low,,2024-12-24,7,0.938671209540034,1.325,19.566666666666666,0.15332197614991483,0.0,0.28438228438228436,1
A-d77f4c,Company_470,DevTools,US,2023-09-25,partner,Pro,4,True,False,Pro,196,2352,annual,True,True,False,617,182046,32,61,2.0,4.0,31.0,0.0,463,1-2yr,Medium-High,Low,,2024-12-20,11,1.3326133909287257,1.525,15.433333333333334,0.12958963282937364,3024.9333333333334,0.34130434782608693,1
A-ccabf0,Company_471,HealthTech,IN,2023-11-06,organic,Pro,1,False,False,Basic,0,0,annual,True,False,False,506,169088,29,48,4.0,3.6666666666666665,46.25,0.0,421,6-12mo,Medium-High,Low,,2024-12-30,1,1.2019002375296912,1.2,14.033333333333333,0.2850356294536817,0.0,0.4540229885057471,1
A-700ade,Company_472,Cybersecurity,UK,2024-10-31,organic,Enterprise,1,True,False,Basic,950,11400,monthly,False,False,False,284,85381,18,29,4.0,4.666666666666667,30.25,0.0,61,0-3mo,Low,Medium-Low,,2024-10-12,80,4.655737704918033,0.725,2.033333333333333,1.9672131147540985,1931.6666666666665,0.0,1
A-4a4c2d,Company_473,DevTools,US,2023-05-02,event,Enterprise,54,False,False,Pro,2646,31752,monthly,True,False,False,587,164208,37,57,5.0,4.25,42.0,0.0,609,1-2yr,Medium-High,Medium-High,,2024-12-28,3,0.9638752052545156,1.425,20.3,0.24630541871921183,53713.8,0.6038251366120219,1
A-b7ef83,Company_474,Cybersecurity,UK,2024-05-29,partner,Pro,1,True,False,Pro,588,7056,monthly,False,False,False,738,216777,39,68,2.0,4.0,47.5,0.0,216,0-3mo,High,Medium-Low,,2024-12-25,6,3.4166666666666665,1.7,7.2,0.2777777777777778,4233.6,0.14418604651162792,1
A-e08cd3,Company_475,FinTech,US,2024-09-21,ads,Pro,67,True,False,Basic,1273,15276,annual,True,False,True,432,138064,21,41,8.0,4.0,30.375,0.0,101,,Medium-Low,Medium-High,,2024-12-30,1,4.2772277227722775,1.025,3.3666666666666667,2.376237623762376,4285.766666666666,0.11627906976744186,1
A-19b2c8,Company_476,DevTools,IN,2023-06-06,other,Pro,20,False,False,Enterprise,3980,47760,monthly,True,False,False,601,188401,34,54,3.0,4.666666666666667,29.33333333333333,0.0,574,1-2yr,Medium-High,High,,2024-12-30,1,1.0470383275261324,1.35,19.133333333333333,0.15679442508710803,76150.66666666667,0.5941644562334217,1
A-970c97,Company_477,HealthTech,DE,2024-03-01,other,Enterprise,14,False,False,Pro,931,11172,annual,True,False,False,444,133732,24,40,1.0,5.0,61.0,0.0,305,6-12mo,Medium-Low,Medium-Low,,2024-12-30,1,1.455737704918033,1.0,10.166666666666666,0.09836065573770493,9465.166666666666,0.2542372881355932,1
A-6dee43,Company_478,FinTech,UK,2023-08-12,other,Basic,3,True,False,Pro,0,0,annual,True,False,False,461,142536,11,47,5.0,4.333333333333333,44.2,0.0,507,3-6mo,Medium-Low,Low,,2024-11-18,43,0.9092702169625246,1.175,16.9,0.2958579881656805,0.0,0.2561307901907357,1
A-5ed98d,Company_479,DevTools,US,2024-06-22,partner,Basic,24,False,False,Basic,0,0,annual,True,False,False,312,90314,18,31,5.0,5.0,35.8,0.0,192,3-6mo,Low,Low,,2024-12-15,16,1.625,0.775,6.4,0.78125,0.0,0.3054393305439331,1
A-c58f49,Company_480,EdTech,US,2024-07-31,other,Enterprise,70,True,False,Enterprise,13930,167160,annual,True,False,False,363,108540,22,35,3.0,5.0,36.333333333333336,1.0,153,0-3mo,Low,High,,2024-12-09,22,2.372549019607843,0.875,5.1,0.5882352941176471,71043.0,0.13793103448275862,1
A-9c18c4,Company_481,HealthTech,US,2023-07-27,ads,Pro,11,False,True,Enterprise,2189,26268,monthly,True,True,False,556,178453,37,52,4.0,4.0,42.25,0.0,523,1-2yr,Medium-High,Medium-High,,2024-12-13,18,1.0630975143403443,1.3,17.433333333333334,0.2294455066921606,38161.566666666666,0.7320872274143302,1
A-cc8c8f,Company_482,DevTools,US,2024-06-16,ads,Enterprise,23,False,False,Basic,0,0,annual,True,False,True,268,66983,18,28,2.0,3.5,14.5,0.0,198,0-3mo,Low,Low,,2024-11-21,40,1.3535353535353536,0.7,6.6,0.30303030303030304,0.0,0.12133891213389121,1
A-5f7781,Company_483,DevTools,US,2024-08-20,other,Pro,22,False,False,Pro,1078,12936,annual,True,False,False,183,69505,10,18,2.0,4.0,28.5,0.0,133,3-6mo,Low,Medium-High,,2024-12-25,6,1.3759398496240602,0.45,4.433333333333334,0.45112781954887216,4779.133333333333,0.08284023668639054,1
A-e1b9cd,Company_484,DevTools,US,2023-02-26,event,Pro,40,False,True,Pro,1960,23520,monthly,True,False,False,840,243616,47,75,1.0,3.0,35.0,0.0,583,1-2yr,High,Medium-High,2024-10-01,2024-12-12,19,1.4408233276157805,1.875,19.433333333333334,0.051457975986277875,38089.333333333336,0.9489559164733179,1
A-ac85cd,Company_485,EdTech,US,2024-07-31,partner,Enterprise,53,False,False,Pro,4165,49980,annual,True,False,False,634,176002,29,59,3.0,3.5,33.666666666666664,0.0,153,0-3mo,High,High,,2024-11-27,34,4.143790849673203,1.475,5.1,0.5882352941176471,21241.5,0.13620071684587814,1
A-d792a6,Company_486,DevTools,US,2023-01-23,organic,Enterprise,4,False,False,Enterprise,12935,155220,annual,True,False,False,690,203395,40,65,5.0,4.0,40.6,0.0,708,1-2yr,High,High,,2024-12-31,0,0.9745762711864406,1.625,23.6,0.211864406779661,305266.0,1.5842696629213484,1
A-ac9111,Company_487,HealthTech,US,2023-08-12,event,Pro,21,True,False,Enterprise,4179,50148,monthly,True,False,False,808,254330,46,79,3.0,5.0,24.666666666666668,0.0,507,6-12mo,High,High,,2024-12-27,4,1.593688362919132,1.975,16.9,0.1775147928994083,70625.09999999999,0.4690909090909091,1
A-18793f,Company_488,EdTech,US,2024-12-18,organic,Basic,148,True,False,Basic,0,0,monthly,True,True,False,486,168310,20,44,5.0,3.8,45.2,0.0,13,0-3mo,Medium-Low,Low,,2024-12-12,19,37.38461538461539,1.1,0.43333333333333335,11.538461538461538,0.0,0.0,1
A-9f0b68,Company_489,EdTech,US,2024-04-28,ads,Basic,10,False,False,Pro,0,0,annual,True,True,False,709,194123,33,66,3.0,3.0,30.33333333333333,0.0,247,3-6mo,High,Low,,2024-12-27,4,2.8704453441295548,1.65,8.233333333333333,0.3643724696356276,0.0,0.1078125,1
A-d3c88e,Company_490,DevTools,US,2024-10-18,event,Pro,16,False,False,Enterprise,3184,38208,monthly,True,False,False,644,204483,48,60,3.0,4.0,58.0,0.0,74,0-3mo,High,High,,2024-12-21,10,8.702702702702704,1.5,2.466666666666667,1.2162162162162162,7853.866666666667,0.07333333333333333,1
A-ccb686,Company_491,DevTools,US,2024-01-22,other,Basic,10,False,False,Basic,209,2508,annual,True,False,False,721,203848,46,67,1.0,4.0,67.0,0.0,344,3-6mo,High,Low,,2024-12-28,3,2.0959302325581395,1.675,11.466666666666667,0.0872093023255814,2396.5333333333333,0.5020833333333333,1
A-118f1c,Company_492,Cybersecurity,US,2024-10-31,other,Pro,32,False,False,Enterprise,6368,76416,annual,False,False,False,369,96816,14,36,1.0,3.0,64.0,0.0,61,0-3mo,Low,High,,2024-10-05,87,6.049180327868853,0.9,2.033333333333333,0.49180327868852464,12948.266666666666,0.0,1
A-0e966d,Company_493,FinTech,IN,2024-06-25,ads,Basic,11,False,True,Basic,209,2508,annual,True,False,False,636,197685,34,61,3.0,4.5,31.666666666666668,1.0,189,6-12mo,High,Low,,2024-12-14,17,3.365079365079365,1.525,6.3,0.4761904761904762,1316.7,0.23017408123791103,1
A-b9f5b1,Company_494,Cybersecurity,US,2023-01-24,other,Pro,15,True,False,Enterprise,2985,35820,annual,True,False,False,307,90576,12,27,6.0,3.333333333333333,31.83333333333333,1.0,707,3-6mo,Low,Medium-High,,2024-11-29,32,0.43422913719943423,0.675,23.566666666666666,0.2545968882602546,70346.5,0.6868131868131868,1
A-8ae3fc,Company_495,DevTools,CA,2024-06-28,ads,Pro,9,False,False,Basic,380,4560,monthly,True,False,False,402,130242,30,37,4.0,3.5,39.5,0.0,186,0-3mo,Medium-Low,Medium-Low,,2024-12-24,7,2.161290322580645,0.925,6.2,0.6451612903225806,2356.0,0.1518624641833811,1
A-55f257,Company_496,FinTech,US,2023-12-21,organic,Basic,9,False,False,Enterprise,4179,50148,monthly,False,False,False,476,145972,25,50,6.0,5.0,43.16666666666666,0.0,376,1-2yr,Medium-Low,High,,2024-12-31,0,1.2659574468085106,1.25,12.533333333333333,0.4787234042553192,52376.8,0.48286604361370716,1
A-d26ab4,Company_497,DevTools,UK,2024-11-07,organic,Basic,9,False,True,Enterprise,6567,78804,monthly,True,False,False,458,121379,24,41,2.0,4.0,49.5,0.0,49,0-3mo,Medium-Low,High,2024-12-26,2024-12-09,22,9.346938775510203,1.025,1.6333333333333333,1.2244897959183674,10726.1,0.024608501118568233,1
A-712533,Company_498,EdTech,US,2023-07-31,organic,Pro,18,False,False,Pro,882,10584,monthly,False,False,False,571,180056,35,52,5.0,3.75,37.4,0.0,519,6-12mo,Medium-High,Medium-Low,,2024-12-12,19,1.1001926782273603,1.3,17.3,0.2890173410404624,15258.6,0.6039325842696629,1
A-781cc0,Company_499,EdTech,US,2024-09-04,organic,Pro,12,False,False,Basic,228,2736,annual,True,False,False,864,270008,42,79,4.0,3.6666666666666665,57.5,0.0,118,3-6mo,High,Low,,2024-12-30,1,7.322033898305085,1.975,3.933333333333333,1.0169491525423728,896.8,0.0922882427307206,1
