account_id,seats,is_trial,mrr_amount,arr_amount,auto_renew_flag,upgrade_flag,downgrade_flag,total_usage_count,total_usage_duration_secs,total_errors,distinct_features_used,ticket_count,avg_satisfaction,avg_resolution_hours,escalation_count,tenure_days,days_since_last_activity,usage_rate_per_day,feature_breadth_ratio,tenure_months,support_tickets_per_month,clv_proxy,engagement_trend_ratio,has_support_tickets,industry_DevTools,industry_EdTech,industry_FinTech,industry_HealthTech,country_CA,country_DE,country_FR,country_IN,country_UK,country_US,plan_tier_Enterprise,plan_tier_Pro,billing_frequency_monthly,referral_source_event,referral_source_organic,referral_source_other,referral_source_partner,top_risk_increasing,top_risk_decreasing
A-2e4581,0.02676434998020378,-0.02314051556396136,-0.01571004169155768,-0.015710041691557788,-0.03374740520713475,0.0302206082354628,-0.0016854774780280498,0.17312404482518548,-0.0010593418349240094,-0.4297805560757765,-0.03036525917482304,-0.041843764104455165,-0.009900152992455497,0.01837284005564892,-0.009456650745481975,0.6129537797544226,-0.04433721660289085,-0.036883613844246,-0.030365259174822946,0.6140748474381872,-0.014367856073573248,0.05111905936228826,-0.8372519831317635,-0.0017363872814420765,-0.1952022743700931,0.013626855673546847,-0.06499333512347424,-0.10110161333830604,-0.013499648900002976,-0.06127449945998744,-0.019062961308309635,-0.028499466082859387,-0.0252157751870108,0.199685278281537,0.03199092698208957,0.06657295861783105,-0.06531088705930968,-0.07988674679700883,0.08224532213363035,-0.05596714365156208,-0.19533853329703998,tenure_months (+0.614); tenure_days (+0.613); country_US (+0.200),engagement_trend_ratio (-0.837); total_errors (-0.430); referral_source_partner (-0.195)
A-43a9e3,0.003996944515002075,-0.02314051556396136,-0.015137871878085482,-0.01513787187808559,-0.03374740520713475,0.0302206082354628,-0.0016854774780280498,-0.5301557581207271,0.025170882050957355,0.48383621503304863,0.09528408913478954,-0.019704206377230214,0.00014736357634236903,-0.0028356412835651027,-0.009456650745481975,-0.4942773196620385,0.2132796382762914,0.038257566616421344,0.09528408913478921,-0.4951813328979352,-0.03316353914953235,0.020809753564570856,0.49442810760158795,-0.0017363872814420765,-0.1952022743700931,-0.0015140950748385386,0.18498103073604205,-0.10110161333830604,-0.013499648900002976,-0.06127449945998744,-0.019062961308309635,0.32774385995288297,-0.0252157751870108,-0.31232825577368606,0.03199092698208957,0.06657295861783105,-0.06531088705930968,-0.07988674679700883,0.08224532213363035,0.21054306421301927,0.03447150587594823,engagement_trend_ratio (+0.494); total_errors (+0.484); country_IN (+0.328),total_usage_count (-0.530); tenure_months (-0.495); tenure_days (-0.494)
A-0a282f,0.04700204372704973,-0.02314051556396136,-0.02488963565552465,-0.024889635655524826,-0.03374740520713475,0.0302206082354628,-0.0016854774780280498,1.2905575095059132,-0.05170888318642639,-0.8104542107044534,-0.22581980098977594,-0.019704206377230214,0.006845707955540948,-0.010847734233934833,-0.009456650745481975,0.48299707794497876,0.11836816542606639,-0.030670396279246632,-0.22581980098977522,0.4838804600747924,-0.01668386807753286,0.055210193838575776,-0.6065787920344469,-0.0017363872814420765,0.6535032663694421,-0.0015140950748385386,-0.06499333512347424,-0.10110161333830604,-0.013499648900002976,-0.06127449945998744,-0.019062961308309635,-0.028499466082859387,-0.0252157751870108,0.199685278281537,0.03199092698208957,0.06657295861783105,0.055635200087560094,-0.07988674679700883,-0.22236698206500055,-0.05596714365156208,0.03447150587594823,total_usage_count (+1.291); industry_DevTools (+0.654); tenure_months (+0.484),total_errors (-0.810); engagement_trend_ratio (-0.607); distinct_features_used (-0.226)
A-1f0ac7,-0.011181325795132391,0.06942154669188408,-0.011480960461545793,-0.011480960461545876,-0.03374740520713475,-0.34753699470782223,-0.0016854774780280498,-0.42466378767884017,0.024457789621819475,0.21736465679297465,0.05340097303158535,-0.041843764104455165,0.00014736357634236903,0.00988944751996331,-0.009456650745481975,-0.4682859793001497,-0.03077843476714441,0.0374358061635212,0.05340097303158518,-0.4691424554252561,-0.034929523620922026,0.009953876920725035,0.6352293095971101,-0.0017363872814420765,-0.1952022743700931,-0.0015140950748385386,-0.06499333512347424,0.35845117456308506,-0.013499648900002976,-0.06127449945998744,-0.019062961308309635,-0.028499466082859387,0.22694197668309718,-0.31232825577368606,0.03199092698208957,0.06657295861783105,-0.06531088705930968,-0.07988674679700883,0.08224532213363035,0.21054306421301927,0.03447150587594823,engagement_trend_ratio (+0.635); industry_HealthTech (+0.358); country_UK (+0.227),tenure_months (-0.469); tenure_days (-0.468); total_usage_count (-0.425)
A-ce550d,-0.03900815469704558,-0.02314051556396136,0.2436943378728478,0.24369433787284955,-0.03374740520713475,0.0302206082354628,-0.0016854774780280498,0.34503688554529743,-0.03355832438126532,-0.16330899783570246,-0.08620941397909528,0.06885402453166961,-0.001862139737417206,-0.008895207380483394,0.03352812537034518,0.6493416562610668,0.1319269472618128,-0.06416710357782932,-0.08620941397909503,0.6505292758999377,0.06564662315999925,-0.05128766001088596,-0.9243854599701065,-0.0017363872814420765,-0.1952022743700931,-0.0015140950748385386,-0.06499333512347424,0.35845117456308506,-0.013499648900002976,-0.06127449945998744,-0.019062961308309635,-0.028499466082859387,-0.0252157751870108,0.199685278281537,-0.07464549629154232,0.06657295861783105,-0.06531088705930968,0.390035293185396,0.08224532213363035,-0.05596714365156208,0.03447150587594823,tenure_months (+0.651); tenure_days (+0.649); referral_source_event (+0.390),engagement_trend_ratio (-0.924); industry_DevTools (-0.195); total_errors (-0.163)
A-1b9609,0.0394129085719825,-0.02314051556396136,-0.026108606127704544,-0.026108606127704735,-0.03374740520713475,0.0302206082354628,-0.0016854774780280498,-0.13163053645137662,0.004984526325254659,0.21736465679297465,0.004537337577847121,0.002435351349994744,-0.009900152992455497,-0.00990513506330311,-0.009456650745481975,-0.3487258136354614,-0.3155128533178196,0.03449009792885853,0.004537337577847101,-0.34936361905093316,-0.03039819028035202,0.056197091715289034,0.967751975805687,-0.0017363872814420765,-0.1952022743700931,0.013626855673546847,-0.06499333512347424,-0.10110161333830604,-0.013499648900002976,-0.06127449945998744,-0.019062961308309635,0.32774385995288297,-0.0252157751870108,-0.31232825577368606,-0.07464549629154232,0.06657295861783105,0.055635200087560094,-0.07988674679700883,0.08224532213363035,-0.05596714365156208,0.03447150587594823,engagement_trend_ratio (+0.968); country_IN (+0.328); total_errors (+0.217),tenure_months (-0.349); tenure_days (-0.349); days_since_last_activity (-0.316)
A-a0ca4e,0.02170492654349229,-0.02314051556396136,0.0382480594137116,0.03824805941371188,-0.03374740520713475,0.0302206082354628,-0.0016854774780280498,-0.4598277778261359,0.017062529343777496,0.48383621503304863,0.05340097303158535,0.04671446680444465,-0.001862139737417206,-0.004485189832170625,0.11949767760199949,0.035946023720492146,0.05057425624733421,0.03179627313781564,0.05340097303158518,0.03601176754471493,-0.020080167559849475,-0.06703342861238241,-0.07621581735342971,-0.0017363872814420765,-0.1952022743700931,-0.0015140950748385386,-0.06499333512347424,-0.10110161333830604,-0.013499648900002976,-0.06127449945998744,-0.019062961308309635,-0.028499466082859387,-0.0252157751870108,0.199685278281537,0.03199092698208957,-0.10412693527404343,-0.06531088705930968,-0.07988674679700883,0.08224532213363035,-0.05596714365156208,0.03447150587594823,total_errors (+0.484); country_US (+0.200); escalation_count (+0.119),total_usage_count (-0.460); industry_DevTools (-0.195); plan_tier_Pro (-0.104)
A-e5d6ab,0.041942620290338246,-0.02314051556396136,-0.00660507857282621,-0.0066050785728262555,-0.03374740520713475,0.0302206082354628,-0.0016854774780280498,-0.42466378767884017,0.01985854836549772,0.14122992586723926,0.04642045368105132,-0.019704206377230214,0.00014736357634236903,-0.00943383547798723,-0.009456650745481975,-0.816569940149459,-0.15280747128886232,0.039407979552296746,0.04642045368105117,-0.8180634135591538,-0.03425744159000598,-0.022253456960583753,1.7028284519706167,-0.0017363872814420765,-0.1952022743700931,0.013626855673546847,-0.06499333512347424,-0.10110161333830604,-0.013499648900002976,-0.06127449945998744,-0.019062961308309635,-0.028499466082859387,-0.0252157751870108,0.199685278281537,0.03199092698208957,-0.10412693527404343,0.055635200087560094,-0.07988674679700883,0.08224532213363035,-0.05596714365156208,-0.19533853329703998,engagement_trend_ratio (+1.703); country_US (+0.200); total_errors (+0.141),tenure_months (-0.818); tenure_days (-0.817); total_usage_count (-0.425)
A-7dacce,0.019175214825136545,-0.02314051556396136,-0.026108606127704544,-0.026108606127704735,-0.03374740520713475,-0.34753699470782223,-0.0016854774780280498,-0.0730238862058839,0.002480506358569345,-0.08717426690996702,0.011517856928381155,0.002435351349994744,-0.0032018086132569205,0.004940801874146706,-0.009456650745481975,0.5297814905963785,0.2132796382762914,-0.0052111569602531155,0.011517856928381084,0.5307504395256146,-0.004460471389968222,0.056197091715289034,-0.8239961087147777,-0.0017363872814420765,-0.1952022743700931,-0.0015140950748385386,-0.06499333512347424,-0.10110161333830604,0.2564933291000565,-0.06127449945998744,-0.019062961308309635,-0.028499466082859387,-0.0252157751870108,-0.31232825577368606,-0.07464549629154232,0.06657295861783105,0.055635200087560094,0.390035293185396,0.08224532213363035,-0.05596714365156208,0.03447150587594823,tenure_months (+0.531); tenure_days (+0.530); referral_source_event (+0.390),engagement_trend_ratio (-0.824); upgrade_flag (-0.348); country_US (-0.312)
A-10b8da,0.014115791388425052,-0.02314051556396136,-0.005386108100646312,-0.005386108100646351,-0.03374740520713475,0.0302206082354628,-0.0016854774780280498,-0.9130525397246128,0.03916532097278824,0.48383621503304863,0.13018668588745969,-0.019704206377230214,-0.004876394708056564,0.006590350422752248,-0.009456650745481975,-0.7567898573171149,0.1319269472618128,0.04159163700287076,0.13018668588745927,-0.7581739953719923,-0.03408852545057265,-0.024094099825882304,0.6488136129658977,-0.0017363872814420765,0.6535032663694421,-0.0015140950748385386,-0.06499333512347424,-0.10110161333830604,-0.013499648900002976,-0.06127449945998744,-0.019062961308309635,-0.028499466082859387,-0.0252157751870108,0.199685278281537,-0.07464549629154232,0.06657295861783105,-0.06531088705930968,-0.07988674679700883,0.08224532213363035,-0.05596714365156208,-0.19533853329703998,industry_DevTools (+0.654); engagement_trend_ratio (+0.649); total_errors (+0.484),total_usage_count (-0.913); tenure_months (-0.758); tenure_days (-0.757)
A-592832,0.003996944515002075,-0.02314051556396136,-0.015137871878085482,-0.01513787187808559,0.11298044351953808,0.0302206082354628,-0.0016854774780280498,2.1970070333028673,-0.09016720785069941,-1.0769257689445273,-0.35146914929938844,-0.019704206377230214,0.010194880145140235,0.004705152081488775,-0.009456650745481975,0.7870957601790772,0.22683842011203784,-1.3417113477948153,-0.3514691492993874,0.7885353265051358,0.26934361441147964,0.055562657365973364,-0.8308119301027285,-0.0017363872814420765,-0.1952022743700931,-0.0015140950748385386,-0.06499333512347424,-0.10110161333830604,-0.013499648900002976,-0.06127449945998744,-0.019062961308309635,-0.028499466082859387,-0.0252157751870108,0.199685278281537,0.03199092698208957,0.06657295861783105,0.055635200087560094,-0.07988674679700883,-0.22236698206500055,-0.05596714365156208,0.03447150587594823,total_usage_count (+2.197); tenure_months (+0.789); tenure_days (+0.787),usage_rate_per_day (-1.342); total_errors (-1.077); engagement_trend_ratio (-0.831)
A-d40bf7,-0.09972123593758346,-0.02314051556396136,-0.012165076542871247,-0.012165076542871332,-0.03374740520713475,0.0302206082354628,-0.0016854774780280498,0.2786160152670724,4.3594946637668226e-05,0.17929729133010694,-0.03036525917482304,-0.041843764104455165,0.010194880145140235,0.021907586945517928,-0.009456650745481975,0.6727338625867667,-0.30195407148207315,-0.07917876755411371,-0.030365259174822946,0.6739642656253487,-0.003814707036662926,0.05144858478710918,-1.0284439954116391,-0.0017363872814420765,-0.1952022743700931,-0.0015140950748385386,0.18498103073604205,-0.10110161333830604,-0.013499648900002976,-0.06127449945998744,-0.019062961308309635,0.32774385995288297,-0.0252157751870108,-0.31232825577368606,0.03199092698208957,0.06657295861783105,-0.06531088705930968,-0.07988674679700883,-0.22236698206500055,-0.05596714365156208,0.03447150587594823,tenure_months (+0.674); tenure_days (+0.673); country_IN (+0.328),engagement_trend_ratio (-1.028); country_US (-0.312); days_since_last_activity (-0.302)
A-6c093d,0.031823773416915266,0.06942154669188408,-0.026108606127704544,-0.026108606127704735,-0.03374740520713475,0.0302206082354628,-0.0016854774780280498,0.70058389703462,-0.03432469383097097,-0.12524163237283475,-0.09318993332962933,-0.019704206377230214,0.010194880145140235,-0.006134738380776176,0.03352812537034518,-0.8191690741856479,0.22683842011203784,0.033968965977822146,-0.09318993332962906,-0.8206673013064215,-0.03426450465304449,0.056197091715289034,1.1114416072510476,-0.0017363872814420765,0.6535032663694421,-0.0015140950748385386,-0.06499333512347424,-0.10110161333830604,-0.013499648900002976,-0.06127449945998744,-0.019062961308309635,-0.028499466082859387,-0.0252157751870108,0.199685278281537,0.03199092698208957,0.06657295861783105,0.055635200087560094,-0.07988674679700883,0.08224532213363035,-0.05596714365156208,-0.19533853329703998,engagement_trend_ratio (+1.111); total_usage_count (+0.701); industry_DevTools (+0.654),tenure_months (-0.821); tenure_days (-0.819); referral_source_partner (-0.195)
A-462d45,0.02170492654349229,0.06942154669188408,-0.007824049045006106,-0.007824049045006162,-0.03374740520713475,0.0302206082354628,-0.0016854774780280498,0.5911848165763668,-0.004759021090120682,0.0270278294786361,-0.1490340881339016,0.002435351349994744,0.00014736357634236903,0.013070719720845414,-0.009456650745481975,-0.10180808019751826,0.03701547441158777,0.024944868897243896,-0.14903408813390115,-0.10199428306048329,-0.028155055738170443,0.014958859009770838,-0.33916145963577665,-0.0017363872814420765,-0.1952022743700931,-0.0015140950748385386,-0.06499333512347424,-0.10110161333830604,-0.013499648900002976,-0.06127449945998744,-0.019062961308309635,-0.028499466082859387,-0.0252157751870108,0.199685278281537,-0.07464549629154232,0.06657295861783105,0.055635200087560094,-0.07988674679700883,0.08224532213363035,-0.05596714365156208,-0.19533853329703998,total_usage_count (+0.591); country_US (+0.200); referral_source_organic (+0.082),engagement_trend_ratio (-0.339); referral_source_partner (-0.195); industry_DevTools (-0.195)
A-956988,0.04700204372704973,-0.02314051556396136,0.053099597615576866,0.05309959761557724,-0.03374740520713475,0.0302206082354628,-0.0016854774780280498,0.6536985768382256,-0.011762387899563178,-0.8485215761673212,-0.1560146074844356,-0.041843764104455165,-0.009900152992455497,-0.02050937573291012,-0.009456650745481975,0.7299148113829219,0.14548572909755925,-0.20522329953107554,-0.15601460748443513,0.7312497960652423,0.02093264947064991,0.040419513480254174,-0.9926478592197518,-0.0017363872814420765,-0.1952022743700931,0.013626855673546847,-0.06499333512347424,-0.10110161333830604,-0.013499648900002976,-0.06127449945998744,-0.019062961308309635,-0.028499466082859387,0.22694197668309718,-0.31232825577368606,-0.07464549629154232,0.06657295861783105,0.055635200087560094,-0.07988674679700883,0.08224532213363035,-0.05596714365156208,0.03447150587594823,tenure_months (+0.731); tenure_days (+0.730); total_usage_count (+0.654),engagement_trend_ratio (-0.993); total_errors (-0.849); country_US (-0.312)
A-ac14bb,-0.003592190640065158,-0.02314051556396136,-0.019491337850156536,-0.01949133785015668,-0.03374740520713475,-0.34753699470782223,-0.0016854774780280498,0.15749560475972077,-0.010529844519889515,-0.5820500179272472,-0.03734577852535707,-0.041843764104455165,0.00014736357634236903,0.016251991921727518,-0.009456650745481975,-0.4370963708658832,0.06413303808308064,0.03352196781563919,-0.03734577852535693,-0.4378958024580415,-0.03483561215856634,0.03578777508121897,0.11660957371861104,-0.0017363872814420765,-0.1952022743700931,-0.0015140950748385386,0.18498103073604205,-0.10110161333830604,-0.013499648900002976,-0.06127449945998744,-0.019062961308309635,-0.028499466082859387,-0.0252157751870108,0.199685278281537,-0.07464549629154232,0.06657295861783105,0.055635200087560094,-0.07988674679700883,0.08224532213363035,-0.05596714365156208,-0.19533853329703998,country_US (+0.200); industry_FinTech (+0.185); total_usage_count (+0.157),total_errors (-0.582); tenure_months (-0.438); tenure_days (-0.437)
A-463db0,0.01158607967006931,-0.02314051556396136,-0.016966327586355325,-0.016966327586355447,-0.03374740520713475,0.0302206082354628,-0.0016854774780280498,-0.48327043792433294,0.02254647650895063,0.5219035804959163,0.06736201173265341,0.04671446680444465,0.0026592427185418354,-0.02003807614759424,0.03352812537034518,0.7429104815638663,0.18616207460479856,-0.12084869781851383,0.06736201173265317,0.7442692348015817,0.17456527701867075,0.05466974976323281,-0.938576588890574,-0.0017363872814420765,-0.1952022743700931,-0.0015140950748385386,-0.06499333512347424,0.35845117456308506,-0.013499648900002976,-0.06127449945998744,-0.019062961308309635,-0.028499466082859387,-0.0252157751870108,0.199685278281537,0.03199092698208957,0.06657295861783105,0.055635200087560094,-0.07988674679700883,0.08224532213363035,-0.05596714365156208,-0.19533853329703998,tenure_months (+0.744); tenure_days (+0.743); total_errors (+0.522),engagement_trend_ratio (-0.939); total_usage_count (-0.483); referral_source_partner (-0.195)
A-ce66f8,-0.023829884386911117,-0.02314051556396136,-0.008433534281096054,-0.008433534281096113,-0.03374740520713475,0.0302206082354628,-0.0016854774780280498,0.012932534154172072,0.008561258609910317,0.29349938771871004,0.025478895629449216,0.04671446680444465,-0.004876394708056564,-0.008019936722039628,-0.009456650745481975,-0.4786825154449052,0.24039720194778427,0.0348306133242285,0.025478895629449123,-0.47955800641432794,-0.027507488692811874,-0.00013441248567713895,0.13328259169404846,-0.0017363872814420765,-0.1952022743700931,0.013626855673546847,-0.06499333512347424,-0.10110161333830604,0.2564933291000565,-0.06127449945998744,-0.019062961308309635,-0.028499466082859387,-0.0252157751870108,-0.31232825577368606,0.03199092698208957,-0.10412693527404343,0.055635200087560094,0.390035293185396,0.08224532213363035,-0.05596714365156208,0.03447150587594823,referral_source_event (+0.390); total_errors (+0.293); country_CA (+0.256),tenure_months (-0.480); tenure_days (-0.479); country_US (-0.312)
A-c4ea60,0.003996944515002075,-0.02314051556396136,0.018446008477891244,0.01844600847789138,-0.03374740520713475,0.0302206082354628,-0.0016854774780280498,-0.24884383694236203,0.006673510333061835,0.33156675318157774,0.025478895629449216,0.024574909077219702,-0.0038716430511767756,-7.84377166989983e-06,-0.009456650745481975,-0.9127378994884474,-0.03077843476714441,0.03900667705065733,0.025478895629449123,-0.9144072602080658,-0.031716986718619146,-0.13361099160820494,0.6289368507890205,-0.0017363872814420765,-0.1952022743700931,-0.0015140950748385386,0.18498103073604205,-0.10110161333830604,-0.013499648900002976,0.8140754928255473,-0.019062961308309635,-0.028499466082859387,-0.0252157751870108,-0.31232825577368606,-0.07464549629154232,0.06657295861783105,-0.06531088705930968,-0.07988674679700883,0.08224532213363035,0.21054306421301927,0.03447150587594823,country_DE (+0.814); engagement_trend_ratio (+0.629); total_errors (+0.332),tenure_months (-0.914); tenure_days (-0.913); country_US (-0.312)
A-832ec2,0.0394129085719825,0.06942154669188408,0.028347033945801424,0.02834703394580163,0.11298044351953808,-0.34753699470782223,-0.0016854774780280498,0.07935340443239715,-0.003811304858867034,0.06509519494150381,-0.00244318177268691,-0.019704206377230214,0.00014736357634236903,0.014131143787806114,0.03352812537034518,-0.24995872026028415,0.1319269472618128,0.03178709894643611,-0.0024431817726868854,-0.25041588465475323,-0.0318912116035324,-0.08656454360494574,0.5804780834258443,-0.0017363872814420765,-0.1952022743700931,-0.0015140950748385386,0.18498103073604205,-0.10110161333830604,-0.013499648900002976,-0.06127449945998744,-0.019062961308309635,-0.028499466082859387,0.22694197668309718,-0.31232825577368606,-0.07464549629154232,0.06657295861783105,0.055635200087560094,0.390035293185396,0.08224532213363035,-0.05596714365156208,0.03447150587594823,engagement_trend_ratio (+0.580); referral_source_event (+0.390); country_UK (+0.227),upgrade_flag (-0.348); country_US (-0.312); tenure_months (-0.250)
A-684255,0.02676434998020378,-0.02314051556396136,-0.026108606127704544,-0.026108606127704735,-0.03374740520713475,0.0302206082354628,0.03202407208253294,0.6341630267563948,-0.0212994868602384,-0.6581847488529826,-0.12111201073176545,0.002435351349994744,0.006845707955540948,0.030744454170190432,0.03352812537034518,0.13211398305948055,-0.07145478027438372,0.016960539954225612,-0.12111201073176507,0.13235561419362704,-0.024523701815074312,0.056197091715289034,-0.3193395832294926,-0.0017363872814420765,-0.1952022743700931,-0.0015140950748385386,0.18498103073604205,-0.10110161333830604,-0.013499648900002976,-0.06127449945998744,-0.019062961308309635,-0.028499466082859387,-0.0252157751870108,0.199685278281537,-0.07464549629154232,0.06657295861783105,0.055635200087560094,-0.07988674679700883,0.08224532213363035,-0.05596714365156208,0.03447150587594823,total_usage_count (+0.634); country_US (+0.200); industry_FinTech (+0.185),total_errors (-0.658); engagement_trend_ratio (-0.319); industry_DevTools (-0.195)
A-c42f1f,0.029294061698559522,-0.02314051556396136,-0.024217958048405114,-0.024217958048405288,-0.03374740520713475,0.0302206082354628,-0.0016854774780280498,-0.6004837384153183,0.026581186258871566,0.25543202225584233,0.0883035697842555,0.11313313998611954,0.00014736357634236903,0.006590350422752248,0.03352812537034518,0.4050230568593125,-0.6002472718684946,0.02101478144664521,0.08830356978425523,0.40576382765675567,0.014626832668305776,0.05430194088498252,-0.957722145792409,-0.0017363872814420765,-0.1952022743700931,-0.0015140950748385386,-0.06499333512347424,0.35845117456308506,-0.013499648900002976,-0.06127449945998744,-0.019062961308309635,-0.028499466082859387,-0.0252157751870108,0.199685278281537,0.03199092698208957,-0.10412693527404343,-0.06531088705930968,-0.07988674679700883,0.08224532213363035,0.21054306421301927,0.03447150587594823,tenure_months (+0.406); tenure_days (+0.405); industry_HealthTech (+0.358),engagement_trend_ratio (-0.958); total_usage_count (-0.600); days_since_last_activity (-0.600)
A-4e44e8,0.041942620290338246,-0.02314051556396136,0.015970752110913703,0.015970752110913818,-0.03374740520713475,0.0302206082354628,-0.0016854774780280498,0.767004767312845,-0.02977155768860209,-0.3917131906129087,-0.13507304943283352,-0.019704206377230214,-0.00655098080285621,0.006590350422752248,-0.009456650745481975,0.6753329966229555,-0.26127772597483384,-0.11012336238881545,-0.13507304943283313,0.6765681533726166,0.014626832668305776,0.04213723369132651,-0.8816880471478814,-0.0017363872814420765,0.6535032663694421,-0.0015140950748385386,-0.06499333512347424,-0.10110161333830604,-0.013499648900002976,-0.06127449945998744,-0.019062961308309635,-0.028499466082859387,-0.0252157751870108,0.199685278281537,-0.07464549629154232,0.06657295861783105,0.055635200087560094,-0.07988674679700883,0.08224532213363035,-0.05596714365156208,0.03447150587594823,total_usage_count (+0.767); tenure_months (+0.677); tenure_days (+0.675),engagement_trend_ratio (-0.882); total_errors (-0.392); days_since_last_activity (-0.261)
A-30b4ca,-0.16802345233318858,-0.02314051556396136,-0.0057841392752356665,-0.005784139275235707,-0.03374740520713475,0.0302206082354628,-0.0016854774780280498,-0.34652158735151656,0.011699480032969693,0.17929729133010694,0.025478895629449216,-0.019704206377230214,0.00014736357634236903,-0.030642316817201254,-0.009456650745481975,0.540178026741134,0.11836816542606639,0.0007811699267887451,0.025478895629449123,0.5411659905146861,-0.012029574723421713,0.042615177431425746,-0.6247234084032794,-0.0017363872814420765,-0.1952022743700931,0.013626855673546847,-0.06499333512347424,-0.10110161333830604,-0.013499648900002976,-0.06127449945998744,-0.019062961308309635,0.32774385995288297,-0.0252157751870108,-0.31232825577368606,0.03199092698208957,0.06657295861783105,0.055635200087560094,-0.07988674679700883,-0.22236698206500055,-0.05596714365156208,0.03447150587594823,tenure_months (+0.541); tenure_days (+0.540); country_IN (+0.328),engagement_trend_ratio (-0.625); total_usage_count (-0.347); country_US (-0.312)
A-9f2731,0.04700204372704973,-0.02314051556396136,-0.026108606127704544,-0.026108606127704735,-0.03374740520713475,0.0302206082354628,-0.0016854774780280498,-0.6512761686280787,0.02671950160073021,0.25543202225584233,0.10226460848532358,-0.08612287955890506,0.00014736357634236903,-7.84377166989983e-06,-0.009456650745481975,0.581764171320156,0.07769181991882708,0.0029594295401704296,0.10226460848532323,0.5828281944709724,-0.0386859821151492,0.056197091715289034,-0.9358186430042877,0.08508297679066168,-0.1952022743700931,-0.0015140950748385386,0.18498103073604205,-0.10110161333830604,-0.013499648900002976,-0.06127449945998744,-0.019062961308309635,0.32774385995288297,-0.0252157751870108,-0.31232825577368606,-0.07464549629154232,0.06657295861783105,0.055635200087560094,0.390035293185396,0.08224532213363035,-0.05596714365156208,0.03447150587594823,tenure_months (+0.583); tenure_days (+0.582); referral_source_event (+0.390),engagement_trend_ratio (-0.936); total_usage_count (-0.651); country_US (-0.312)
A-32fb14,-0.016240749231843883,-0.02314051556396136,0.0382480594137116,0.03824805941371188,-0.03374740520713475,0.0302206082354628,-0.0016854774780280498,-0.010510125944025015,-0.0002238147142890367,0.29349938771871004,0.011517856928381155,0.024574909077219702,0.005171121860741302,0.002819953740225303,-0.009456650745481975,-0.2759500606221729,0.15904451093330568,0.03279558101649508,0.011517856928381084,-0.27645476212743214,-0.02763228845988741,-0.11665645693225012,0.4302485544077642,-0.0017363872814420765,0.6535032663694421,-0.0015140950748385386,-0.06499333512347424,-0.10110161333830604,-0.013499648900002976,-0.06127449945998744,-0.019062961308309635,-0.028499466082859387,-0.0252157751870108,0.199685278281537,-0.07464549629154232,0.06657295861783105,0.055635200087560094,0.390035293185396,0.08224532213363035,-0.05596714365156208,0.03447150587594823,industry_DevTools (+0.654); engagement_trend_ratio (+0.430); referral_source_event (+0.390),tenure_months (-0.276); tenure_days (-0.276); clv_proxy (-0.117)
A-00cac8,0.029294061698559522,0.06942154669188408,-0.014528386641995534,-0.014528386641995638,-0.03374740520713475,0.0302206082354628,0.03202407208253294,0.43490041592171963,-0.010806475203606796,-0.16330899783570246,-0.05130681722642513,-0.041843764104455165,0.00014736357634236903,0.004233852496172905,-0.009456650745481975,-0.41890243261256105,0.14548572909755925,0.03154649379959853,-0.051306817226424974,-0.41966858822716635,-0.03477862993933573,0.021001650373931757,-0.002321608225659238,-0.0017363872814420765,-0.1952022743700931,-0.0015140950748385386,-0.06499333512347424,0.35845117456308506,-0.013499648900002976,-0.06127449945998744,-0.019062961308309635,-0.028499466082859387,-0.0252157751870108,-0.31232825577368606,-0.07464549629154232,0.06657295861783105,0.055635200087560094,-0.07988674679700883,-0.22236698206500055,-0.05596714365156208,0.03447150587594823,total_usage_count (+0.435); industry_HealthTech (+0.358); days_since_last_activity (+0.145),tenure_months (-0.420); tenure_days (-0.419); country_US (-0.312)
A-35083d,0.0014672327966463318,-0.02314051556396136,0.09517895585419513,0.09517895585419581,-0.03374740520713475,0.0302206082354628,-0.0016854774780280498,1.173344209014928,-0.044457573319726176,-0.3917131906129087,-0.1490340881339016,0.002435351349994744,0.010194880145140235,-0.01944895166594942,-0.009456650745481975,-0.7827811976790037,0.2132796382762914,0.03133707764970952,-0.14903408813390115,-0.7842128728446711,-0.0326560389531271,-0.4215358895808219,0.6277487641609197,-0.0017363872814420765,-0.1952022743700931,-0.0015140950748385386,-0.06499333512347424,0.35845117456308506,-0.013499648900002976,-0.06127449945998744,-0.019062961308309635,0.32774385995288297,-0.0252157751870108,-0.31232825577368606,0.03199092698208957,0.06657295861783105,-0.06531088705930968,-0.07988674679700883,0.08224532213363035,-0.05596714365156208,-0.19533853329703998,total_usage_count (+1.173); engagement_trend_ratio (+0.628); industry_HealthTech (+0.358),tenure_months (-0.784); tenure_days (-0.783); clv_proxy (-0.422)
A-eb7fac,0.031823773416915266,-0.02314051556396136,-0.0199639998699814,-0.019963999869981538,-0.03374740520713475,0.0302206082354628,-0.0016854774780280498,0.18484537487428404,-0.01816433911144255,-0.6581847488529826,-0.023384739824289007,0.002435351349994744,0.00014736357634236903,0.002819953740225303,-0.009456650745481975,-0.3071396690564394,0.07769181991882708,0.03180238502859911,-0.023384739824288965,-0.30770141509464694,-0.03008980732835957,0.039219698860459916,0.32671286348763284,-0.0017363872814420765,0.6535032663694421,-0.0015140950748385386,-0.06499333512347424,-0.10110161333830604,-0.013499648900002976,-0.06127449945998744,-0.019062961308309635,-0.028499466082859387,-0.0252157751870108,0.199685278281537,-0.07464549629154232,0.06657295861783105,-0.06531088705930968,-0.07988674679700883,-0.22236698206500055,-0.05596714365156208,0.03447150587594823,industry_DevTools (+0.654); engagement_trend_ratio (+0.327); country_US (+0.200),total_errors (-0.658); tenure_months (-0.308); tenure_days (-0.307)
A-b20d99,-0.001062478921709413,-0.02314051556396136,0.023396521211846336,0.023396521211846506,-0.03374740520713475,-0.34753699470782223,-0.0016854774780280498,-0.6317406185462477,0.023081808109847963,0.559970945958784,0.10226460848532358,-0.041843764104455165,-0.004876394708056564,-0.03606226204833374,-0.009456650745481975,-0.38771282417829456,-1.1019221997911128,0.038180499216491956,0.10226460848532323,-0.3884219352599516,-0.03467692012131022,-0.0904453188966277,0.11767699653729173,-0.0017363872814420765,-0.1952022743700931,-0.0015140950748385386,-0.06499333512347424,0.35845117456308506,-0.013499648900002976,-0.06127449945998744,-0.019062961308309635,0.32774385995288297,-0.0252157751870108,-0.31232825577368606,0.03199092698208957,0.06657295861783105,-0.06531088705930968,-0.07988674679700883,0.08224532213363035,0.21054306421301927,0.03447150587594823,total_errors (+0.560); industry_HealthTech (+0.358); country_IN (+0.328),days_since_last_activity (-1.102); total_usage_count (-0.632); tenure_months (-0.388)
A-396e5f,0.044472332008693986,-0.02314051556396136,-0.005386108100646312,-0.005386108100646351,0.11298044351953808,0.0302206082354628,-0.0016854774780280498,0.1926595949070164,-0.012886840400969534,0.14122992586723926,-0.023384739824289007,0.024574909077219702,0.00014736357634236903,0.015827822294943235,0.03352812537034518,0.5765659032477782,0.15904451093330568,-0.024548877577392453,-0.023384739824288965,0.5776204189764367,0.012652283972622266,0.044213331783770925,-0.6023673743378224,-0.0017363872814420765,-0.1952022743700931,-0.0015140950748385386,-0.06499333512347424,-0.10110161333830604,0.2564933291000565,-0.06127449945998744,-0.019062961308309635,-0.028499466082859387,-0.0252157751870108,-0.31232825577368606,-0.07464549629154232,0.06657295861783105,-0.06531088705930968,-0.07988674679700883,0.08224532213363035,0.21054306421301927,0.03447150587594823,tenure_months (+0.578); tenure_days (+0.577); country_CA (+0.256),engagement_trend_ratio (-0.602); country_US (-0.312); industry_DevTools (-0.195)
A-45ce7a,0.009056367951713567,-0.02314051556396136,0.013495495743936159,0.013495495743936256,-0.03374740520713475,0.0302206082354628,-0.0016854774780280498,-0.2605651669914606,0.012957125085795478,-0.12524163237283475,0.06736201173265341,0.024574909077219702,-0.0032018086132569205,-0.013298492077577353,-0.009456650745481975,-0.5592556705667604,0.14548572909755925,0.037101990731329415,0.06736201173265317,-0.5602785265796324,-0.029918536293708158,-0.07791232328250726,0.4831087985334186,-0.0017363872814420765,-0.1952022743700931,-0.0015140950748385386,0.18498103073604205,-0.10110161333830604,-0.013499648900002976,-0.06127449945998744,-0.019062961308309635,-0.028499466082859387,-0.0252157751870108,0.199685278281537,-0.07464549629154232,0.06657295861783105,-0.06531088705930968,-0.07988674679700883,0.08224532213363035,-0.05596714365156208,0.03447150587594823,engagement_trend_ratio (+0.483); country_US (+0.200); industry_FinTech (+0.185),tenure_months (-0.560); tenure_days (-0.559); total_usage_count (-0.261)
A-08e34e,0.014115791388425052,-0.02314051556396136,0.00854498300998107,0.008544983009981133,-0.03374740520713475,0.0302206082354628,-0.0016854774780280498,0.6263488067236624,-0.018779073964147616,-0.20137636329857014,-0.07224837527802722,-0.019704206377230214,-0.009900152992455497,-0.00990513506330311,-0.009456650745481975,0.6389451201163113,0.22683842011203784,-0.07039605610666393,-0.072248375278027,0.6401137249108662,0.003318053774845629,0.04150104102055898,-0.5314989842045721,-0.0017363872814420765,-0.1952022743700931,0.013626855673546847,-0.06499333512347424,-0.10110161333830604,-0.013499648900002976,-0.06127449945998744,-0.019062961308309635,-0.028499466082859387,-0.0252157751870108,0.199685278281537,0.03199092698208957,0.06657295861783105,-0.06531088705930968,0.390035293185396,0.08224532213363035,-0.05596714365156208,0.03447150587594823,tenure_months (+0.640); tenure_days (+0.639); total_usage_count (+0.626),engagement_trend_ratio (-0.531); total_errors (-0.201); industry_DevTools (-0.195)
A-8145a0,0.044472332008693986,0.06942154669188408,-0.022563640979018112,-0.02256364097901828,-0.03374740520713475,0.0302206082354628,-0.0016854774780280498,0.790447427411042,-0.025565746738011576,-0.011039535984231606,-0.08620941397909528,0.04671446680444465,0.00014736357634236903,0.017430240885017184,-0.009456650745481975,-0.7905785997875703,0.17260329276905212,0.033299474155129495,-0.08620941397909503,-0.7920245360864746,-0.02968511728157889,0.042165686529365864,1.4522808840628965,-0.0017363872814420765,-0.1952022743700931,-0.0015140950748385386,-0.06499333512347424,-0.10110161333830604,-0.013499648900002976,-0.06127449945998744,-0.019062961308309635,-0.028499466082859387,-0.0252157751870108,-0.31232825577368606,0.03199092698208957,0.06657295861783105,-0.06531088705930968,-0.07988674679700883,0.08224532213363035,-0.05596714365156208,-0.19533853329703998,engagement_trend_ratio (+1.452); total_usage_count (+0.790); days_since_last_activity (+0.173),tenure_months (-0.792); tenure_days (-0.791); country_US (-0.312)
A-bad8c1,0.031823773416915266,-0.02314051556396136,-0.0035576523923764687,-0.003557652392376493,-0.03374740520713475,0.0302206082354628,-0.0016854774780280498,-0.41294245762974163,0.012600066592182619,0.5980383114216518,0.06038149238211938,-0.06398332183168014,0.00014736357634236903,0.012717245031858513,-0.009456650745481975,-0.9335309717779585,0.14548572909755925,0.039840544611644164,0.06038149238211917,-0.9352383621862089,-0.03730880061055922,-0.04103193044804433,2.4616792832973626,-0.0017363872814420765,-0.1952022743700931,-0.0015140950748385386,0.18498103073604205,-0.10110161333830604,-0.013499648900002976,-0.06127449945998744,-0.019062961308309635,-0.028499466082859387,-0.0252157751870108,-0.31232825577368606,0.03199092698208957,0.06657295861783105,-0.06531088705930968,-0.07988674679700883,-0.22236698206500055,-0.05596714365156208,0.03447150587594823,engagement_trend_ratio (+2.462); total_errors (+0.598); industry_FinTech (+0.185),tenure_months (-0.935); tenure_days (-0.934); total_usage_count (-0.413)
A-44dc83,0.03688319685362675,-0.02314051556396136,-0.026108606127704544,-0.026108606127704735,-0.03374740520713475,0.0302206082354628,-0.0016854774780280498,-0.9482165298719084,0.03542517167312183,0.5219035804959163,0.18603084069173192,0.06885402453166961,0.006175873517621084,-0.00687535201484395,-0.009456650745481975,0.20488973607276909,-0.8849816904191697,0.034018838493830375,0.18603084069173137,0.20526447111712798,-0.010923657964680512,0.056197091715289034,-0.534558625783007,-0.0017363872814420765,-0.1952022743700931,0.013626855673546847,-0.06499333512347424,-0.10110161333830604,-0.013499648900002976,-0.06127449945998744,0.6163690823020115,-0.028499466082859387,-0.0252157751870108,-0.31232825577368606,0.03199092698208957,0.06657295861783105,0.055635200087560094,-0.07988674679700883,0.08224532213363035,0.21054306421301927,0.03447150587594823,country_FR (+0.616); total_errors (+0.522); referral_source_other (+0.211),total_usage_count (-0.948); days_since_last_activity (-0.885); engagement_trend_ratio (-0.535)
A-f446b6,0.03688319685362675,0.06942154669188408,-0.024926951078142398,-0.024926951078142582,-0.03374740520713475,0.0302206082354628,-0.0016854774780280498,-0.44810644777703734,0.01165747315136818,-0.16330899783570246,0.05340097303158535,0.09099358225889458,0.0026592427185418354,0.007415124697055008,0.03352812537034518,-0.7463933211723595,0.009897910740094896,0.03920044680949359,0.05340097303158518,-0.7477584443829205,-0.026344228665000472,0.05164903343262238,1.371721689784681,-0.0017363872814420765,0.6535032663694421,-0.0015140950748385386,-0.06499333512347424,-0.10110161333830604,-0.013499648900002976,0.8140754928255473,-0.019062961308309635,-0.028499466082859387,-0.0252157751870108,-0.31232825577368606,0.03199092698208957,-0.10412693527404343,0.055635200087560094,-0.07988674679700883,0.08224532213363035,-0.05596714365156208,0.03447150587594823,engagement_trend_ratio (+1.372); country_DE (+0.814); industry_DevTools (+0.654),tenure_months (-0.748); tenure_days (-0.746); total_usage_count (-0.448)
A-a45270,0.041942620290338246,-0.02314051556396136,-0.026108606127704544,-0.026108606127704735,-0.03374740520713475,0.0302206082354628,-0.0016854774780280498,0.9467318280656895,-0.03704335871705913,-1.0007910380187919,-0.13507304943283352,0.002435351349994744,0.00014736357634236903,-0.03959700893820274,-0.009456650745481975,0.31665249962889075,0.15904451093330568,0.0008700472864525463,-0.13507304943283313,0.3172316442496474,-0.019231481281888434,0.056197091715289034,-0.833701551427391,-0.0017363872814420765,-0.1952022743700931,-0.0015140950748385386,-0.06499333512347424,0.35845117456308506,-0.013499648900002976,-0.06127449945998744,-0.019062961308309635,-0.028499466082859387,-0.0252157751870108,0.199685278281537,-0.07464549629154232,0.06657295861783105,0.055635200087560094,-0.07988674679700883,0.08224532213363035,-0.05596714365156208,0.03447150587594823,total_usage_count (+0.947); industry_HealthTech (+0.358); tenure_months (+0.317),total_errors (-1.001); engagement_trend_ratio (-0.834); industry_DevTools (-0.195)
A-854864,-0.001062478921709413,-0.02314051556396136,-0.013918901405905586,-0.013918901405905685,-0.03374740520713475,0.0302206082354628,-0.0016854774780280498,-0.9482165298719084,0.03931951696500843,0.6361056768845195,0.1581087632895958,0.024574909077219702,0.00818537683138066,-0.011601813570440237,-0.009456650745481975,0.7481087496362441,0.02345669257584133,-0.07596963467296754,0.15810876328959533,0.7494770102961175,0.15383251571399378,0.054317286235835205,-1.0284439954116391,-0.0017363872814420765,-0.1952022743700931,-0.0015140950748385386,0.18498103073604205,-0.10110161333830604,-0.013499648900002976,-0.06127449945998744,-0.019062961308309635,0.32774385995288297,-0.0252157751870108,-0.31232825577368606,-0.07464549629154232,0.06657295861783105,0.055635200087560094,0.390035293185396,0.08224532213363035,-0.05596714365156208,0.03447150587594823,tenure_months (+0.749); tenure_days (+0.748); total_errors (+0.636),engagement_trend_ratio (-1.028); total_usage_count (-0.948); country_US (-0.312)
A-1b7577,0.0394129085719825,-0.02314051556396136,-0.001119711448016676,-0.001119711448016684,-0.03374740520713475,0.0302206082354628,-0.0016854774780280498,0.6107203666581977,-0.023220020995897817,-0.23944372876143785,-0.11413149138123142,0.024574909077219702,0.00014736357634236903,0.012434465280668994,-0.009456650745481975,0.6415442541525002,0.0912506017545735,-0.07146651511666864,-0.11413149138123108,0.642717612658134,0.032397770929457455,0.045760255042904804,-0.8820778947082041,-0.0017363872814420765,-0.1952022743700931,-0.0015140950748385386,-0.06499333512347424,-0.10110161333830604,-0.013499648900002976,-0.06127449945998744,-0.019062961308309635,-0.028499466082859387,-0.0252157751870108,0.199685278281537,0.03199092698208957,-0.10412693527404343,-0.06531088705930968,-0.07988674679700883,0.08224532213363035,0.21054306421301927,0.03447150587594823,tenure_months (+0.643); tenure_days (+0.642); total_usage_count (+0.611),engagement_trend_ratio (-0.882); total_errors (-0.239); industry_DevTools (-0.195)
A-05f0e5,-0.031419019541978344,-0.02314051556396136,0.00924153756551244,0.009241537565512508,-0.03374740520713475,0.0302206082354628,-0.0016854774780280498,0.8412398576238024,-0.029120451023778637,-0.734319479778718,-0.12111201073176545,0.002435351349994744,0.00014736357634236903,0.022614536323491724,-0.009456650745481975,-0.7671863934618703,0.22683842011203784,0.0328474002705134,-0.12111201073176507,-0.7685895463610636,-0.03259643490210218,-0.0816788076798177,1.095854895632647,-0.0017363872814420765,-0.1952022743700931,-0.0015140950748385386,0.18498103073604205,-0.10110161333830604,-0.013499648900002976,-0.06127449945998744,-0.019062961308309635,-0.028499466082859387,-0.0252157751870108,0.199685278281537,0.03199092698208957,0.06657295861783105,0.055635200087560094,-0.07988674679700883,0.08224532213363035,-0.05596714365156208,-0.19533853329703998,engagement_trend_ratio (+1.096); total_usage_count (+0.841); days_since_last_activity (+0.227),tenure_months (-0.769); tenure_days (-0.767); total_errors (-0.734)
A-9077b0,0.044472332008693986,-0.02314051556396136,-0.026108606127704544,-0.026108606127704735,-0.03374740520713475,0.0302206082354628,-0.0016854774780280498,0.009025424137805889,0.0020337990322703285,-0.16330899783570246,0.018498376278915183,-0.019704206377230214,0.003496535765941654,-0.006134738380776176,-0.009456650745481975,0.477798809872601,-0.34263041698931246,0.0009451876893439799,0.018498376278915134,0.4786726845802567,-0.017027651109370615,0.056197091715289034,-0.8599294594224706,-0.0017363872814420765,-0.1952022743700931,-0.0015140950748385386,-0.06499333512347424,0.35845117456308506,-0.013499648900002976,-0.06127449945998744,-0.019062961308309635,-0.028499466082859387,-0.0252157751870108,0.199685278281537,0.03199092698208957,0.06657295861783105,-0.06531088705930968,-0.07988674679700883,0.08224532213363035,-0.05596714365156208,0.03447150587594823,tenure_months (+0.479); tenure_days (+0.478); industry_HealthTech (+0.358),engagement_trend_ratio (-0.860); days_since_last_activity (-0.343); industry_DevTools (-0.195)
A-7f8241,-0.03647844297868984,-0.02314051556396136,0.058050110349531954,0.05805011034953236,0.11298044351953808,0.0302206082354628,-0.0016854774780280498,0.9506389380820555,-0.03940189143527092,-0.4297805560757765,-0.16299512683496964,-0.06398332183168014,-0.009900152992455497,-7.84377166989983e-06,-0.009456650745481975,-0.899742229307503,0.10480938359031995,0.033412186242520424,-0.16299512683496917,-0.9013878214717264,-0.03728159185742901,-0.2996254690449931,1.3735479791559162,-0.0017363872814420765,-0.1952022743700931,0.013626855673546847,-0.06499333512347424,-0.10110161333830604,-0.013499648900002976,-0.06127449945998744,-0.019062961308309635,-0.028499466082859387,-0.0252157751870108,0.199685278281537,0.03199092698208957,-0.10412693527404343,-0.06531088705930968,-0.07988674679700883,-0.22236698206500055,-0.05596714365156208,0.03447150587594823,engagement_trend_ratio (+1.374); total_usage_count (+0.951); country_US (+0.200),tenure_months (-0.901); tenure_days (-0.900); total_errors (-0.430)
A-2bc93d,0.014115791388425052,-0.02314051556396136,-0.004776622864556365,-0.004776622864556398,-0.03374740520713475,0.0302206082354628,-0.0016854774780280498,0.6849554569691552,-0.03353578410333279,-0.16330899783570246,-0.12111201073176545,-0.041843764104455165,0.005171121860741302,0.033925726371072544,-0.009456650745481975,-0.899742229307503,-0.08501356211013014,0.03463849375333376,-0.12111201073176507,-0.9013878214717264,-0.035877201599708815,-0.03399440868433906,1.473785915767068,-0.0017363872814420765,-0.1952022743700931,-0.0015140950748385386,-0.06499333512347424,0.35845117456308506,-0.013499648900002976,-0.06127449945998744,-0.019062961308309635,-0.028499466082859387,-0.0252157751870108,0.199685278281537,0.03199092698208957,0.06657295861783105,-0.06531088705930968,0.390035293185396,0.08224532213363035,-0.05596714365156208,0.03447150587594823,engagement_trend_ratio (+1.474); total_usage_count (+0.685); referral_source_event (+0.390),tenure_months (-0.901); tenure_days (-0.900); industry_DevTools (-0.195)
A-f3ff05,0.044472332008693986,-0.02314051556396136,-0.01901867583033168,-0.01901867583033182,-0.03374740520713475,0.0302206082354628,-0.0016854774780280498,0.7083981170673523,-0.030765379033808618,-0.353645825150041,-0.07224837527802722,-0.019704206377230214,-0.004876394708056564,-0.00943383547798723,-0.009456650745481975,0.34784210806315724,0.24039720194778427,0.001850370231398885,-0.072248375278027,0.348478297216862,-0.023111451953690444,0.0480880328740737,-0.8345482577055835,-0.0017363872814420765,-0.1952022743700931,-0.0015140950748385386,0.18498103073604205,-0.10110161333830604,-0.013499648900002976,-0.06127449945998744,-0.019062961308309635,0.32774385995288297,-0.0252157751870108,-0.31232825577368606,-0.07464549629154232,0.06657295861783105,-0.06531088705930968,-0.07988674679700883,0.08224532213363035,0.21054306421301927,0.03447150587594823,total_usage_count (+0.708); tenure_months (+0.348); tenure_days (+0.348),engagement_trend_ratio (-0.835); total_errors (-0.354); country_US (-0.312)
A-2d4502,0.031823773416915266,-0.02314051556396136,0.058050110349531954,0.05805011034953236,-0.03374740520713475,0.0302206082354628,-0.0016854774780280498,-0.10037365632044717,0.01141055465219831,0.29349938771871004,-0.00244318177268691,-0.019704206377230214,0.010194880145140235,0.013659844202490253,-0.009456650745481975,0.1711009936023137,-0.08501356211013014,0.02421883857985556,-0.0024431817726868854,0.17141393040264538,-0.02741660663246766,-0.07683079574220243,-0.8206985621551508,-0.0017363872814420765,-0.1952022743700931,-0.0015140950748385386,0.18498103073604205,-0.10110161333830604,-0.013499648900002976,-0.06127449945998744,-0.019062961308309635,0.32774385995288297,-0.0252157751870108,-0.31232825577368606,0.03199092698208957,0.06657295861783105,0.055635200087560094,0.390035293185396,0.08224532213363035,-0.05596714365156208,0.03447150587594823,referral_source_event (+0.390); country_IN (+0.328); total_errors (+0.293),engagement_trend_ratio (-0.821); country_US (-0.312); industry_DevTools (-0.195)
A-6a4e2d,0.02676434998020378,-0.02314051556396136,-0.017575812822445275,-0.0175758128224454,-0.03374740520713475,-0.34753699470782223,-0.0016854774780280498,0.4153648658398887,-0.011522641307008202,-0.16330899783570246,-0.0443262978758911,-0.041843764104455165,0.005171121860741302,0.024735384457413127,0.03352812537034518,-0.83736301243897,0.14548572909755925,0.035475279668000376,-0.04432629787589098,-0.8388945155372969,-0.03577087552341455,0.021436355391055463,1.6105203580318024,-0.0017363872814420765,-0.1952022743700931,0.013626855673546847,-0.06499333512347424,-0.10110161333830604,-0.013499648900002976,-0.06127449945998744,-0.019062961308309635,-0.028499466082859387,0.22694197668309718,-0.31232825577368606,0.03199092698208957,-0.10412693527404343,0.055635200087560094,-0.07988674679700883,0.08224532213363035,-0.05596714365156208,-0.19533853329703998,engagement_trend_ratio (+1.611); total_usage_count (+0.415); country_UK (+0.227),tenure_months (-0.839); tenure_days (-0.837); upgrade_flag (-0.348)
A-eb7c38,0.03688319685362675,-0.02314051556396136,-0.018309682800594397,-0.018309682800594525,-0.03374740520713475,0.0302206082354628,-0.0016854774780280498,0.790447427411042,-0.027496526454549412,-0.011039535984231606,-0.1490340881339016,0.024574909077219702,0.003496535765941654,0.019221179309217483,-0.009456650745481975,0.004756415286225642,0.02345669257584133,0.020122107681071144,-0.14903408813390115,0.004765114577500192,-0.023781324218699423,0.04066232168801696,-0.1695039984707943,-0.0017363872814420765,0.6535032663694421,-0.0015140950748385386,-0.06499333512347424,-0.10110161333830604,-0.013499648900002976,-0.06127449945998744,-0.019062961308309635,-0.028499466082859387,-0.0252157751870108,-0.31232825577368606,-0.07464549629154232,0.06657295861783105,0.055635200087560094,-0.07988674679700883,-0.22236698206500055,-0.05596714365156208,0.03447150587594823,total_usage_count (+0.790); industry_DevTools (+0.654); plan_tier_Pro (+0.067),country_US (-0.312); referral_source_organic (-0.222); engagement_trend_ratio (-0.170)
A-c37601,0.03435348513527101,0.06942154669188408,0.10755523768908283,0.10755523768908361,0.11298044351953808,0.0302206082354628,-0.0016854774780280498,-0.006603015927658831,0.009444427681629931,0.21736465679297465,0.004537337577847121,0.002435351349994744,-0.0032018086132569205,-0.00884471099634241,-0.009456650745481975,0.6519407902972557,-0.08501356211013014,-0.04847606467482902,0.004537337577847101,0.6531331636472055,0.021910004086810562,0.0038066252775825547,-0.9677250796373,-0.0017363872814420765,-0.1952022743700931,0.013626855673546847,-0.06499333512347424,-0.10110161333830604,-0.013499648900002976,-0.06127449945998744,-0.019062961308309635,-0.028499466082859387,-0.0252157751870108,0.199685278281537,0.03199092698208957,0.06657295861783105,-0.06531088705930968,-0.07988674679700883,0.08224532213363035,-0.05596714365156208,-0.19533853329703998,tenure_months (+0.653); tenure_days (+0.652); total_errors (+0.217),engagement_trend_ratio (-0.968); referral_source_partner (-0.195); industry_DevTools (-0.195)
A-3b5cd1,0.0166455031067808,0.06942154669188408,0.053099597615576866,0.05309959761557724,-0.03374740520713475,0.0302206082354628,-0.0016854774780280498,0.12623872462879132,-0.014183418661133308,0.10316256040437151,-0.016404220473754973,0.024574909077219702,0.00014736357634236903,0.012151685529479475,-0.009456650745481975,-0.4266998347211277,0.10480938359031995,0.03361108992615147,-0.016404220473754918,-0.42748025146896995,-0.02897916709855376,-0.18606507731298813,0.9699330432039993,-0.0017363872814420765,-0.1952022743700931,-0.0015140950748385386,0.18498103073604205,-0.10110161333830604,-0.013499648900002976,-0.06127449945998744,-0.019062961308309635,-0.028499466082859387,-0.0252157751870108,0.199685278281537,0.03199092698208957,0.06657295861783105,0.055635200087560094,0.390035293185396,0.08224532213363035,-0.05596714365156208,0.03447150587594823,engagement_trend_ratio (+0.970); referral_source_event (+0.390); country_US (+0.200),tenure_months (-0.427); tenure_days (-0.427); industry_DevTools (-0.195)
A-b2225d,-0.06936469531731453,-0.02314051556396136,-0.015001048661820393,-0.015001048661820499,-0.03374740520713475,0.0302206082354628,-0.0016854774780280498,0.8021687574601406,-0.04427212830582682,-1.267262596258866,-0.16997564618550368,-0.041843764104455165,-0.009900152992455497,-0.00849123630735551,-0.009456650745481975,0.5219840884878119,-0.07145478027438372,-0.0277559934045593,-0.16997564618550315,0.5229387762838108,-0.022035733654250357,0.04827481456648371,-0.14610945865936334,-0.0017363872814420765,-0.1952022743700931,-0.0015140950748385386,0.18498103073604205,-0.10110161333830604,-0.013499648900002976,-0.06127449945998744,-0.019062961308309635,-0.028499466082859387,-0.0252157751870108,0.199685278281537,0.03199092698208957,0.06657295861783105,0.055635200087560094,-0.07988674679700883,0.08224532213363035,-0.05596714365156208,0.03447150587594823,total_usage_count (+0.802); tenure_months (+0.523); tenure_days (+0.522),total_errors (-1.267); industry_DevTools (-0.195); distinct_features_used (-0.170)
A-94f8c9,0.0166455031067808,-0.02314051556396136,0.006069726643003526,0.0060697266430035715,-0.03374740520713475,0.0302206082354628,-0.0016854774780280498,0.9975242582784497,-0.02758771212436733,-1.381464692647469,-0.1769561655360377,-0.019704206377230214,0.010194880145140235,-0.01603202967240939,-0.009456650745481975,0.09052783848045853,-0.1392486894531159,0.014691400261718977,-0.17695616553603716,0.09069341023734076,-0.02867780027854394,-0.0010761534705582669,-0.43737473046898545,-0.0017363872814420765,-0.1952022743700931,-0.0015140950748385386,-0.06499333512347424,0.35845117456308506,-0.013499648900002976,-0.06127449945998744,-0.019062961308309635,-0.028499466082859387,-0.0252157751870108,0.199685278281537,0.03199092698208957,0.06657295861783105,-0.06531088705930968,-0.07988674679700883,0.08224532213363035,0.21054306421301927,0.03447150587594823,total_usage_count (+0.998); industry_HealthTech (+0.358); referral_source_other (+0.211),total_errors (-1.381); engagement_trend_ratio (-0.437); industry_DevTools (-0.195)
A-02fac6,-0.006121902358420903,-0.02314051556396136,-0.01269993093372569,-0.012699930933725779,-0.03374740520713475,-0.34753699470782223,-0.0016854774780280498,0.09107473448149568,-0.01003190928919841,-0.27751109422430553,-0.023384739824289007,0.04671446680444465,0.00014736357634236903,0.01790154047033306,-0.009456650745481975,-0.8399621464751589,0.18616207460479856,0.03704390814774943,-0.023384739824288965,-0.8414984032845649,-0.029954434497071542,0.0014869197403517837,1.3085098958876635,-0.0017363872814420765,-0.1952022743700931,-0.0015140950748385386,0.18498103073604205,-0.10110161333830604,-0.013499648900002976,-0.06127449945998744,-0.019062961308309635,-0.028499466082859387,-0.0252157751870108,0.199685278281537,0.03199092698208957,-0.10412693527404343,-0.06531088705930968,0.390035293185396,0.08224532213363035,-0.05596714365156208,0.03447150587594823,engagement_trend_ratio (+1.309); referral_source_event (+0.390); country_US (+0.200),tenure_months (-0.841); tenure_days (-0.840); upgrade_flag (-0.348)
A-c1dfe1,-0.016240749231843883,-0.02314051556396136,-0.0199639998699814,-0.019963999869981538,0.11298044351953808,0.0302206082354628,-0.0016854774780280498,-0.4520135577934035,0.011569361155813786,-0.12524163237283475,0.06038149238211938,-0.019704206377230214,0.00014736357634236903,-0.020273725940252188,-0.009456650745481975,-0.5202686600239272,0.1319269472618128,0.03795793517205133,0.06038149238211917,-0.5212202103706141,-0.03327139936370455,0.035982149525352974,-0.32541143651054333,-0.0017363872814420765,0.6535032663694421,-0.0015140950748385386,-0.06499333512347424,-0.10110161333830604,-0.013499648900002976,0.8140754928255473,-0.019062961308309635,-0.028499466082859387,-0.0252157751870108,-0.31232825577368606,0.03199092698208957,-0.10412693527404343,-0.06531088705930968,-0.07988674679700883,0.08224532213363035,-0.05596714365156208,0.03447150587594823,country_DE (+0.814); industry_DevTools (+0.654); days_since_last_activity (+0.132),tenure_months (-0.521); tenure_days (-0.520); total_usage_count (-0.452)
A-32728c,-0.001062478921709413,-0.02314051556396136,-0.016182703711382536,-0.01618270371138265,-0.03374740520713475,0.0302206082354628,-0.0016854774780280498,-0.28400782708965766,0.017902154696763834,0.17929729133010694,0.04642045368105132,-0.041843764104455165,-0.004876394708056564,0.0021130043622515026,-0.009456650745481975,-0.6528244958695598,0.009897910740094896,0.03783892444593129,0.04642045368105117,-0.6540184854812765,-0.03540325106868425,0.020289450262222033,1.6143814705818593,-0.0017363872814420765,0.6535032663694421,-0.0015140950748385386,-0.06499333512347424,-0.10110161333830604,-0.013499648900002976,-0.06127449945998744,-0.019062961308309635,-0.028499466082859387,-0.0252157751870108,0.199685278281537,0.03199092698208957,-0.10412693527404343,0.055635200087560094,0.390035293185396,0.08224532213363035,-0.05596714365156208,0.03447150587594823,engagement_trend_ratio (+1.614); industry_DevTools (+0.654); referral_source_event (+0.390),tenure_months (-0.654); tenure_days (-0.653); total_usage_count (-0.284)
A-4c38bc,-0.041537866415401324,-0.02314051556396136,-0.0041671376284664165,-0.004167137628466446,-0.03374740520713475,0.0302206082354628,-0.0016854774780280498,1.2788361794568148,-0.062030281363344486,-0.011039535984231606,-0.2188392816392419,-0.019704206377230214,-0.004876394708056564,-0.017445928428356988,-0.009456650745481975,0.03854515775668102,0.2132796382762914,0.013966747784017302,-0.21883928163924124,0.03861565529198281,-0.029351751917372573,0.014324424660455165,-0.3046652493180422,-0.0017363872814420765,-0.1952022743700931,-0.0015140950748385386,-0.06499333512347424,0.35845117456308506,-0.013499648900002976,-0.06127449945998744,-0.019062961308309635,-0.028499466082859387,0.22694197668309718,-0.31232825577368606,0.03199092698208957,0.06657295861783105,0.055635200087560094,0.390035293185396,0.08224532213363035,-0.05596714365156208,0.03447150587594823,total_usage_count (+1.279); referral_source_event (+0.390); industry_HealthTech (+0.358),country_US (-0.312); engagement_trend_ratio (-0.305); distinct_features_used (-0.219)
A-1b707d,0.04700204372704973,-0.02314051556396136,-0.026108606127704544,-0.026108606127704735,0.11298044351953808,0.0302206082354628,-0.0016854774780280498,-0.3582429174006151,0.020396441361614653,0.559970945958784,0.05340097303158535,-0.019704206377230214,0.00014736357634236903,-0.00943383547798723,-0.009456650745481975,-0.5826478768924602,-0.0036608710956515414,0.037815763383386075,0.05340097303158518,-0.5837135163050435,-0.033513843367500594,0.056197091715289034,1.1753049177232666,-0.0017363872814420765,-0.1952022743700931,-0.0015140950748385386,-0.06499333512347424,-0.10110161333830604,-0.013499648900002976,-0.06127449945998744,-0.019062961308309635,-0.028499466082859387,-0.0252157751870108,0.199685278281537,-0.07464549629154232,0.06657295861783105,0.055635200087560094,-0.07988674679700883,-0.22236698206500055,-0.05596714365156208,0.03447150587594823,engagement_trend_ratio (+1.175); total_errors (+0.560); country_US (+0.200),tenure_months (-0.584); tenure_days (-0.583); total_usage_count (-0.358)
A-6f8ad2,0.04700204372704973,-0.02314051556396136,-0.016419034721294964,-0.01641903472129508,0.11298044351953808,0.0302206082354628,-0.0016854774780280498,1.69298984119163,-0.05697459947888922,-1.2291952307959984,-0.2746834364435141,0.002435351349994744,0.003496535765941654,0.0010525802952908014,-0.009456650745481975,0.35563951017172385,0.24039720194778427,-0.016005121013819987,-0.2746834364435133,0.35628996045866573,-0.017563952639037515,0.04530149299137142,-0.6555675767461474,-0.0017363872814420765,-0.1952022743700931,0.013626855673546847,-0.06499333512347424,-0.10110161333830604,-0.013499648900002976,-0.06127449945998744,-0.019062961308309635,0.32774385995288297,-0.0252157751870108,-0.31232825577368606,0.03199092698208957,0.06657295861783105,0.055635200087560094,-0.07988674679700883,-0.22236698206500055,-0.05596714365156208,0.03447150587594823,total_usage_count (+1.693); tenure_months (+0.356); tenure_days (+0.356),total_errors (-1.229); engagement_trend_ratio (-0.656); country_US (-0.312)
A-4d1e75,-0.001062478921709413,-0.02314051556396136,-0.026108606127704544,-0.026108606127704735,0.11298044351953808,0.0302206082354628,-0.0016854774780280498,-0.05348833612405301,0.0011091353579931208,0.06509519494150381,-0.03036525917482304,-0.041843764104455165,0.00014736357634236903,0.029684030103229734,-0.009456650745481975,0.4674022737278455,0.02345669257584133,0.003768497396569329,-0.030365259174822946,0.46825713359118504,-0.024684636818484255,0.056197091715289034,-0.9275004443282262,-0.0017363872814420765,0.6535032663694421,-0.0015140950748385386,-0.06499333512347424,-0.10110161333830604,-0.013499648900002976,-0.06127449945998744,-0.019062961308309635,-0.028499466082859387,-0.0252157751870108,0.199685278281537,0.03199092698208957,0.06657295861783105,-0.06531088705930968,-0.07988674679700883,0.08224532213363035,0.21054306421301927,0.03447150587594823,industry_DevTools (+0.654); tenure_months (+0.468); tenure_days (+0.467),engagement_trend_ratio (-0.928); industry_HealthTech (-0.101); referral_source_event (-0.080)
A-9ee962,0.02676434998020378,-0.02314051556396136,-0.023981627038492687,-0.023981627038492857,-0.03374740520713475,0.0302206082354628,-0.0016854774780280498,-0.20195851674596785,0.015391475102507553,0.3696341186444455,0.08132305043372147,-0.019704206377230214,0.00014736357634236903,-0.0014217425276175015,-0.009456650745481975,-0.7048071765933374,0.15904451093330568,0.03771372802573359,0.08132305043372122,-0.7060962404266343,-0.03393080824081017,0.04822925805613981,2.001740556645789,-0.0017363872814420765,-0.1952022743700931,-0.0015140950748385386,-0.06499333512347424,0.35845117456308506,-0.013499648900002976,-0.06127449945998744,-0.019062961308309635,-0.028499466082859387,-0.0252157751870108,0.199685278281537,0.03199092698208957,0.06657295861783105,0.055635200087560094,-0.07988674679700883,0.08224532213363035,-0.05596714365156208,0.03447150587594823,engagement_trend_ratio (+2.002); total_errors (+0.370); industry_HealthTech (+0.358),tenure_months (-0.706); tenure_days (-0.705); total_usage_count (-0.202)
A-378b99,0.029294061698559522,0.06942154669188408,-0.01635684235026538,-0.016356842350265497,-0.03374740520713475,0.0302206082354628,0.03202407208253294,0.29033734531617095,-0.019084392274324468,-0.4297805560757765,-0.05828733657695916,0.04671446680444465,0.005171121860741302,0.010596396897937111,-0.009456650745481975,0.4959927481259231,0.24039720194778427,-0.008759795773728915,-0.058287336576959024,0.49689989881113195,0.007136602492117889,0.048615209614825294,-0.590105362308336,-0.0017363872814420765,-0.1952022743700931,0.013626855673546847,-0.06499333512347424,-0.10110161333830604,-0.013499648900002976,-0.06127449945998744,-0.019062961308309635,-0.028499466082859387,0.22694197668309718,-0.31232825577368606,0.03199092698208957,-0.10412693527404343,0.055635200087560094,-0.07988674679700883,0.08224532213363035,-0.05596714365156208,0.03447150587594823,tenure_months (+0.497); tenure_days (+0.496); total_usage_count (+0.290),engagement_trend_ratio (-0.590); total_errors (-0.430); country_US (-0.312)
A-94d3da,-0.05418642500718006,-0.02314051556396136,-0.016419034721294964,-0.01641903472129508,-0.03374740520713475,0.0302206082354628,-0.0016854774780280498,-0.10428076633681337,0.00011275261756698844,0.06509519494150381,-0.016404220473754973,0.04671446680444465,-0.004876394708056564,0.012952894824516455,-0.009456650745481975,-0.7697855274980592,0.07769181991882708,0.037593211463211415,-0.016404220473754918,-0.7711934341083315,-0.029566684849558225,0.018342668720192433,0.4732975025078119,-0.0017363872814420765,-0.1952022743700931,-0.0015140950748385386,-0.06499333512347424,0.35845117456308506,-0.013499648900002976,-0.06127449945998744,-0.019062961308309635,-0.028499466082859387,-0.0252157751870108,0.199685278281537,0.03199092698208957,0.06657295861783105,-0.06531088705930968,-0.07988674679700883,0.08224532213363035,0.21054306421301927,0.03447150587594823,engagement_trend_ratio (+0.473); industry_HealthTech (+0.358); referral_source_other (+0.211),tenure_months (-0.771); tenure_days (-0.770); industry_DevTools (-0.195)
A-e351e1,-0.03394873126033409,-0.02314051556396136,-0.018309682800594397,-0.018309682800594525,-0.03374740520713475,0.0302206082354628,-0.0016854774780280498,-0.7645823591026979,0.024496722829157463,0.17929729133010694,0.13018668588745969,0.002435351349994744,-0.002364515565857097,0.02685623259133453,-0.009456650745481975,0.560971099030645,0.009897910740094896,0.010184854979955122,0.13018668588745927,0.5619970924928293,-0.0001822825493206043,0.05138632422297251,-0.6241826117773916,-0.0017363872814420765,-0.1952022743700931,0.013626855673546847,-0.06499333512347424,-0.10110161333830604,-0.013499648900002976,-0.06127449945998744,-0.019062961308309635,-0.028499466082859387,-0.0252157751870108,0.199685278281537,-0.07464549629154232,0.06657295861783105,0.055635200087560094,-0.07988674679700883,0.08224532213363035,0.21054306421301927,0.03447150587594823,tenure_months (+0.562); tenure_days (+0.561); referral_source_other (+0.211),total_usage_count (-0.765); engagement_trend_ratio (-0.624); industry_DevTools (-0.195)
A-9badbd,0.03688319685362675,0.06942154669188408,0.11993151952397055,0.11993151952397141,-0.03374740520713475,0.0302206082354628,-0.0016854774780280498,0.9311033880002246,-0.035916344820433176,-0.6962521143158503,-0.1560146074844356,0.024574909077219702,0.010194880145140235,0.008192769012826189,-0.009456650745481975,0.30365682944794636,0.15904451093330568,0.002287280859469796,-0.15601460748443513,0.3042122055133079,-0.014991397766946987,-0.1267878252142231,-0.659832314764887,-0.0017363872814420765,-0.1952022743700931,-0.0015140950748385386,-0.06499333512347424,-0.10110161333830604,-0.013499648900002976,0.8140754928255473,-0.019062961308309635,-0.028499466082859387,-0.0252157751870108,-0.31232825577368606,-0.07464549629154232,0.06657295861783105,-0.06531088705930968,-0.07988674679700883,0.08224532213363035,-0.05596714365156208,0.03447150587594823,total_usage_count (+0.931); country_DE (+0.814); tenure_months (+0.304),total_errors (-0.696); engagement_trend_ratio (-0.660); country_US (-0.312)
A-7e0a10,-0.06683498359895879,-0.02314051556396136,0.14715933956072355,0.1471593395607246,-0.03374740520713475,0.0302206082354628,-0.0016854774780280498,0.07935340443239715,-0.011726528366488716,-0.3155784596871733,-0.016404220473754973,0.024574909077219702,0.00014736357634236903,-0.004815099541891742,-0.009456650745481975,-0.25255785429647304,0.009897910740094896,0.03182343634213115,-0.016404220473754918,-0.25301977240202106,-0.02738905314717994,-0.39915781238657383,0.047599374699715556,-0.0017363872814420765,-0.1952022743700931,-0.0015140950748385386,0.18498103073604205,-0.10110161333830604,-0.013499648900002976,-0.06127449945998744,-0.019062961308309635,-0.028499466082859387,-0.0252157751870108,0.199685278281537,-0.07464549629154232,0.06657295861783105,0.055635200087560094,-0.07988674679700883,0.08224532213363035,-0.05596714365156208,0.03447150587594823,country_US (+0.200); industry_FinTech (+0.185); arr_amount (+0.147),clv_proxy (-0.399); total_errors (-0.316); tenure_months (-0.253)
A-118d55,0.029294061698559522,-0.02314051556396136,0.04567382851464424,0.04567382851464456,-0.03374740520713475,0.0302206082354628,-0.0016854774780280498,0.4231790858726211,-0.009155399845049766,-0.23944372876143785,-0.05828733657695916,0.024574909077219702,0.003496535765941654,0.0166761615485118,-0.009456650745481975,0.6285485839715558,0.22683842011203784,-0.05489277489642961,-0.058287336576959024,0.6296981739217945,0.027320359997699824,0.023910313673836645,-0.8911576776302534,-0.0017363872814420765,-0.1952022743700931,-0.0015140950748385386,-0.06499333512347424,-0.10110161333830604,-0.013499648900002976,-0.06127449945998744,-0.019062961308309635,-0.028499466082859387,-0.0252157751870108,0.199685278281537,0.03199092698208957,0.06657295861783105,-0.06531088705930968,-0.07988674679700883,-0.22236698206500055,-0.05596714365156208,0.03447150587594823,tenure_months (+0.630); tenure_days (+0.629); total_usage_count (+0.423),engagement_trend_ratio (-0.891); total_errors (-0.239); referral_source_organic (-0.222)
A-526d93,-0.059245848443891545,-0.02314051556396136,0.08032741765232984,0.08032741765233042,0.11298044351953808,0.0302206082354628,-0.0016854774780280498,0.29033734531617095,-0.004580747982836212,-0.6962521143158503,-0.03734577852535707,0.024574909077219702,-0.004876394708056564,-0.02178188461326296,0.03352812537034518,0.13211398305948055,0.11836816542606639,0.020961447668116504,-0.03734577852535693,0.13235561419362704,-0.0209831317400556,-0.12230266688531198,-0.36456185000503566,-0.0017363872814420765,-0.1952022743700931,-0.0015140950748385386,-0.06499333512347424,0.35845117456308506,-0.013499648900002976,-0.06127449945998744,0.6163690823020115,-0.028499466082859387,-0.0252157751870108,-0.31232825577368606,0.03199092698208957,0.06657295861783105,0.055635200087560094,-0.07988674679700883,-0.22236698206500055,-0.05596714365156208,0.03447150587594823,country_FR (+0.616); industry_HealthTech (+0.358); total_usage_count (+0.290),total_errors (-0.696); engagement_trend_ratio (-0.365); country_US (-0.312)
A-f92792,0.04700204372704973,-0.02314051556396136,-0.0216183169393684,-0.021618316939368554,0.11298044351953808,0.0302206082354628,-0.0016854774780280498,0.1457742747106222,0.0005876352912816542,-0.16330899783570246,-0.0443262978758911,-0.041843764104455165,0.00014736357634236903,-0.012732932575198313,-0.009456650745481975,0.34264383999077946,0.18616207460479856,0.011841196674860667,-0.04432629787589098,0.34327052172232625,-0.02841832889759491,0.0510036495360837,-0.6485412116835,-0.0017363872814420765,-0.1952022743700931,-0.0015140950748385386,0.18498103073604205,-0.10110161333830604,-0.013499648900002976,-0.06127449945998744,-0.019062961308309635,-0.028499466082859387,-0.0252157751870108,0.199685278281537,0.03199092698208957,-0.10412693527404343,0.055635200087560094,-0.07988674679700883,0.08224532213363035,-0.05596714365156208,0.03447150587594823,tenure_months (+0.343); tenure_days (+0.343); country_US (+0.200),engagement_trend_ratio (-0.649); industry_DevTools (-0.195); total_errors (-0.163)
A-84ebe4,0.003996944515002075,0.06942154669188408,0.06300062308348704,0.06300062308348749,-0.03374740520713475,0.0302206082354628,-0.0016854774780280498,-0.3699642474497137,0.013634870260902817,0.0270278294786361,0.039439934330517276,0.002435351349994744,0.00014736357634236903,0.009182498141989508,-0.009456650745481975,-0.0056401208585298585,0.03701547441158777,0.031683915091555874,0.03943993433051716,-0.005650436411571479,-0.02691415040075575,-0.12359095704361622,2.570129441675326,-0.0017363872814420765,-0.1952022743700931,-0.0015140950748385386,0.18498103073604205,-0.10110161333830604,-0.013499648900002976,-0.06127449945998744,-0.019062961308309635,-0.028499466082859387,-0.0252157751870108,0.199685278281537,0.03199092698208957,-0.10412693527404343,-0.06531088705930968,-0.07988674679700883,0.08224532213363035,-0.05596714365156208,0.03447150587594823,engagement_trend_ratio (+2.570); country_US (+0.200); industry_FinTech (+0.185),total_usage_count (-0.370); industry_DevTools (-0.195); clv_proxy (-0.124)
A-5b4ebb,-0.003592190640065158,0.06942154669188408,-0.007824049045006106,-0.007824049045006162,-0.03374740520713475,0.0302206082354628,-0.0016854774780280498,0.786540317394676,-0.023579640884730284,0.06509519494150381,-0.12809253008229948,0.024574909077219702,0.0076830010029407675,0.000840495481898663,-0.009456650745481975,0.35823864420791274,0.15904451093330568,-0.0005434312940470729,-0.12809253008229912,0.3588938482059336,-0.01213170655250879,0.03575420712622873,-0.7872122090637296,-0.0017363872814420765,-0.1952022743700931,-0.0015140950748385386,-0.06499333512347424,-0.10110161333830604,-0.013499648900002976,-0.06127449945998744,-0.019062961308309635,-0.028499466082859387,0.22694197668309718,-0.31232825577368606,0.03199092698208957,0.06657295861783105,0.055635200087560094,-0.07988674679700883,0.08224532213363035,0.21054306421301927,0.03447150587594823,total_usage_count (+0.787); tenure_months (+0.359); tenure_days (+0.358),engagement_trend_ratio (-0.787); country_US (-0.312); industry_DevTools (-0.195)
A-2922b6,0.01158607967006931,-0.02314051556396136,-0.013918901405905586,-0.013918901405905685,0.11298044351953808,-0.34753699470782223,-0.0016854774780280498,-0.38168557749881227,0.016922677164787094,0.5219035804959163,0.06736201173265341,-0.041843764104455165,0.00014736357634236903,0.02897708072525593,-0.009456650745481975,0.6883286668038999,0.06413303808308064,-0.0525736109862738,0.06736201173265317,0.689587592108956,0.0006369451010161782,0.052515805984691966,-0.9289448668519525,-0.0017363872814420765,-0.1952022743700931,-0.0015140950748385386,-0.06499333512347424,0.35845117456308506,-0.013499648900002976,-0.06127449945998744,-0.019062961308309635,-0.028499466082859387,-0.0252157751870108,0.199685278281537,0.03199092698208957,0.06657295861783105,0.055635200087560094,-0.07988674679700883,-0.22236698206500055,-0.05596714365156208,0.03447150587594823,tenure_months (+0.690); tenure_days (+0.688); total_errors (+0.522),engagement_trend_ratio (-0.929); total_usage_count (-0.382); upgrade_flag (-0.348)
A-9b9fe9,0.03688319685362675,-0.02314051556396136,0.09765421222117265,0.09765421222117336,-0.03374740520713475,0.0302206082354628,-0.0016854774780280498,0.4153648658398887,-0.02378506478134256,0.17929729133010694,-0.05130681722642513,0.002435351349994744,0.00014736357634236903,0.0035269031181991034,-0.009456650745481975,-0.38511369014210567,0.02345669257584133,0.031248663023474864,-0.051306817226424974,-0.3858180475126837,-0.030650427423150193,-0.30961369397604344,0.6444822903371791,-0.0017363872814420765,-0.1952022743700931,0.013626855673546847,-0.06499333512347424,-0.10110161333830604,-0.013499648900002976,-0.06127449945998744,-0.019062961308309635,-0.028499466082859387,-0.0252157751870108,-0.31232825577368606,0.03199092698208957,0.06657295861783105,-0.06531088705930968,-0.07988674679700883,0.08224532213363035,0.21054306421301927,0.03447150587594823,engagement_trend_ratio (+0.644); total_usage_count (+0.415); referral_source_other (+0.211),tenure_months (-0.386); tenure_days (-0.385); country_US (-0.312)
A-a8b49c,0.031823773416915266,-0.02314051556396136,-0.02184220947507491,-0.021842209475075064,-0.03374740520713475,0.0302206082354628,-0.0016854774780280498,0.2121951449888473,-0.016970728939106873,-0.6201173833901149,-0.03734577852535707,-0.06398332183168014,0.00014736357634236903,-0.050908198985783554,-0.009456650745481975,-0.3643206178525947,0.15904451093330568,0.032341241870928426,-0.03734577852535693,-0.3649869455345405,-0.036641537890414945,0.04380604059655592,0.19097841750535163,-0.0017363872814420765,-0.1952022743700931,-0.0015140950748385386,-0.06499333512347424,-0.10110161333830604,-0.013499648900002976,-0.06127449945998744,-0.019062961308309635,-0.028499466082859387,0.22694197668309718,-0.31232825577368606,0.03199092698208957,0.06657295861783105,0.055635200087560094,-0.07988674679700883,0.08224532213363035,-0.05596714365156208,-0.19533853329703998,country_UK (+0.227); total_usage_count (+0.212); engagement_trend_ratio (+0.191),total_errors (-0.620); tenure_months (-0.365); tenure_days (-0.364)
A-9174e0,-0.04406757813375707,-0.02314051556396136,0.06547587945046458,0.06547587945046505,-0.03374740520713475,-0.34753699470782223,-0.0016854774780280498,0.7748189873455774,-0.028619442118824008,-1.3053299617217335,-0.13507304943283352,-0.041843764104455165,0.010194880145140235,-0.004249540039512704,-0.009456650745481975,0.7403113475276774,0.2132796382762914,-0.256162031332675,-0.13507304943283313,0.7416653470543139,0.029765039335212757,0.04030817976286986,-0.9985920123337273,-0.0017363872814420765,-0.1952022743700931,-0.0015140950748385386,-0.06499333512347424,-0.10110161333830604,-0.013499648900002976,-0.06127449945998744,-0.019062961308309635,-0.028499466082859387,-0.0252157751870108,0.199685278281537,0.03199092698208957,0.06657295861783105,0.055635200087560094,-0.07988674679700883,0.08224532213363035,-0.05596714365156208,-0.19533853329703998,total_usage_count (+0.775); tenure_months (+0.742); tenure_days (+0.740),total_errors (-1.305); engagement_trend_ratio (-0.999); upgrade_flag (-0.348)
A-a1bbb6,0.04700204372704973,-0.02314051556396136,-0.026108606127704544,-0.026108606127704735,-0.03374740520713475,0.0302206082354628,-0.0016854774780280498,-0.4871775479406991,0.01629359849885224,0.25543202225584233,0.06736201173265341,-0.019704206377230214,0.00014736357634236903,0.025913633420702794,-0.009456650745481975,-0.8425612805113477,0.22683842011203784,0.03982035753862132,0.06736201173265317,-0.8441022910318327,-0.03432707273033843,0.056197091715289034,1.1080848679370787,-0.0017363872814420765,0.6535032663694421,-0.0015140950748385386,-0.06499333512347424,-0.10110161333830604,0.2564933291000565,-0.06127449945998744,-0.019062961308309635,-0.028499466082859387,-0.0252157751870108,-0.31232825577368606,0.03199092698208957,0.06657295861783105,0.055635200087560094,-0.07988674679700883,-0.22236698206500055,-0.05596714365156208,0.03447150587594823,engagement_trend_ratio (+1.108); industry_DevTools (+0.654); country_CA (+0.256),tenure_months (-0.844); tenure_days (-0.843); total_usage_count (-0.487)
A-c45b23,0.03688319685362675,-0.02314051556396136,0.0382480594137116,0.03824805941371188,-0.03374740520713475,0.0302206082354628,-0.0016854774780280498,0.3528511055780298,-0.01577045913920023,-0.12524163237283475,-0.07224837527802722,-0.019704206377230214,-0.009900152992455497,-0.0009504429423016208,-0.009456650745481975,-0.20057517357269553,0.1319269472618128,0.028925862696609773,-0.072248375278027,-0.20094201745666343,-0.03155933335232232,-0.10466422508828212,-0.07005774038857213,-0.0017363872814420765,-0.1952022743700931,-0.0015140950748385386,0.18498103073604205,-0.10110161333830604,-0.013499648900002976,-0.06127449945998744,-0.019062961308309635,-0.028499466082859387,0.22694197668309718,-0.31232825577368606,0.03199092698208957,0.06657295861783105,0.055635200087560094,-0.07988674679700883,0.08224532213363035,-0.05596714365156208,-0.19533853329703998,total_usage_count (+0.353); country_UK (+0.227); industry_FinTech (+0.185),country_US (-0.312); tenure_months (-0.201); tenure_days (-0.201)
A-02cd81,-0.06177556016224729,-0.02314051556396136,0.0007087442602531676,0.0007087442602531734,-0.03374740520713475,0.0302206082354628,-0.0016854774780280498,0.7552834372637465,-0.03536410801108645,-0.04910690144709932,-0.1490340881339016,-0.019704206377230214,0.005171121860741302,0.026384933006018664,0.03352812537034518,0.08792870444426966,0.17260329276905212,0.017452803370625696,-0.14903408813390115,0.08808952249007272,-0.028713800932632445,0.008293382080540836,-0.43446761581914467,-0.0017363872814420765,-0.1952022743700931,-0.0015140950748385386,-0.06499333512347424,0.35845117456308506,-0.013499648900002976,-0.06127449945998744,-0.019062961308309635,0.32774385995288297,-0.0252157751870108,-0.31232825577368606,0.03199092698208957,0.06657295861783105,0.055635200087560094,-0.07988674679700883,0.08224532213363035,0.21054306421301927,0.03447150587594823,total_usage_count (+0.755); industry_HealthTech (+0.358); country_IN (+0.328),engagement_trend_ratio (-0.434); country_US (-0.312); industry_DevTools (-0.195)
A-ee42db,0.0166455031067808,-0.02314051556396136,-0.01901867583033168,-0.01901867583033182,-0.03374740520713475,0.0302206082354628,-0.0016854774780280498,0.07935340443239715,-0.0003098775936677463,-0.23944372876143785,-0.0443262978758911,0.002435351349994744,-0.009900152992455497,0.003173428429212204,-0.009456650745481975,-0.7905785997875703,0.17260329276905212,0.036805434866191415,-0.04432629787589098,-0.7920245360864746,-0.032685405559435665,0.028134281343442702,1.2962566626486411,-0.0017363872814420765,-0.1952022743700931,0.013626855673546847,-0.06499333512347424,-0.10110161333830604,-0.013499648900002976,0.8140754928255473,-0.019062961308309635,-0.028499466082859387,-0.0252157751870108,-0.31232825577368606,-0.07464549629154232,0.06657295861783105,-0.06531088705930968,-0.07988674679700883,0.08224532213363035,-0.05596714365156208,0.03447150587594823,engagement_trend_ratio (+1.296); country_DE (+0.814); days_since_last_activity (+0.173),tenure_months (-0.792); tenure_days (-0.791); country_US (-0.312)
A-432483,0.0394129085719825,-0.02314051556396136,-0.007214563808916158,-0.007214563808916208,-0.03374740520713475,0.0302206082354628,-0.0016854774780280498,-0.15507319654957372,-0.0006090485553175463,-0.04910690144709932,0.032459414979983246,-0.06398332183168014,0.00014736357634236903,-0.02121632511088392,-0.009456650745481975,-0.9933110546103026,-0.017219652931397975,0.03893769006698912,0.03245941497998317,-0.9951277803733705,-0.037354442072526896,-0.028057356378397427,5.300476738867009,-0.0017363872814420765,-0.1952022743700931,-0.0015140950748385386,-0.06499333512347424,-0.10110161333830604,-0.013499648900002976,-0.06127449945998744,-0.019062961308309635,-0.028499466082859387,-0.0252157751870108,0.199685278281537,0.03199092698208957,-0.10412693527404343,0.055635200087560094,-0.07988674679700883,0.08224532213363035,-0.05596714365156208,0.03447150587594823,engagement_trend_ratio (+5.300); country_US (+0.200); referral_source_organic (+0.082),tenure_months (-0.995); tenure_days (-0.993); industry_DevTools (-0.195)
A-9208f0,0.04700204372704973,-0.02314051556396136,-0.026108606127704544,-0.026108606127704735,-0.03374740520713475,0.0302206082354628,-0.0016854774780280498,0.18484537487428404,-0.004318461112348715,-0.16330899783570246,-0.03734577852535707,0.09099358225889458,-0.00655098080285621,-0.0074308122403948075,0.03352812537034518,-0.6138374853267268,-0.03077843476714441,0.03499930406753936,-0.03734577852535693,-0.6149601692722582,-0.025195634822012182,0.056197091715289034,1.9677939136687304,-0.0017363872814420765,-0.1952022743700931,0.013626855673546847,-0.06499333512347424,-0.10110161333830604,-0.013499648900002976,-0.06127449945998744,-0.019062961308309635,-0.028499466082859387,-0.0252157751870108,0.199685278281537,0.03199092698208957,-0.10412693527404343,0.055635200087560094,-0.07988674679700883,-0.22236698206500055,-0.05596714365156208,0.03447150587594823,engagement_trend_ratio (+1.968); country_US (+0.200); total_usage_count (+0.185),tenure_months (-0.615); tenure_days (-0.614); referral_source_organic (-0.222)
A-98a59a,-0.09213210078251623,-0.02314051556396136,0.008022567093332544,0.008022567093332602,-0.03374740520713475,0.0302206082354628,-0.0016854774780280498,-0.13944475648410898,0.013238366280908048,0.21736465679297465,0.018498376278915183,-0.019704206377230214,0.005171121860741302,-0.001893042112933372,-0.009456650745481975,-0.5280660621324939,0.24039720194778427,0.036165250106031124,0.018498376278915134,-0.5290318736124178,-0.03330294062245084,-0.05674788750856138,0.9105133816489175,-0.0017363872814420765,-0.1952022743700931,-0.0015140950748385386,0.18498103073604205,-0.10110161333830604,-0.013499648900002976,-0.06127449945998744,-0.019062961308309635,-0.028499466082859387,0.22694197668309718,-0.31232825577368606,-0.07464549629154232,0.06657295861783105,0.055635200087560094,-0.07988674679700883,0.08224532213363035,-0.05596714365156208,-0.19533853329703998,engagement_trend_ratio (+0.911); days_since_last_activity (+0.240); country_UK (+0.227),tenure_months (-0.529); tenure_days (-0.528); country_US (-0.312)
A-fe79a5,0.02676434998020378,0.06942154669188408,-0.00383129882490665,-0.003831298824906676,-0.03374740520713475,0.0302206082354628,-0.0016854774780280498,-0.6082979584480507,0.027457695703020212,0.3696341186444455,0.0883035697842555,0.002435351349994744,0.010194880145140235,0.010596396897937111,-0.009456650745481975,-0.0056401208585298585,-0.07145478027438372,0.033989157264140445,0.08830356978425523,-0.005650436411571479,-0.02691415040075575,0.011250079525562713,-0.2462509626201645,-0.0017363872814420765,-0.1952022743700931,-0.0015140950748385386,-0.06499333512347424,0.35845117456308506,-0.013499648900002976,-0.06127449945998744,-0.019062961308309635,0.32774385995288297,-0.0252157751870108,-0.31232825577368606,0.03199092698208957,0.06657295861783105,0.055635200087560094,-0.07988674679700883,0.08224532213363035,-0.05596714365156208,0.03447150587594823,total_errors (+0.370); industry_HealthTech (+0.358); country_IN (+0.328),total_usage_count (-0.608); country_US (-0.312); engagement_trend_ratio (-0.246)
A-726cfa,0.02170492654349229,-0.02314051556396136,0.06795113581744212,0.06795113581744261,0.11298044351953808,0.0302206082354628,-0.0016854774780280498,1.9625804323208962,-0.06747478304213572,-0.6962521143158503,-0.3305275912477864,-0.019704206377230214,0.00014736357634236903,0.0004634558136459707,-0.009456650745481975,-0.6164366193629156,0.17260329276905212,0.0251859530560326,-0.3305275912477854,-0.6175640570195261,-0.03363631659831923,-0.2756091957235187,0.7363837142915375,-0.0017363872814420765,0.6535032663694421,-0.0015140950748385386,-0.06499333512347424,-0.10110161333830604,-0.013499648900002976,-0.06127449945998744,-0.019062961308309635,-0.028499466082859387,-0.0252157751870108,0.199685278281537,0.03199092698208957,-0.10412693527404343,-0.06531088705930968,-0.07988674679700883,0.08224532213363035,-0.05596714365156208,-0.19533853329703998,total_usage_count (+1.963); engagement_trend_ratio (+0.736); industry_DevTools (+0.654),total_errors (-0.696); tenure_months (-0.618); tenure_days (-0.616)
A-c43359,-0.04659728985211281,-0.02314051556396136,-0.01712802775103225,-0.017128027751032372,-0.03374740520713475,-0.34753699470782223,-0.0016854774780280498,-0.1160020963859119,0.0016495897493296607,-0.20137636329857014,-0.00244318177268691,-0.019704206377230214,0.00014736357634236903,0.01318854461717438,-0.009456650745481975,0.6935269348762777,0.2132796382762914,-0.07491484991203264,-0.0024431817726868854,0.6947953676034918,0.022919937190176556,0.05360037062568636,-0.8332017595270691,-0.0017363872814420765,-0.1952022743700931,-0.0015140950748385386,0.18498103073604205,-0.10110161333830604,-0.013499648900002976,-0.06127449945998744,-0.019062961308309635,-0.028499466082859387,-0.0252157751870108,0.199685278281537,0.03199092698208957,-0.10412693527404343,-0.06531088705930968,-0.07988674679700883,-0.22236698206500055,-0.05596714365156208,0.03447150587594823,tenure_months (+0.695); tenure_days (+0.694); days_since_last_activity (+0.213),engagement_trend_ratio (-0.833); upgrade_flag (-0.348); referral_source_organic (-0.222)
A-271f46,-0.04659728985211281,-0.02314051556396136,0.08775318675326248,0.0877531867532631,-0.03374740520713475,0.0302206082354628,-0.0016854774780280498,-0.4598277778261359,0.018292511328231557,0.4077014841073132,0.06736201173265341,-0.06398332183168014,0.00014736357634236903,-7.84377166989983e-06,-0.009456650745481975,-0.6112383512905378,0.0912506017545735,0.03855742915486511,0.06736201173265317,-0.61235628152499,-0.03699660590019512,-0.3439999078310287,2.1237157628264725,-0.0017363872814420765,0.6535032663694421,-0.0015140950748385386,-0.06499333512347424,-0.10110161333830604,-0.013499648900002976,-0.06127449945998744,-0.019062961308309635,-0.028499466082859387,-0.0252157751870108,0.199685278281537,0.03199092698208957,-0.10412693527404343,-0.06531088705930968,0.390035293185396,0.08224532213363035,-0.05596714365156208,0.03447150587594823,engagement_trend_ratio (+2.124); industry_DevTools (+0.654); total_errors (+0.408),tenure_months (-0.612); tenure_days (-0.611); total_usage_count (-0.460)
A-157070,0.009056367951713567,-0.02314051556396136,-0.01712802775103225,-0.017128027751032372,-0.03374740520713475,0.0302206082354628,-0.0016854774780280498,0.8021687574601406,-0.018778561685103695,0.0270278294786361,-0.16997564618550368,-0.019704206377230214,-0.009900152992455497,-0.00896253589267138,0.03352812537034518,-0.2759500606221729,0.199720856440545,0.026890805082074976,-0.16997564618550315,-0.27645476212743214,-0.03205376592199213,0.0320764380385354,0.7273399888851324,-0.0017363872814420765,-0.1952022743700931,-0.0015140950748385386,0.18498103073604205,-0.10110161333830604,-0.013499648900002976,-0.06127449945998744,-0.019062961308309635,-0.028499466082859387,-0.0252157751870108,0.199685278281537,0.03199092698208957,-0.10412693527404343,0.055635200087560094,-0.07988674679700883,0.08224532213363035,-0.05596714365156208,0.03447150587594823,total_usage_count (+0.802); engagement_trend_ratio (+0.727); days_since_last_activity (+0.200),tenure_months (-0.276); tenure_days (-0.276); industry_DevTools (-0.195)
A-40a557,0.009056367951713567,0.06942154669188408,0.013495495743936159,0.013495495743936256,-0.03374740520713475,0.0302206082354628,-0.0016854774780280498,-0.34652158735151656,0.01846975987742818,0.3696341186444455,0.04642045368105132,0.06885402453166961,-0.0032018086132569205,0.007667606617759935,-0.009456650745481975,-0.21357084375363988,0.17260329276905212,0.034541824543762326,0.04642045368105117,-0.21396145619300272,-0.022268160980481174,-0.044066873197674425,-0.1284393497076348,-0.0017363872814420765,-0.1952022743700931,-0.0015140950748385386,-0.06499333512347424,-0.10110161333830604,-0.013499648900002976,-0.06127449945998744,-0.019062961308309635,-0.028499466082859387,-0.0252157751870108,-0.31232825577368606,0.03199092698208957,-0.10412693527404343,-0.06531088705930968,-0.07988674679700883,0.08224532213363035,-0.05596714365156208,-0.19533853329703998,total_errors (+0.370); days_since_last_activity (+0.173); referral_source_organic (+0.082),total_usage_count (-0.347); country_US (-0.312); tenure_months (-0.214)
A-66224b,-0.18320172264332305,0.06942154669188408,-0.026108606127704544,-0.026108606127704735,-0.03374740520713475,0.0302206082354628,-0.0016854774780280498,0.528671056314508,-0.0179081995894821,-0.08717426690996702,-0.09318993332962933,0.04671446680444465,-0.004876394708056564,-0.005427789002802375,-0.009456650745481975,0.6181520478268003,-0.12568990761736945,-0.05373363160461074,-0.09318993332962906,0.619282622932723,0.03624013595889564,0.056197091715289034,-0.9667642746079184,-0.0017363872814420765,-0.1952022743700931,-0.0015140950748385386,-0.06499333512347424,0.35845117456308506,-0.013499648900002976,-0.06127449945998744,-0.019062961308309635,-0.028499466082859387,-0.0252157751870108,0.199685278281537,0.03199092698208957,-0.10412693527404343,0.055635200087560094,-0.07988674679700883,0.08224532213363035,0.21054306421301927,0.03447150587594823,tenure_months (+0.619); tenure_days (+0.618); total_usage_count (+0.529),engagement_trend_ratio (-0.967); industry_DevTools (-0.195); seats (-0.183)
A-91e948,-0.05418642500718006,-0.02314051556396136,0.07537690491837476,0.0753769049183753,-0.03374740520713475,0.0302206082354628,-0.0016854774780280498,-0.33870736731878426,0.017935452834618695,0.4077014841073132,0.07434253108318743,-0.08612287955890506,0.00014736357634236903,-7.84377166989983e-06,-0.009456650745481975,-1.0141041268998137,0.17260329276905212,0.03982003860273569,0.0743425310831872,-1.0159588823515135,-0.0386859821151492,-0.4015753445354905,1.2622711358944168,0.08508297679066168,-0.1952022743700931,0.013626855673546847,-0.06499333512347424,-0.10110161333830604,-0.013499648900002976,-0.06127449945998744,-0.019062961308309635,-0.028499466082859387,-0.0252157751870108,-0.31232825577368606,0.03199092698208957,0.06657295861783105,-0.06531088705930968,-0.07988674679700883,0.08224532213363035,-0.05596714365156208,-0.19533853329703998,engagement_trend_ratio (+1.262); total_errors (+0.408); days_since_last_activity (+0.173),tenure_months (-1.016); tenure_days (-1.014); clv_proxy (-0.402)
A-104f1a,-0.011181325795132391,-0.02314051556396136,-0.01807335179068197,-0.018073351790682094,-0.03374740520713475,0.0302206082354628,-0.0016854774780280498,-0.20586562676233405,-0.0034209482273993156,0.17929729133010694,0.025478895629449216,0.024574909077219702,-0.002364515565857097,0.0039510727449833805,0.03352812537034518,0.45700573758309,0.02345669257584133,0.008432535627574804,0.025478895629449123,0.4578415826021135,-0.004712129557065145,0.04917531492094827,-0.5667874770638875,-0.0017363872814420765,-0.1952022743700931,-0.0015140950748385386,-0.06499333512347424,-0.10110161333830604,-0.013499648900002976,-0.06127449945998744,-0.019062961308309635,-0.028499466082859387,-0.0252157751870108,0.199685278281537,0.03199092698208957,-0.10412693527404343,-0.06531088705930968,-0.07988674679700883,0.08224532213363035,0.21054306421301927,0.03447150587594823,tenure_months (+0.458); tenure_days (+0.457); referral_source_other (+0.211),engagement_trend_ratio (-0.567); total_usage_count (-0.206); industry_DevTools (-0.195)
A-7988d1,-0.03394873126033409,-0.02314051556396136,-0.026108606127704544,-0.026108606127704735,-0.03374740520713475,0.0302206082354628,-0.0016854774780280498,-0.16288741658230604,0.006150473429218606,-0.04910690144709932,0.011517856928381155,-0.019704206377230214,0.003496535765941654,0.0009347553989618312,-0.009456650745481975,-0.169385565138429,0.1319269472618128,0.03251651679984337,0.011517856928381084,-0.16969536448944855,-0.03133249042087955,0.056197091715289034,0.44529374252197196,-0.0017363872814420765,-0.1952022743700931,-0.0015140950748385386,-0.06499333512347424,-0.10110161333830604,-0.013499648900002976,-0.06127449945998744,-0.019062961308309635,-0.028499466082859387,-0.0252157751870108,0.199685278281537,0.03199092698208957,0.06657295861783105,-0.06531088705930968,-0.07988674679700883,0.08224532213363035,0.21054306421301927,0.03447150587594823,engagement_trend_ratio (+0.445); referral_source_other (+0.211); country_US (+0.200),industry_DevTools (-0.195); tenure_months (-0.170); tenure_days (-0.169)
A-faa28c,-0.07189440703567027,-0.02314051556396136,0.0031466852046129596,0.0031466852046129834,-0.03374740520713475,0.0302206082354628,-0.0016854774780280498,0.36847954564349455,-0.00601205563155118,0.10316256040437151,-0.05130681722642513,0.002435351349994744,0.006845707955540948,-0.022983698555818423,0.03352812537034518,-0.06282106965468512,0.199720856440545,0.02598896816695364,-0.051306817226424974,-0.06293596685146491,-0.027684925096341028,-0.006964372394359352,-0.2541201078192739,-0.0017363872814420765,-0.1952022743700931,-0.0015140950748385386,-0.06499333512347424,0.35845117456308506,-0.013499648900002976,-0.06127449945998744,-0.019062961308309635,-0.028499466082859387,-0.0252157751870108,0.199685278281537,-0.07464549629154232,0.06657295861783105,-0.06531088705930968,-0.07988674679700883,-0.22236698206500055,-0.05596714365156208,0.03447150587594823,total_usage_count (+0.368); industry_HealthTech (+0.358); days_since_last_activity (+0.200),engagement_trend_ratio (-0.254); referral_source_organic (-0.222); industry_DevTools (-0.195)
A-f25509,-0.031419019541978344,-0.02314051556396136,-0.012637738562696102,-0.012637738562696194,-0.03374740520713475,0.0302206082354628,0.03202407208253294,-1.022451620182866,0.03927546096723124,0.4457688495701809,0.1790503213411979,0.04671446680444465,0.006845707955540948,-0.00943383547798723,-0.009456650745481975,0.0723339002271364,0.199720856440545,0.03708082181261828,0.17905032134119736,0.0724661960064653,-0.019162979518391042,0.03161479873371715,-0.4498022650846667,-0.0017363872814420765,-0.1952022743700931,0.013626855673546847,-0.06499333512347424,-0.10110161333830604,-0.013499648900002976,-0.06127449945998744,-0.019062961308309635,-0.028499466082859387,-0.0252157751870108,0.199685278281537,-0.07464549629154232,0.06657295861783105,0.055635200087560094,-0.07988674679700883,0.08224532213363035,0.21054306421301927,0.03447150587594823,total_errors (+0.446); referral_source_other (+0.211); days_since_last_activity (+0.200),total_usage_count (-1.022); engagement_trend_ratio (-0.450); industry_DevTools (-0.195)
A-3a7284,-0.0288893078236226,-0.02314051556396136,-0.007214563808916158,-0.007214563808916208,-0.03374740520713475,-0.34753699470782223,-0.0016854774780280498,0.4622501860362828,-0.021152462774633105,-0.12524163237283475,-0.08620941397909528,-0.019704206377230214,-0.004876394708056564,-0.0287571184759378,-0.009456650745481975,0.6961260689124665,0.11836816542606639,-0.11759168106326694,-0.08620941397909503,0.6973992553507596,0.024320071719843052,0.05085531114450776,-0.9699829689676022,-0.0017363872814420765,-0.1952022743700931,-0.0015140950748385386,0.18498103073604205,-0.10110161333830604,-0.013499648900002976,-0.06127449945998744,-0.019062961308309635,-0.028499466082859387,-0.0252157751870108,0.199685278281537,-0.07464549629154232,0.06657295861783105,0.055635200087560094,-0.07988674679700883,-0.22236698206500055,-0.05596714365156208,0.03447150587594823,tenure_months (+0.697); tenure_days (+0.696); total_usage_count (+0.462),engagement_trend_ratio (-0.970); upgrade_flag (-0.348); referral_source_organic (-0.222)
A-3a5ad8,0.02676434998020378,0.06942154669188408,-0.026108606127704544,-0.026108606127704735,-0.03374740520713475,0.0302206082354628,-0.0016854774780280498,0.059817854350566246,0.011471515858424897,0.14122992586723926,-0.03734577852535707,0.002435351349994744,0.005171121860741302,-0.012379457886211413,-0.009456650745481975,-0.20837257568126213,0.02345669257584133,0.031331843143819225,-0.03734577852535693,-0.20875368069846692,-0.02925650467045649,0.056197091715289034,0.040602774643370663,-0.0017363872814420765,-0.1952022743700931,-0.0015140950748385386,-0.06499333512347424,0.35845117456308506,-0.013499648900002976,-0.06127449945998744,-0.019062961308309635,-0.028499466082859387,-0.0252157751870108,0.199685278281537,-0.07464549629154232,0.06657295861783105,0.055635200087560094,-0.07988674679700883,-0.22236698206500055,-0.05596714365156208,0.03447150587594823,industry_HealthTech (+0.358); country_US (+0.200); total_errors (+0.141),referral_source_organic (-0.222); tenure_months (-0.209); tenure_days (-0.208)
A-65a46c,0.04700204372704973,-0.02314051556396136,-0.004776622864556365,-0.004776622864556398,-0.03374740520713475,0.0302206082354628,-0.0016854774780280498,-0.4715491078752344,0.017956456275419454,0.21736465679297465,0.07434253108318743,0.09099358225889458,0.00014736357634236903,-0.012909669919691764,-0.009456650745481975,-0.2889457308031173,0.17260329276905212,0.03626956289353321,0.0743425310831872,-0.28947420086377157,-0.02120912557463126,-0.001783158541614755,1.0683354937352418,-0.0017363872814420765,-0.1952022743700931,-0.0015140950748385386,-0.06499333512347424,0.35845117456308506,-0.013499648900002976,-0.06127449945998744,-0.019062961308309635,-0.028499466082859387,-0.0252157751870108,0.199685278281537,0.03199092698208957,-0.10412693527404343,0.055635200087560094,0.390035293185396,0.08224532213363035,-0.05596714365156208,0.03447150587594823,engagement_trend_ratio (+1.068); referral_source_event (+0.390); industry_HealthTech (+0.358),total_usage_count (-0.472); tenure_months (-0.289); tenure_days (-0.289)
A-8b25f2,0.03435348513527101,-0.02314051556396136,0.006069726643003526,0.0060697266430035715,-0.03374740520713475,0.0302206082354628,-0.0016854774780280498,0.29033734531617095,-0.004673470489785893,0.25543202225584233,-0.03734577852535707,-0.041843764104455165,0.00014736357634236903,0.0006991056063039009,-0.009456650745481975,-0.016036657003285364,0.18616207460479856,0.025565837066553344,-0.03734577852535693,-0.016065987400642873,-0.032874102935401495,-0.009553420808535672,-0.10642230562060515,-0.0017363872814420765,-0.1952022743700931,-0.0015140950748385386,-0.06499333512347424,-0.10110161333830604,-0.013499648900002976,-0.06127449945998744,-0.019062961308309635,-0.028499466082859387,-0.0252157751870108,0.199685278281537,0.03199092698208957,-0.10412693527404343,-0.06531088705930968,-0.07988674679700883,0.08224532213363035,-0.05596714365156208,0.03447150587594823,total_usage_count (+0.290); total_errors (+0.255); country_US (+0.200),industry_DevTools (-0.195); engagement_trend_ratio (-0.106); plan_tier_Pro (-0.104)
A-fabe19,0.04700204372704973,-0.02314051556396136,-0.026108606127704544,-0.026108606127704735,0.11298044351953808,-0.34753699470782223,-0.0016854774780280498,-0.6004837384153183,0.01911062096137322,0.4077014841073132,0.09528408913478954,-0.019704206377230214,0.00014736357634236903,-0.006606037966092027,-0.009456650745481975,0.6805312646953333,0.15904451093330568,-0.033329960712175276,0.09528408913478921,0.6817759288671524,0.016759345259643975,0.056197091715289034,-0.6143615725139607,-0.0017363872814420765,0.6535032663694421,-0.0015140950748385386,-0.06499333512347424,-0.10110161333830604,-0.013499648900002976,-0.06127449945998744,-0.019062961308309635,-0.028499466082859387,0.22694197668309718,-0.31232825577368606,-0.07464549629154232,0.06657295861783105,-0.06531088705930968,-0.07988674679700883,0.08224532213363035,-0.05596714365156208,0.03447150587594823,tenure_months (+0.682); tenure_days (+0.681); industry_DevTools (+0.654),engagement_trend_ratio (-0.614); total_usage_count (-0.600); upgrade_flag (-0.348)
A-adc1f3,0.044472332008693986,-0.02314051556396136,-0.013732324292816827,-0.013732324292816924,-0.03374740520713475,0.0302206082354628,-0.0016854774780280498,-0.6122050684644169,0.015439117053592195,0.0270278294786361,0.07434253108318743,-0.019704206377230214,-0.004876394708056564,-0.01603202967240939,-0.009456650745481975,0.4258161291488235,0.11836816542606639,0.019869676628868328,0.0743425310831872,0.42659492963489876,-0.019954452596637993,0.04442752730608964,-0.5871640406323401,-0.0017363872814420765,-0.1952022743700931,-0.0015140950748385386,-0.06499333512347424,-0.10110161333830604,-0.013499648900002976,-0.06127449945998744,-0.019062961308309635,-0.028499466082859387,-0.0252157751870108,0.199685278281537,0.03199092698208957,-0.10412693527404343,-0.06531088705930968,-0.07988674679700883,-0.22236698206500055,-0.05596714365156208,0.03447150587594823,tenure_months (+0.427); tenure_days (+0.426); country_US (+0.200),total_usage_count (-0.612); engagement_trend_ratio (-0.587); referral_source_organic (-0.222)
A-503d5a,0.0394129085719825,-0.02314051556396136,0.11250575042303794,0.11250575042303872,0.11298044351953808,0.0302206082354628,-0.0016854774780280498,0.44662174597081816,-0.03139958049018268,-0.20137636329857014,-0.08620941397909528,0.11313313998611954,0.00014736357634236903,-0.0007933430805296808,-0.009456650745481975,-0.3253336073097615,0.02345669257584133,0.030220881476528457,-0.08620941397909503,-0.32592862932552213,-0.019654405213046282,-0.3330255842602886,0.6815026678228676,-0.0017363872814420765,-0.1952022743700931,-0.0015140950748385386,0.18498103073604205,-0.10110161333830604,-0.013499648900002976,-0.06127449945998744,-0.019062961308309635,-0.028499466082859387,-0.0252157751870108,0.199685278281537,-0.07464549629154232,0.06657295861783105,0.055635200087560094,-0.07988674679700883,0.08224532213363035,0.21054306421301927,0.03447150587594823,engagement_trend_ratio (+0.682); total_usage_count (+0.447); referral_source_other (+0.211),clv_proxy (-0.333); tenure_months (-0.326); tenure_days (-0.325)
A-fd7ad3,0.04700204372704973,-0.02314051556396136,-0.01925500684024411,-0.01925500684024425,-0.03374740520713475,0.0302206082354628,-0.0016854774780280498,0.29815156534890325,-0.011109232118564042,-0.5820500179272472,-0.03734577852535707,0.09099358225889458,0.001821949671142016,-0.01803505291000182,0.03352812537034518,0.6545399243334445,-0.2477189441390874,-0.06548771111117721,-0.03734577852535693,0.6557370513944734,0.08452585649550232,0.05355481411534246,-1.0284439954116391,-0.0017363872814420765,-0.1952022743700931,-0.0015140950748385386,-0.06499333512347424,-0.10110161333830604,-0.013499648900002976,-0.06127449945998744,-0.019062961308309635,-0.028499466082859387,-0.0252157751870108,0.199685278281537,-0.07464549629154232,0.06657295861783105,-0.06531088705930968,0.390035293185396,0.08224532213363035,-0.05596714365156208,0.03447150587594823,tenure_months (+0.656); tenure_days (+0.655); referral_source_event (+0.390),engagement_trend_ratio (-1.028); total_errors (-0.582); days_since_last_activity (-0.248)
A-186a44,-0.001062478921709413,-0.02314051556396136,-0.021381985929455966,-0.021381985929456122,0.11298044351953808,0.0302206082354628,-0.0016854774780280498,0.48178573611811376,-0.02831258697151539,0.06509519494150381,-0.07922889462856125,0.06885402453166961,-0.004876394708056564,-0.0032396123566929874,-0.009456650745481975,-0.5202686600239272,-0.22060138046759453,0.03241877008227859,-0.07922889462856103,-0.5212202103706141,-0.026051955695111696,0.04064713618456899,1.0236192286441168,-0.0017363872814420765,-0.1952022743700931,-0.0015140950748385386,-0.06499333512347424,0.35845117456308506,-0.013499648900002976,-0.06127449945998744,-0.019062961308309635,-0.028499466082859387,-0.0252157751870108,0.199685278281537,-0.07464549629154232,0.06657295861783105,-0.06531088705930968,-0.07988674679700883,0.08224532213363035,-0.05596714365156208,0.03447150587594823,engagement_trend_ratio (+1.024); total_usage_count (+0.482); industry_HealthTech (+0.358),tenure_months (-0.521); tenure_days (-0.520); days_since_last_activity (-0.221)
A-e888d1,0.014115791388425052,-0.02314051556396136,-0.01574735711417543,-0.01574735711417554,-0.03374740520713475,0.0302206082354628,-0.0016854774780280498,0.23954491510341058,-0.004003921779381288,-0.353645825150041,-0.03036525917482304,0.024574909077219702,0.00014736357634236903,-0.00990513506330311,0.03352812537034518,-0.8633543528008588,0.07769181991882708,0.03647795501955378,-0.030365259174822946,-0.8649333930099756,-0.03151137971157866,0.013321861738079801,1.6570457515624766,-0.0017363872814420765,-0.1952022743700931,-0.0015140950748385386,-0.06499333512347424,-0.10110161333830604,-0.013499648900002976,-0.06127449945998744,-0.019062961308309635,-0.028499466082859387,-0.0252157751870108,0.199685278281537,0.03199092698208957,-0.10412693527404343,-0.06531088705930968,-0.07988674679700883,0.08224532213363035,0.21054306421301927,0.03447150587594823,engagement_trend_ratio (+1.657); total_usage_count (+0.240); referral_source_other (+0.211),tenure_months (-0.865); tenure_days (-0.863); total_errors (-0.354)
A-69fad4,0.03435348513527101,-0.02314051556396136,-0.026108606127704544,-0.026108606127704735,-0.03374740520713475,0.0302206082354628,-0.0016854774780280498,-0.3074504871878548,0.013127201728377214,0.10316256040437151,0.08132305043372147,0.002435351349994744,-0.0032018086132569205,-0.00990513506330311,-0.009456650745481975,-0.32793274134595046,0.02345669257584133,0.035487159158010255,0.08132305043372122,-0.32853251707279,-0.030246815087022393,0.056197091715289034,0.3123244036195968,-0.0017363872814420765,-0.1952022743700931,-0.0015140950748385386,0.18498103073604205,-0.10110161333830604,-0.013499648900002976,-0.06127449945998744,-0.019062961308309635,-0.028499466082859387,0.22694197668309718,-0.31232825577368606,0.03199092698208957,0.06657295861783105,-0.06531088705930968,-0.07988674679700883,0.08224532213363035,-0.05596714365156208,0.03447150587594823,engagement_trend_ratio (+0.312); country_UK (+0.227); industry_FinTech (+0.185),tenure_months (-0.329); tenure_days (-0.328); country_US (-0.312)
A-9289f6,0.04700204372704973,-0.02314051556396136,-0.010871475225455845,-0.010871475225455923,0.11298044351953808,-0.34753699470782223,-0.0016854774780280498,0.5911848165763668,-0.025667177988707914,-0.4297805560757765,-0.13507304943283352,0.04671446680444465,0.003496535765941654,-0.0021286919055913023,-0.009456650745481975,-0.6970097744847707,-0.19348381679610166,0.03351429562044919,-0.13507304943283313,-0.6982845771848303,-0.029126442912598655,-0.0005886988098784614,0.742859172354208,-0.0017363872814420765,-0.1952022743700931,0.013626855673546847,-0.06499333512347424,-0.10110161333830604,-0.013499648900002976,-0.06127449945998744,-0.019062961308309635,-0.028499466082859387,-0.0252157751870108,0.199685278281537,-0.07464549629154232,0.06657295861783105,0.055635200087560094,0.390035293185396,0.08224532213363035,-0.05596714365156208,0.03447150587594823,engagement_trend_ratio (+0.743); total_usage_count (+0.591); referral_source_event (+0.390),tenure_months (-0.698); tenure_days (-0.697); total_errors (-0.430)
A-f19409,-0.008651614076776648,-0.02314051556396136,-0.017837020780769538,-0.017837020780769666,0.11298044351953808,0.0302206082354628,-0.0016854774780280498,0.6576056868545919,-0.03050155532618936,-0.16330899783570246,-0.09318993332962933,-0.019704206377230214,0.00014736357634236903,0.041937819321442284,-0.009456650745481975,0.6285485839715558,0.18616207460479856,-0.06506391366258733,-0.09318993332962906,0.6296981739217945,0.0009178231525602089,0.052476643370536674,1.8888323013816,-0.0017363872814420765,0.6535032663694421,-0.0015140950748385386,-0.06499333512347424,-0.10110161333830604,-0.013499648900002976,-0.06127449945998744,-0.019062961308309635,-0.028499466082859387,-0.0252157751870108,0.199685278281537,0.03199092698208957,0.06657295861783105,0.055635200087560094,-0.07988674679700883,0.08224532213363035,0.21054306421301927,0.03447150587594823,engagement_trend_ratio (+1.889); total_usage_count (+0.658); industry_DevTools (+0.654),total_errors (-0.163); industry_HealthTech (-0.101); distinct_features_used (-0.093)
A-22f2df,0.041942620290338246,-0.02314051556396136,-0.023508965018667827,-0.023508965018667997,-0.03374740520713475,0.0302206082354628,-0.0016854774780280498,-0.2410296169096297,0.01595446977177661,0.3696341186444455,0.04642045368105132,0.024574909077219702,0.010194880145140235,-0.01245015282400879,-0.009456650745481975,0.7663026878895661,-0.05789599843863728,-0.2528011975355786,0.04642045368105117,0.7677042245269928,0.2331048383495233,0.05591312280081201,-1.0284439954116391,-0.0017363872814420765,0.6535032663694421,-0.0015140950748385386,-0.06499333512347424,-0.10110161333830604,-0.013499648900002976,-0.06127449945998744,-0.019062961308309635,-0.028499466082859387,-0.0252157751870108,0.199685278281537,0.03199092698208957,0.06657295861783105,0.055635200087560094,-0.07988674679700883,0.08224532213363035,-0.05596714365156208,0.03447150587594823,tenure_months (+0.768); tenure_days (+0.766); industry_DevTools (+0.654),engagement_trend_ratio (-1.028); usage_rate_per_day (-0.253); total_usage_count (-0.241)
A-039727,-0.013711037513488138,-0.02314051556396136,0.03577280304673406,0.03577280304673432,-0.03374740520713475,-0.34753699470782223,-0.0016854774780280498,1.0834806786385056,-0.05085593857829811,-0.20137636329857014,-0.1560146074844356,-0.08612287955890506,0.00014736357634236903,-7.84377166989983e-06,-0.009456650745481975,0.6571390583696334,0.11836816542606639,-0.10781430171390384,-0.15601460748443513,0.6583409391417413,-0.0386859821151492,0.0327374869807362,-0.889569149169239,0.08508297679066168,-0.1952022743700931,0.013626855673546847,-0.06499333512347424,-0.10110161333830604,-0.013499648900002976,-0.06127449945998744,-0.019062961308309635,-0.028499466082859387,-0.0252157751870108,-0.31232825577368606,0.03199092698208957,-0.10412693527404343,0.055635200087560094,-0.07988674679700883,-0.22236698206500055,-0.05596714365156208,0.03447150587594823,total_usage_count (+1.083); tenure_months (+0.658); tenure_days (+0.657),engagement_trend_ratio (-0.890); upgrade_flag (-0.348); country_US (-0.312)
A-2e3bad,-0.10478065937429494,-0.02314051556396136,-0.011692414523046387,-0.011692414523046472,-0.03374740520713475,0.0302206082354628,-0.0016854774780280498,-0.21758695681143259,0.013592351100257383,0.0270278294786361,0.039439934330517276,0.024574909077219702,-0.004876394708056564,0.006496090505689069,-0.009456650745481975,-0.5046738558067939,-0.423983108003791,0.0364478034224209,0.03943993433051716,-0.5055968838870067,-0.02955466996515033,0.009325516772788558,-0.25906119899080776,-0.0017363872814420765,-0.1952022743700931,-0.0015140950748385386,0.18498103073604205,-0.10110161333830604,0.2564933291000565,-0.06127449945998744,-0.019062961308309635,-0.028499466082859387,-0.0252157751870108,-0.31232825577368606,0.03199092698208957,-0.10412693527404343,-0.06531088705930968,-0.07988674679700883,0.08224532213363035,0.21054306421301927,0.03447150587594823,country_CA (+0.256); referral_source_other (+0.211); industry_FinTech (+0.185),tenure_months (-0.506); tenure_days (-0.505); days_since_last_activity (-0.424)
A-484819,0.003996944515002075,-0.02314051556396136,0.018446008477891244,0.01844600847789138,-0.03374740520713475,-0.34753699470782223,-0.0016854774780280498,-0.6043908484316846,0.01751743313477925,0.25543202225584233,0.09528408913478954,0.024574909077219702,0.005171121860741302,0.0039510727449833805,-0.009456650745481975,-0.9543240440674694,0.10480938359031995,0.040777096147517344,0.09528408913478921,-0.956069464164352,-0.031881204577742094,-0.13819157883773114,1.2889729766366733,-0.0017363872814420765,-0.1952022743700931,-0.0015140950748385386,-0.06499333512347424,0.35845117456308506,-0.013499648900002976,-0.06127449945998744,-0.019062961308309635,-0.028499466082859387,-0.0252157751870108,0.199685278281537,0.03199092698208957,-0.10412693527404343,-0.06531088705930968,-0.07988674679700883,-0.22236698206500055,-0.05596714365156208,0.03447150587594823,engagement_trend_ratio (+1.289); industry_HealthTech (+0.358); total_errors (+0.255),tenure_months (-0.956); tenure_days (-0.954); total_usage_count (-0.604)
A-425e76,0.029294061698559522,-0.02314051556396136,-0.00383129882490665,-0.003831298824906676,-0.03374740520713475,0.0302206082354628,-0.0016854774780280498,-0.20586562676233405,0.007096140544296569,0.10316256040437151,-0.009423701123220942,0.024574909077219702,-0.00655098080285621,-0.017257408594230642,0.03352812537034518,-0.5514582684581937,0.10480938359031995,0.03673029243169128,-0.009423701123220933,-0.5524668633378286,-0.02986834099320372,-0.018810024168203297,1.19979331290392,-0.0017363872814420765,0.6535032663694421,-0.0015140950748385386,-0.06499333512347424,-0.10110161333830604,-0.013499648900002976,-0.06127449945998744,-0.019062961308309635,-0.028499466082859387,0.22694197668309718,-0.31232825577368606,-0.07464549629154232,0.06657295861783105,0.055635200087560094,-0.07988674679700883,0.08224532213363035,0.21054306421301927,0.03447150587594823,engagement_trend_ratio (+1.200); industry_DevTools (+0.654); country_UK (+0.227),tenure_months (-0.552); tenure_days (-0.551); country_US (-0.312)
A-e83938,0.044472332008693986,0.06942154669188408,-0.01334673159243339,-0.013346731592433485,0.11298044351953808,0.0302206082354628,-0.0016854774780280498,-0.8778885495773172,0.03228490113388676,0.33156675318157774,0.10226460848532358,0.002435351349994744,-0.009900152992455497,0.007061650008068108,-0.009456650745481975,-0.23956218411552865,0.02345669257584133,0.03883611508002433,0.10226460848532323,-0.24000033366568183,-0.029536588158912705,0.02306839739320032,-0.04922180247402132,-0.0017363872814420765,0.6535032663694421,-0.0015140950748385386,-0.06499333512347424,-0.10110161333830604,-0.013499648900002976,-0.06127449945998744,-0.019062961308309635,-0.028499466082859387,0.22694197668309718,-0.31232825577368606,0.03199092698208957,-0.10412693527404343,0.055635200087560094,-0.07988674679700883,0.08224532213363035,0.21054306421301927,0.03447150587594823,industry_DevTools (+0.654); total_errors (+0.332); country_UK (+0.227),total_usage_count (-0.878); country_US (-0.312); tenure_months (-0.240)
A-ad296b,-0.04659728985211281,-0.02314051556396136,-0.0029481671562865213,-0.0029481671562865412,-0.03374740520713475,0.0302206082354628,-0.0016854774780280498,-0.7684894691190641,0.023803609282732497,0.559970945958784,0.1092451278358576,-0.019704206377230214,-0.0032018086132569205,0.01083204669059505,0.03352812537034518,0.3712343143888571,0.009897910740094896,0.02600589498812514,0.10924512783585726,0.37191328694227305,-0.02228203910485536,0.031046860904763107,-0.6226157071896621,-0.0017363872814420765,0.6535032663694421,-0.0015140950748385386,-0.06499333512347424,-0.10110161333830604,-0.013499648900002976,-0.06127449945998744,-0.019062961308309635,-0.028499466082859387,-0.0252157751870108,-0.31232825577368606,0.03199092698208957,-0.10412693527404343,0.055635200087560094,0.390035293185396,0.08224532213363035,-0.05596714365156208,0.03447150587594823,industry_DevTools (+0.654); total_errors (+0.560); referral_source_event (+0.390),total_usage_count (-0.768); engagement_trend_ratio (-0.623); country_US (-0.312)
A-e51ec7,0.044472332008693986,-0.02314051556396136,-0.0013560424579291057,-0.001356042457929114,-0.03374740520713475,0.0302206082354628,-0.0016854774780280498,-0.28791493710602384,0.012051928015187266,0.33156675318157774,0.04642045368105132,-0.019704206377230214,0.010194880145140235,-0.0014217425276175015,-0.009456650745481975,-0.39810936032305005,-0.11213112578162301,0.03600767656047337,0.04642045368105117,-0.3988374862490231,-0.03272411895656929,-0.01776030626143687,-0.27277782731250966,-0.0017363872814420765,-0.1952022743700931,-0.0015140950748385386,0.18498103073604205,-0.10110161333830604,0.2564933291000565,-0.06127449945998744,-0.019062961308309635,-0.028499466082859387,-0.0252157751870108,-0.31232825577368606,-0.07464549629154232,0.06657295861783105,-0.06531088705930968,-0.07988674679700883,0.08224532213363035,-0.05596714365156208,-0.19533853329703998,total_errors (+0.332); country_CA (+0.256); industry_FinTech (+0.185),tenure_months (-0.399); tenure_days (-0.398); country_US (-0.312)
A-0aaf6e,0.041942620290338246,-0.02314051556396136,0.018446008477891244,0.01844600847789138,-0.03374740520713475,0.0302206082354628,-0.0016854774780280498,0.4231790858726211,-0.011357687454865675,-0.46784792153864413,-0.05130681722642513,0.024574909077219702,0.00014736357634236903,-0.012732932575198313,-0.009456650745481975,0.2022906020365802,0.1319269472618128,0.016273321103019697,-0.051306817226424974,0.20266058336986006,-0.018940495158314027,-0.010793996516532359,-0.410254143413587,-0.0017363872814420765,-0.1952022743700931,-0.0015140950748385386,0.18498103073604205,-0.10110161333830604,-0.013499648900002976,-0.06127449945998744,-0.019062961308309635,-0.028499466082859387,-0.0252157751870108,0.199685278281537,-0.07464549629154232,0.06657295861783105,-0.06531088705930968,-0.07988674679700883,-0.22236698206500055,-0.05596714365156208,0.03447150587594823,total_usage_count (+0.423); tenure_months (+0.203); tenure_days (+0.202),total_errors (-0.468); engagement_trend_ratio (-0.410); referral_source_organic (-0.222)
A-e61e98,0.0014672327966463318,-0.02314051556396136,0.058050110349531954,0.05805011034953236,-0.03374740520713475,0.0302206082354628,-0.0016854774780280498,0.14186716469425606,0.00936297531364651,0.06509519494150381,-0.05828733657695916,0.04671446680444465,0.006175873517621084,0.00800424917869985,0.03352812537034518,-0.13819595670416251,0.18616207460479856,0.02951606597367688,-0.058287336576959024,-0.13844871152223379,-0.023495481464520934,-0.14118168439033857,1.294334295879335,-0.0017363872814420765,-0.1952022743700931,-0.0015140950748385386,0.18498103073604205,-0.10110161333830604,-0.013499648900002976,-0.06127449945998744,-0.019062961308309635,-0.028499466082859387,-0.0252157751870108,0.199685278281537,-0.07464549629154232,0.06657295861783105,0.055635200087560094,-0.07988674679700883,0.08224532213363035,-0.05596714365156208,-0.19533853329703998,engagement_trend_ratio (+1.294); country_US (+0.200); days_since_last_activity (+0.186),referral_source_partner (-0.195); industry_DevTools (-0.195); clv_proxy (-0.141)
A-92a333,0.02676434998020378,-0.02314051556396136,-0.023981627038492687,-0.023981627038492857,-0.03374740520713475,0.0302206082354628,-0.0016854774780280498,-0.4949917679734315,0.02388557392975984,-0.12524163237283475,0.07434253108318743,0.002435351349994744,0.00014736357634236903,0.018019365366662023,0.03352812537034518,-0.8737508889456143,0.0912506017545735,0.03998344008813693,0.0743425310831872,-0.8753489439990475,-0.032981730327619044,0.04734090610443363,1.6943472149287173,-0.0017363872814420765,-0.1952022743700931,-0.0015140950748385386,0.18498103073604205,-0.10110161333830604,-0.013499648900002976,-0.06127449945998744,-0.019062961308309635,-0.028499466082859387,-0.0252157751870108,0.199685278281537,-0.07464549629154232,0.06657295861783105,-0.06531088705930968,0.390035293185396,0.08224532213363035,-0.05596714365156208,0.03447150587594823,engagement_trend_ratio (+1.694); referral_source_event (+0.390); country_US (+0.200),tenure_months (-0.875); tenure_days (-0.874); total_usage_count (-0.495)
A-95b24a,-0.04659728985211281,-0.02314051556396136,-0.026108606127704544,-0.026108606127704735,-0.03374740520713475,-0.34753699470782223,-0.0016854774780280498,0.47006440606901523,-0.019766235681783175,-0.27751109422430553,-0.10017045268016335,0.024574909077219702,0.0026592427185418354,0.020917857816354603,-0.009456650745481975,-0.6814149702676375,0.24039720194778427,0.03401786251310506,-0.10017045268016306,-0.6826612507012233,-0.030636428198948098,0.056197091715289034,0.7029487538173698,-0.0017363872814420765,-0.1952022743700931,-0.0015140950748385386,0.18498103073604205,-0.10110161333830604,-0.013499648900002976,-0.06127449945998744,-0.019062961308309635,-0.028499466082859387,-0.0252157751870108,0.199685278281537,0.03199092698208957,-0.10412693527404343,0.055635200087560094,0.390035293185396,0.08224532213363035,-0.05596714365156208,0.03447150587594823,engagement_trend_ratio (+0.703); total_usage_count (+0.470); referral_source_event (+0.390),tenure_months (-0.683); tenure_days (-0.681); upgrade_flag (-0.348)
A-42e5e1,0.04700204372704973,-0.02314051556396136,-0.020013753766805066,-0.02001375376680521,0.11298044351953808,0.0302206082354628,-0.0016854774780280498,-0.3113575972042209,0.017195721895196928,-0.5439826524643796,0.06736201173265341,-0.019704206377230214,0.00014736357634236903,0.00988944751996331,-0.009456650745481975,0.584363305356345,0.17260329276905212,-0.00940907906914622,0.06736201173265317,0.5854320822182403,-0.006820851439980711,0.05278994428377898,-0.5505706475241929,-0.0017363872814420765,0.6535032663694421,-0.0015140950748385386,-0.06499333512347424,-0.10110161333830604,-0.013499648900002976,-0.06127449945998744,-0.019062961308309635,-0.028499466082859387,-0.0252157751870108,0.199685278281537,0.03199092698208957,-0.10412693527404343,0.055635200087560094,-0.07988674679700883,0.08224532213363035,-0.05596714365156208,0.03447150587594823,industry_DevTools (+0.654); tenure_months (+0.585); tenure_days (+0.584),engagement_trend_ratio (-0.551); total_errors (-0.544); total_usage_count (-0.311)
A-7d514c,0.006526656233357821,-0.02314051556396136,0.015970752110913703,0.015970752110913818,-0.03374740520713475,0.0302206082354628,-0.0016854774780280498,0.044189414285101515,0.001825813740438447,-0.12524163237283475,-0.00244318177268691,-0.019704206377230214,0.010194880145140235,0.0037625529108570345,-0.009456650745481975,-0.052424533509929615,-0.03077843476714441,0.028706633130953355,-0.0024431817726868854,-0.05252041586239338,-0.030335782209306855,-0.033569694130010104,-0.5414500495452669,-0.0017363872814420765,-0.1952022743700931,-0.0015140950748385386,-0.06499333512347424,0.35845117456308506,-0.013499648900002976,0.8140754928255473,-0.019062961308309635,-0.028499466082859387,-0.0252157751870108,-0.31232825577368606,-0.07464549629154232,0.06657295861783105,-0.06531088705930968,-0.07988674679700883,-0.22236698206500055,-0.05596714365156208,0.03447150587594823,country_DE (+0.814); industry_HealthTech (+0.358); plan_tier_Pro (+0.067),engagement_trend_ratio (-0.541); country_US (-0.312); referral_source_organic (-0.222)
A-65aeb5,0.02676434998020378,-0.02314051556396136,-0.023981627038492687,-0.023981627038492857,-0.03374740520713475,0.0302206082354628,-0.0016854774780280498,0.16530982479245312,0.001146019449155425,-0.5059152870015119,-0.016404220473754973,-0.041843764104455165,0.010194880145140235,-0.00919818568532931,-0.009456650745481975,-0.07581673983562949,-0.03077843476714441,0.028101430669125762,-0.016404220473754918,-0.07595540558780446,-0.03326610651644019,0.051536660707107405,-0.12804364095354262,-0.0017363872814420765,0.6535032663694421,-0.0015140950748385386,-0.06499333512347424,-0.10110161333830604,-0.013499648900002976,-0.06127449945998744,-0.019062961308309635,-0.028499466082859387,-0.0252157751870108,0.199685278281537,0.03199092698208957,-0.10412693527404343,0.055635200087560094,-0.07988674679700883,0.08224532213363035,-0.05596714365156208,-0.19533853329703998,industry_DevTools (+0.654); country_US (+0.200); total_usage_count (+0.165),total_errors (-0.506); referral_source_partner (-0.195); engagement_trend_ratio (-0.128)
A-e2cd1b,0.01158607967006931,-0.02314051556396136,0.013495495743936159,0.013495495743936256,-0.03374740520713475,0.0302206082354628,-0.0016854774780280498,-0.10037365632044717,0.0062641993769690435,0.33156675318157774,-0.016404220473754973,0.024574909077219702,0.00014736357634236903,-0.0025528615323755785,-0.009456650745481975,-0.04982539947374074,0.15904451093330568,0.02997887390462219,-0.016404220473754918,-0.049916528115125355,-0.02472693695533219,-0.028034817894332546,-0.18015014294764545,-0.0017363872814420765,0.6535032663694421,-0.0015140950748385386,-0.06499333512347424,-0.10110161333830604,-0.013499648900002976,-0.06127449945998744,-0.019062961308309635,-0.028499466082859387,-0.0252157751870108,0.199685278281537,-0.07464549629154232,0.06657295861783105,0.055635200087560094,-0.07988674679700883,0.08224532213363035,0.21054306421301927,0.03447150587594823,industry_DevTools (+0.654); total_errors (+0.332); referral_source_other (+0.211),engagement_trend_ratio (-0.180); industry_HealthTech (-0.101); total_usage_count (-0.100)
A-180abf,-0.11236979452936219,-0.02314051556396136,0.012898448982052127,0.012898448982052222,-0.03374740520713475,-0.34753699470782223,-0.0016854774780280498,0.032468084236002975,0.007182715702719201,-0.04910690144709932,-0.009423701123220942,-0.019704206377230214,-0.009900152992455497,-0.00047914335698577033,-0.009456650745481975,-0.21616997778982877,0.05057425624733421,0.03165846605989339,-0.009423701123220933,-0.21656534394027058,-0.03166758624492221,-0.04280599686927884,0.7297102821802482,-0.0017363872814420765,0.6535032663694421,-0.0015140950748385386,-0.06499333512347424,-0.10110161333830604,-0.013499648900002976,-0.06127449945998744,-0.019062961308309635,-0.028499466082859387,-0.0252157751870108,0.199685278281537,0.03199092698208957,-0.10412693527404343,-0.06531088705930968,0.390035293185396,0.08224532213363035,-0.05596714365156208,0.03447150587594823,engagement_trend_ratio (+0.730); industry_DevTools (+0.654); referral_source_event (+0.390),upgrade_flag (-0.348); tenure_months (-0.217); tenure_days (-0.216)
A-f17767,0.04700204372704973,0.06942154669188408,-0.016966327586355325,-0.016966327586355447,-0.03374740520713475,0.0302206082354628,-0.0016854774780280498,0.8685896277383658,-0.030073802324515418,-0.4297805560757765,-0.14205356878336756,-0.019704206377230214,0.00014736357634236903,-0.00047914335698577033,0.03352812537034518,0.5687685011392116,0.15904451093330568,-0.04432609184492133,-0.14205356878336708,0.569808755734633,-0.008876666322249647,0.05073390704062636,1.682943556250277,-0.0017363872814420765,0.6535032663694421,-0.0015140950748385386,-0.06499333512347424,-0.10110161333830604,-0.013499648900002976,-0.06127449945998744,-0.019062961308309635,-0.028499466082859387,-0.0252157751870108,0.199685278281537,-0.07464549629154232,0.06657295861783105,0.055635200087560094,0.390035293185396,0.08224532213363035,-0.05596714365156208,0.03447150587594823,engagement_trend_ratio (+1.683); total_usage_count (+0.869); industry_DevTools (+0.654),total_errors (-0.430); distinct_features_used (-0.142); feature_breadth_ratio (-0.142)
A-5a184f,0.04700204372704973,-0.02314051556396136,-0.01760068977085711,-0.017600689770857235,-0.03374740520713475,0.0302206082354628,-0.0016854774780280498,0.37629376567622685,-0.012990320767841554,-0.08717426690996702,-0.0443262978758911,-0.019704206377230214,0.003496535765941654,0.029212730517913864,-0.009456650745481975,-0.35912234978021695,-0.04433721660289085,0.031170127418992215,-0.04432629787589098,-0.3597791700400047,-0.032525390184616636,0.03159657612957959,1.7539598406702601,-0.0017363872814420765,0.6535032663694421,-0.0015140950748385386,-0.06499333512347424,-0.10110161333830604,-0.013499648900002976,0.8140754928255473,-0.019062961308309635,-0.028499466082859387,-0.0252157751870108,-0.31232825577368606,-0.07464549629154232,0.06657295861783105,0.055635200087560094,-0.07988674679700883,0.08224532213363035,0.21054306421301927,0.03447150587594823,engagement_trend_ratio (+1.754); country_DE (+0.814); industry_DevTools (+0.654),tenure_months (-0.360); tenure_days (-0.359); country_US (-0.312)
A-7df7a7,0.031823773416915266,-0.02314051556396136,0.04814908488162178,0.04814908488162213,-0.03374740520713475,0.0302206082354628,-0.0016854774780280498,1.6851756211588975,-0.054578158111427286,-0.7723868452415857,-0.246761359041378,-0.019704206377230214,0.00014736357634236903,0.011303346275910913,0.03352812537034518,-0.5644539386391382,0.07769181991882708,0.025967137391010205,-0.24676135904137725,-0.5654863020741682,-0.03344540296819334,-0.19621235041173035,1.4804493379364145,-0.0017363872814420765,0.6535032663694421,-0.0015140950748385386,-0.06499333512347424,-0.10110161333830604,-0.013499648900002976,-0.06127449945998744,-0.019062961308309635,-0.028499466082859387,-0.0252157751870108,0.199685278281537,0.03199092698208957,0.06657295861783105,0.055635200087560094,-0.07988674679700883,-0.22236698206500055,-0.05596714365156208,0.03447150587594823,total_usage_count (+1.685); engagement_trend_ratio (+1.480); industry_DevTools (+0.654),total_errors (-0.772); tenure_months (-0.565); tenure_days (-0.564)
A-1ac5e0,-0.03394873126033409,-0.02314051556396136,-0.026108606127704544,-0.026108606127704735,0.11298044351953808,0.0302206082354628,-0.0016854774780280498,0.26298757520160765,-0.009032965153552673,-0.16330899783570246,-0.0443262978758911,0.06885402453166961,-0.001862139737417206,-0.006269395405152137,-0.009456650745481975,0.623350315899178,-0.03077843476714441,-0.04531495255829777,-0.04432629787589098,0.6244903984272586,0.051155983538450876,0.056197091715289034,-0.9914947169014109,-0.0017363872814420765,0.6535032663694421,-0.0015140950748385386,-0.06499333512347424,-0.10110161333830604,-0.013499648900002976,-0.06127449945998744,-0.019062961308309635,-0.028499466082859387,-0.0252157751870108,0.199685278281537,0.03199092698208957,0.06657295861783105,-0.06531088705930968,0.390035293185396,0.08224532213363035,-0.05596714365156208,0.03447150587594823,industry_DevTools (+0.654); tenure_months (+0.624); tenure_days (+0.623),engagement_trend_ratio (-0.991); total_errors (-0.163); industry_HealthTech (-0.101)
A-52dd88,-0.008651614076776648,-0.02314051556396136,-0.007824049045006106,-0.007824049045006162,-0.03374740520713475,0.0302206082354628,-0.0016854774780280498,0.09888895451422805,-0.015651098121966658,-0.23944372876143785,-0.016404220473754973,-0.06398332183168014,0.00014736357634236903,-0.050908198985783554,-0.009456650745481975,-0.9543240440674694,-0.2883952896463267,0.037631383127056196,-0.016404220473754918,-0.956069464164352,-0.037325026607667774,-0.02357715331903249,1.2026850412059875,-0.0017363872814420765,-0.1952022743700931,-0.0015140950748385386,-0.06499333512347424,-0.10110161333830604,-0.013499648900002976,-0.06127449945998744,-0.019062961308309635,-0.028499466082859387,-0.0252157751870108,0.199685278281537,0.03199092698208957,-0.10412693527404343,0.055635200087560094,-0.07988674679700883,0.08224532213363035,-0.05596714365156208,0.03447150587594823,engagement_trend_ratio (+1.203); country_US (+0.200); total_usage_count (+0.099),tenure_months (-0.956); tenure_days (-0.954); days_since_last_activity (-0.288)
A-bece89,-0.016240749231843883,-0.02314051556396136,-0.0029481671562865213,-0.0029481671562865412,-0.03374740520713475,0.0302206082354628,-0.0016854774780280498,-1.2295284510502735,0.05233396607581866,0.5219035804959163,0.18603084069173192,0.002435351349994744,0.00014736357634236903,0.004940801874146706,0.03352812537034518,-0.21876911182601766,0.199720856440545,0.04137516998103711,0.18603084069173137,-0.21916923168753846,-0.029351751917372573,-0.0027348100655882556,0.5533370227167099,-0.0017363872814420765,-0.1952022743700931,-0.0015140950748385386,-0.06499333512347424,-0.10110161333830604,-0.013499648900002976,-0.06127449945998744,-0.019062961308309635,0.32774385995288297,-0.0252157751870108,-0.31232825577368606,0.03199092698208957,-0.10412693527404343,0.055635200087560094,0.390035293185396,0.08224532213363035,-0.05596714365156208,0.03447150587594823,engagement_trend_ratio (+0.553); total_errors (+0.522); referral_source_event (+0.390),total_usage_count (-1.230); country_US (-0.312); tenure_months (-0.219)
A-029f69,0.041942620290338246,-0.02314051556396136,-0.01807335179068197,-0.018073351790682094,-0.03374740520713475,0.0302206082354628,-0.0016854774780280498,1.1655299889821955,-0.04661939088507234,-0.5820500179272472,-0.23978083969084396,-0.041843764104455165,-0.009900152992455497,-0.00849123630735551,-0.009456650745481975,0.03334688968430328,0.24039720194778427,0.01533627360427948,-0.23978083969084324,0.03340787979744691,-0.032504786198226894,0.04075950891008396,-0.48611907491049083,-0.0017363872814420765,-0.1952022743700931,-0.0015140950748385386,-0.06499333512347424,-0.10110161333830604,0.2564933291000565,-0.06127449945998744,-0.019062961308309635,-0.028499466082859387,-0.0252157751870108,-0.31232825577368606,0.03199092698208957,0.06657295861783105,0.055635200087560094,0.390035293185396,0.08224532213363035,-0.05596714365156208,0.03447150587594823,total_usage_count (+1.166); referral_source_event (+0.390); country_CA (+0.256),total_errors (-0.582); engagement_trend_ratio (-0.486); country_US (-0.312)
A-5c046d,-0.18573143436167877,-0.02314051556396136,0.2040902360012071,0.20409023600120854,-0.03374740520713475,0.0302206082354628,-0.0016854774780280498,-0.061302556156785364,0.011446926464316694,0.14122992586723926,0.004537337577847121,-0.06398332183168014,-0.009900152992455497,0.03251182761512494,-0.009456650745481975,0.34784210806315724,0.05057425624733421,0.014983329368600641,0.004537337577847101,0.348478297216862,-0.033494472061329626,-0.20709124508185514,-0.7463324139917429,-0.0017363872814420765,-0.1952022743700931,0.013626855673546847,-0.06499333512347424,-0.10110161333830604,-0.013499648900002976,-0.06127449945998744,0.6163690823020115,-0.028499466082859387,-0.0252157751870108,-0.31232825577368606,0.03199092698208957,0.06657295861783105,0.055635200087560094,-0.07988674679700883,0.08224532213363035,-0.05596714365156208,-0.19533853329703998,country_FR (+0.616); tenure_months (+0.348); tenure_days (+0.348),engagement_trend_ratio (-0.746); country_US (-0.312); clv_proxy (-0.207)
A-fb186e,-0.023829884386911117,-0.02314051556396136,-0.026108606127704544,-0.026108606127704735,-0.03374740520713475,0.0302206082354628,-0.0016854774780280498,-1.1084080405429217,0.04000955683716988,0.7503077732731227,0.20697239874333404,0.04671446680444465,-0.0032018086132569205,0.013895493995148181,-0.009456650745481975,0.6415442541525002,-0.6273648355399875,0.008859401292987085,0.2069723987433334,0.642717612658134,0.04661452153837879,0.056197091715289034,-1.0284439954116391,-0.0017363872814420765,-0.1952022743700931,0.013626855673546847,-0.06499333512347424,-0.10110161333830604,-0.013499648900002976,-0.06127449945998744,-0.019062961308309635,0.32774385995288297,-0.0252157751870108,-0.31232825577368606,0.03199092698208957,0.06657295861783105,0.055635200087560094,-0.07988674679700883,-0.22236698206500055,-0.05596714365156208,0.03447150587594823,total_errors (+0.750); tenure_months (+0.643); tenure_days (+0.642),total_usage_count (-1.108); engagement_trend_ratio (-1.028); days_since_last_activity (-0.627)
A-ae052e,-0.04912700157046856,-0.02314051556396136,-0.026108606127704544,-0.026108606127704735,-0.03374740520713475,0.0302206082354628,-0.0016854774780280498,-0.7450468090208671,0.03170397669808048,0.559970945958784,0.12320616653692565,0.002435351349994744,0.00014736357634236903,0.006708175319081208,-0.009456650745481975,-0.42929896875731655,-0.1663662531246088,0.03918599406211568,0.12320616653692527,-0.43008413921623784,-0.030936809875485593,0.056197091715289034,-0.3313808061378025,-0.0017363872814420765,-0.1952022743700931,-0.0015140950748385386,0.18498103073604205,-0.10110161333830604,0.2564933291000565,-0.06127449945998744,-0.019062961308309635,-0.028499466082859387,-0.0252157751870108,-0.31232825577368606,0.03199092698208957,0.06657295861783105,0.055635200087560094,-0.07988674679700883,0.08224532213363035,0.21054306421301927,0.03447150587594823,total_errors (+0.560); country_CA (+0.256); referral_source_other (+0.211),total_usage_count (-0.745); tenure_months (-0.430); tenure_days (-0.429)
A-9f9299,-0.02130017266855537,0.06942154669188408,-0.009043019517186,-0.009043019517186066,-0.03374740520713475,0.0302206082354628,-0.0016854774780280498,1.325721499653209,-0.05542546765007244,-1.0388584034816597,-0.22581980098977594,0.024574909077219702,0.010194880145140235,-0.00029062352285942416,-0.009456650745481975,-0.45269117508301643,0.17260329276905212,0.026383553239972015,-0.22581980098977522,-0.4535191289416488,-0.02917889580259893,0.0029046063727732065,1.5998216234938403,-0.0017363872814420765,-0.1952022743700931,-0.0015140950748385386,0.18498103073604205,-0.10110161333830604,-0.013499648900002976,-0.06127449945998744,-0.019062961308309635,-0.028499466082859387,-0.0252157751870108,0.199685278281537,-0.07464549629154232,0.06657295861783105,0.055635200087560094,-0.07988674679700883,-0.22236698206500055,-0.05596714365156208,0.03447150587594823,engagement_trend_ratio (+1.600); total_usage_count (+1.326); country_US (+0.200),total_errors (-1.039); tenure_months (-0.454); tenure_days (-0.453)
A-96e141,0.014115791388425052,-0.02314051556396136,0.03577280304673406,0.03577280304673432,-0.03374740520713475,0.0302206082354628,-0.0016854774780280498,-0.5653197482680227,0.035185425080566844,0.29349938771871004,0.07434253108318743,0.024574909077219702,0.003496535765941654,0.00451663224736243,-0.009456650745481975,-0.5072729898429829,0.05057425624733421,0.03855096818030911,0.0743425310831872,-0.5082007716342745,-0.02957268044276374,-0.1453964608341735,1.8465617705747035,-0.0017363872814420765,0.6535032663694421,-0.0015140950748385386,-0.06499333512347424,-0.10110161333830604,-0.013499648900002976,-0.06127449945998744,-0.019062961308309635,-0.028499466082859387,0.22694197668309718,-0.31232825577368606,0.03199092698208957,0.06657295861783105,-0.06531088705930968,-0.07988674679700883,0.08224532213363035,-0.05596714365156208,-0.19533853329703998,engagement_trend_ratio (+1.847); industry_DevTools (+0.654); total_errors (+0.293),total_usage_count (-0.565); tenure_months (-0.508); tenure_days (-0.507)
A-117171,-0.06430527188060303,-0.02314051556396136,0.0013182294963431159,0.0013182294963431259,-0.03374740520713475,0.0302206082354628,-0.0016854774780280498,-1.1045009305265556,0.04631366275166036,0.5980383114216518,0.18603084069173192,0.04671446680444465,-0.0032018086132569205,0.004940801874146706,0.03352812537034518,0.6467425222248779,-0.03077843476714441,0.007471374093844763,0.18603084069173137,0.6479253881526698,0.04932247403531617,0.0450944906022649,-0.927155177206983,-0.0017363872814420765,-0.1952022743700931,-0.0015140950748385386,-0.06499333512347424,0.35845117456308506,-0.013499648900002976,-0.06127449945998744,0.6163690823020115,-0.028499466082859387,-0.0252157751870108,-0.31232825577368606,0.03199092698208957,0.06657295861783105,0.055635200087560094,-0.07988674679700883,-0.22236698206500055,-0.05596714365156208,0.03447150587594823,tenure_months (+0.648); tenure_days (+0.647); country_FR (+0.616),total_usage_count (-1.105); engagement_trend_ratio (-0.927); country_US (-0.312)
A-313be3,-0.06936469531731453,0.06942154669188408,0.0025371999685230113,0.002537199968523031,-0.03374740520713475,0.0302206082354628,-0.0016854774780280498,0.27080179523434,-0.007312219845022401,-0.5059152870015119,-0.05828733657695916,0.002435351349994744,0.010194880145140235,0.01907978943362272,0.03352812537034518,-0.26035525640503965,0.07769181991882708,0.030520103509280163,-0.058287336576959024,-0.2608314356438247,-0.029714246293985266,-0.019637394335010522,0.20745631744757065,-0.0017363872814420765,-0.1952022743700931,0.013626855673546847,-0.06499333512347424,-0.10110161333830604,-0.013499648900002976,-0.06127449945998744,-0.019062961308309635,-0.028499466082859387,-0.0252157751870108,0.199685278281537,-0.07464549629154232,0.06657295861783105,-0.06531088705930968,-0.07988674679700883,0.08224532213363035,-0.05596714365156208,-0.19533853329703998,total_usage_count (+0.271); engagement_trend_ratio (+0.207); country_US (+0.200),total_errors (-0.506); tenure_months (-0.261); tenure_days (-0.260)
A-671f31,-0.09972123593758346,-0.02314051556396136,-0.026108606127704544,-0.026108606127704735,-0.03374740520713475,0.0302206082354628,0.03202407208253294,-1.264692441197569,0.054722723257621786,0.4077014841073132,0.1999918793928,0.06885402453166961,0.002156866890101944,0.004233852496172905,-0.009456650745481975,0.7143200071657886,0.15904451093330568,-0.006909740527974812,0.19999187939279936,0.7156264695816349,0.13614162672428876,0.056197091715289034,-0.9011999175420399,-0.0017363872814420765,0.6535032663694421,-0.0015140950748385386,-0.06499333512347424,-0.10110161333830604,-0.013499648900002976,-0.06127449945998744,-0.019062961308309635,-0.028499466082859387,-0.0252157751870108,0.199685278281537,0.03199092698208957,0.06657295861783105,0.055635200087560094,-0.07988674679700883,0.08224532213363035,-0.05596714365156208,0.03447150587594823,tenure_months (+0.716); tenure_days (+0.714); industry_DevTools (+0.654),total_usage_count (-1.265); engagement_trend_ratio (-0.901); industry_HealthTech (-0.101)
A-bbc346,0.0014672327966463318,-0.02314051556396136,-0.026108606127704544,-0.026108606127704735,-0.03374740520713475,0.0302206082354628,0.03202407208253294,0.6224416967072963,-0.014909830345413131,-0.3917131906129087,-0.09318993332962933,-0.019704206377230214,0.005171121860741302,-0.013204232160514185,-0.009456650745481975,0.48819534601735654,0.1319269472618128,-0.015553434958935781,-0.09318993332962906,0.4890882355693282,-0.01632899527047454,0.056197091715289034,-0.9217549531331874,-0.0017363872814420765,-0.1952022743700931,-0.0015140950748385386,0.18498103073604205,-0.10110161333830604,-0.013499648900002976,-0.06127449945998744,-0.019062961308309635,-0.028499466082859387,-0.0252157751870108,0.199685278281537,-0.07464549629154232,0.06657295861783105,0.055635200087560094,-0.07988674679700883,0.08224532213363035,-0.05596714365156208,-0.19533853329703998,total_usage_count (+0.622); tenure_months (+0.489); tenure_days (+0.488),engagement_trend_ratio (-0.922); total_errors (-0.392); referral_source_partner (-0.195)
A-c16101,0.031823773416915266,-0.02314051556396136,-0.02184220947507491,-0.021842209475075064,-0.03374740520713475,0.0302206082354628,-0.0016854774780280498,0.2747089052507062,-0.018294970267642378,-0.08717426690996702,-0.05130681722642513,0.002435351349994744,0.010194880145140235,0.011303346275910913,0.03352812537034518,0.5089884183068675,0.0912506017545735,-0.010738926235411093,-0.051306817226424974,0.5099193375474714,-0.006820851439980711,0.05301708744587965,-0.6866158522445888,-0.0017363872814420765,-0.1952022743700931,0.013626855673546847,-0.06499333512347424,-0.10110161333830604,-0.013499648900002976,-0.06127449945998744,-0.019062961308309635,0.32774385995288297,-0.0252157751870108,-0.31232825577368606,0.03199092698208957,0.06657295861783105,-0.06531088705930968,-0.07988674679700883,0.08224532213363035,0.21054306421301927,0.03447150587594823,tenure_months (+0.510); tenure_days (+0.509); country_IN (+0.328),engagement_trend_ratio (-0.687); country_US (-0.312); industry_DevTools (-0.195)
A-50f3f7,-0.0288893078236226,-0.02314051556396136,0.05062434124859931,0.050624341248599686,-0.03374740520713475,0.0302206082354628,-0.0016854774780280498,0.7591905472801127,-0.029006212796984277,-0.6962521143158503,-0.1560146074844356,0.04671446680444465,0.010194880145140235,-0.0025999914909071724,0.03352812537034518,-0.16418729706605129,0.199720856440545,0.02497326694849983,-0.15601460748443513,-0.16448758899491278,-0.023900561481871023,-0.1286964032265257,0.1624588380298758,-0.0017363872814420765,-0.1952022743700931,-0.0015140950748385386,-0.06499333512347424,0.35845117456308506,-0.013499648900002976,-0.06127449945998744,-0.019062961308309635,-0.028499466082859387,-0.0252157751870108,0.199685278281537,0.03199092698208957,0.06657295861783105,0.055635200087560094,-0.07988674679700883,0.08224532213363035,-0.05596714365156208,-0.19533853329703998,total_usage_count (+0.759); industry_HealthTech (+0.358); days_since_last_activity (+0.200),total_errors (-0.696); referral_source_partner (-0.195); industry_DevTools (-0.195)
A-7da956,0.0166455031067808,0.06942154669188408,0.011020239376958615,0.011020239376958695,-0.03374740520713475,0.0302206082354628,0.03202407208253294,0.20438092495611493,-8.191341912294996e-05,-0.3155784596871733,-0.009423701123220942,-0.019704206377230214,0.010194880145140235,0.004705152081488775,-0.009456650745481975,0.2594715508327355,0.11836816542606639,0.016255620161367577,-0.009423701123220933,0.25994611380975374,-0.02560925396071685,0.005619774389270031,-0.45828802660638723,-0.0017363872814420765,-0.1952022743700931,-0.0015140950748385386,-0.06499333512347424,-0.10110161333830604,-0.013499648900002976,-0.06127449945998744,-0.019062961308309635,-0.028499466082859387,-0.0252157751870108,0.199685278281537,0.03199092698208957,-0.10412693527404343,-0.06531088705930968,0.390035293185396,0.08224532213363035,-0.05596714365156208,0.03447150587594823,referral_source_event (+0.390); tenure_months (+0.260); tenure_days (+0.259),engagement_trend_ratio (-0.458); total_errors (-0.316); industry_DevTools (-0.195)
A-019782,0.02170492654349229,-0.02314051556396136,-0.026108606127704544,-0.026108606127704735,0.11298044351953808,0.0302206082354628,-0.0016854774780280498,0.2786160152670724,-0.005418324219646867,-0.12524163237283475,-0.03036525917482304,-0.041843764104455165,-0.009900152992455497,0.03675352388296774,-0.009456650745481975,-0.8061734040047035,0.0912506017545735,0.035927427144215124,-0.030365259174822946,-0.807647862570082,-0.03571463552486018,0.056197091715289034,1.718971388347177,-0.0017363872814420765,0.6535032663694421,-0.0015140950748385386,-0.06499333512347424,-0.10110161333830604,-0.013499648900002976,-0.06127449945998744,0.6163690823020115,-0.028499466082859387,-0.0252157751870108,-0.31232825577368606,-0.07464549629154232,0.06657295861783105,0.055635200087560094,0.390035293185396,0.08224532213363035,-0.05596714365156208,0.03447150587594823,engagement_trend_ratio (+1.719); industry_DevTools (+0.654); country_FR (+0.616),tenure_months (-0.808); tenure_days (-0.806); country_US (-0.312)
A-df10db,0.044472332008693986,0.06942154669188408,0.0035944702760259822,0.003594470276026009,-0.03374740520713475,0.0302206082354628,-0.0016854774780280498,0.8060758674765068,-0.033146964308996836,-0.5059152870015119,-0.07922889462856125,-0.041843764104455165,-0.009900152992455497,-0.04595955333996695,0.03352812537034518,-0.6814149702676375,0.14548572909755925,0.032239980533654726,-0.07922889462856103,-0.6826612507012233,-0.03546616054866876,-0.05335528619088043,1.0316982177152023,-0.0017363872814420765,0.6535032663694421,-0.0015140950748385386,-0.06499333512347424,-0.10110161333830604,-0.013499648900002976,-0.06127449945998744,-0.019062961308309635,-0.028499466082859387,-0.0252157751870108,0.199685278281537,-0.07464549629154232,0.06657295861783105,-0.06531088705930968,-0.07988674679700883,0.08224532213363035,0.21054306421301927,0.03447150587594823,engagement_trend_ratio (+1.032); total_usage_count (+0.806); industry_DevTools (+0.654),tenure_months (-0.683); tenure_days (-0.681); total_errors (-0.506)
A-3932db,0.0014672327966463318,0.06942154669188408,-0.026108606127704544,-0.026108606127704735,-0.03374740520713475,0.0302206082354628,-0.0016854774780280498,-0.22149406682779876,0.007842018832245386,-0.04910690144709932,0.011517856928381155,0.04671446680444465,0.003496535765941654,-0.007077337551407907,-0.009456650745481975,-0.36951888592497245,0.10480938359031995,0.0353055109767588,0.011517856928381084,-0.37019472102907625,-0.02647335494008463,0.056197091715289034,1.4116845680925358,-0.0017363872814420765,-0.1952022743700931,-0.0015140950748385386,-0.06499333512347424,0.35845117456308506,0.2564933291000565,-0.06127449945998744,-0.019062961308309635,-0.028499466082859387,-0.0252157751870108,-0.31232825577368606,0.03199092698208957,-0.10412693527404343,-0.06531088705930968,-0.07988674679700883,0.08224532213363035,0.21054306421301927,0.03447150587594823,engagement_trend_ratio (+1.412); industry_HealthTech (+0.358); country_CA (+0.256),tenure_months (-0.370); tenure_days (-0.370); country_US (-0.312)
A-4f18f0,-0.011181325795132391,0.06942154669188408,-0.020436661889806255,-0.0204366618898064,-0.03374740520713475,0.0302206082354628,-0.0016854774780280498,0.20828803497248113,-0.009108270173009043,0.06509519494150381,-0.06526785592749319,0.024574909077219702,0.00014736357634236903,-0.0045323197907022285,-0.009456650745481975,0.15030792131280268,0.11836816542606639,0.021234594821453904,-0.065267855927493,0.1505828284245022,-0.020495257910820734,0.04694000881340725,-0.6059553879889704,-0.0017363872814420765,0.6535032663694421,-0.0015140950748385386,-0.06499333512347424,-0.10110161333830604,0.2564933291000565,-0.06127449945998744,-0.019062961308309635,-0.028499466082859387,-0.0252157751870108,-0.31232825577368606,0.03199092698208957,-0.10412693527404343,-0.06531088705930968,-0.07988674679700883,0.08224532213363035,0.21054306421301927,0.03447150587594823,industry_DevTools (+0.654); country_CA (+0.256); referral_source_other (+0.211),engagement_trend_ratio (-0.606); country_US (-0.312); plan_tier_Pro (-0.104)
A-4c6f11,-0.011181325795132391,0.06942154669188408,-0.020436661889806255,-0.0204366618898064,-0.03374740520713475,0.0302206082354628,-0.0016854774780280498,-0.8700743295445847,0.03351129716503338,0.8645098696617257,0.1581087632895958,-0.019704206377230214,0.003496535765941654,-0.012261632989882433,-0.009456650745481975,-0.03682972929279637,0.1319269472618128,0.036893952515102156,0.15810876328959533,-0.03689708937878608,-0.030182097548463137,0.044315953817598244,0.27642191509668157,-0.0017363872814420765,-0.1952022743700931,-0.0015140950748385386,0.18498103073604205,-0.10110161333830604,0.2564933291000565,-0.06127449945998744,-0.019062961308309635,-0.028499466082859387,-0.0252157751870108,-0.31232825577368606,0.03199092698208957,-0.10412693527404343,-0.06531088705930968,-0.07988674679700883,-0.22236698206500055,-0.05596714365156208,0.03447150587594823,total_errors (+0.865); engagement_trend_ratio (+0.276); country_CA (+0.256),total_usage_count (-0.870); country_US (-0.312); referral_source_organic (-0.222)
A-8ae05d,-0.16802345233318858,-0.02314051556396136,-0.026108606127704544,-0.026108606127704735,-0.03374740520713475,0.0302206082354628,-0.0016854774780280498,-1.1240364806083865,0.03730677260144326,0.6361056768845195,0.18603084069173192,-0.06398332183168014,0.00014736357634236903,-0.015560730087093516,-0.009456650745481975,0.11132091076996954,0.14548572909755925,0.037694206433350815,0.18603084069173137,0.1115245122154838,-0.03525070780444331,0.056197091715289034,0.13493043082469502,-0.0017363872814420765,-0.1952022743700931,-0.0015140950748385386,0.18498103073604205,-0.10110161333830604,-0.013499648900002976,-0.06127449945998744,-0.019062961308309635,0.32774385995288297,-0.0252157751870108,-0.31232825577368606,-0.07464549629154232,0.06657295861783105,-0.06531088705930968,-0.07988674679700883,0.08224532213363035,0.21054306421301927,0.03447150587594823,total_errors (+0.636); country_IN (+0.328); referral_source_other (+0.211),total_usage_count (-1.124); country_US (-0.312); industry_DevTools (-0.195)
A-b78bf8,-0.03394873126033409,-0.02314051556396136,-0.005995593336736261,-0.005995593336736303,-0.03374740520713475,0.0302206082354628,-0.0016854774780280498,-0.27228649704055913,0.013559565241446445,0.5980383114216518,0.04642045368105132,0.024574909077219702,0.002156866890101944,0.0166761615485118,-0.009456650745481975,0.6909278008400889,-0.09857234394587658,-0.06195360890945794,0.04642045368105117,0.6921914798562239,0.06175845153483845,0.050252206886516326,-1.0284439954116391,-0.0017363872814420765,0.6535032663694421,-0.0015140950748385386,-0.06499333512347424,-0.10110161333830604,-0.013499648900002976,-0.06127449945998744,-0.019062961308309635,-0.028499466082859387,-0.0252157751870108,0.199685278281537,0.03199092698208957,-0.10412693527404343,-0.06531088705930968,0.390035293185396,0.08224532213363035,-0.05596714365156208,0.03447150587594823,tenure_months (+0.692); tenure_days (+0.691); industry_DevTools (+0.654),engagement_trend_ratio (-1.028); total_usage_count (-0.272); plan_tier_Pro (-0.104)
A-eafc6e,-0.018770460950199627,-0.02314051556396136,-0.026108606127704544,-0.026108606127704735,-0.03374740520713475,0.0302206082354628,-0.0016854774780280498,-0.7450468090208671,0.030763944652485636,0.4457688495701809,0.1092451278358576,-0.06398332183168014,0.00014736357634236903,-0.03959700893820274,-0.009456650745481975,-0.5540574024943826,-0.17992503496035522,0.03986833460827301,0.10924512783585726,-0.5550707510850966,-0.03692581299213989,0.056197091715289034,-0.19211259457650626,-0.0017363872814420765,0.6535032663694421,-0.0015140950748385386,-0.06499333512347424,-0.10110161333830604,-0.013499648900002976,-0.06127449945998744,-0.019062961308309635,-0.028499466082859387,-0.0252157751870108,0.199685278281537,0.03199092698208957,-0.10412693527404343,-0.06531088705930968,-0.07988674679700883,0.08224532213363035,-0.05596714365156208,-0.19533853329703998,industry_DevTools (+0.654); total_errors (+0.446); country_US (+0.200),total_usage_count (-0.745); tenure_months (-0.555); tenure_days (-0.554)
A-37f969,-0.026359596105266857,-0.02314051556396136,0.04814908488162178,0.04814908488162213,-0.03374740520713475,-0.34753699470782223,-0.0016854774780280498,-0.6981614888244728,0.021730415991984654,0.48383621503304863,0.10226460848532358,0.024574909077219702,-0.0032018086132569205,0.019503959060407004,0.03352812537034518,-0.3435275455630837,0.15904451093330568,0.03831059263507768,0.10226460848532323,-0.34415584355639744,-0.028279576827087424,-0.15565506765030002,-0.02553500727686826,-0.0017363872814420765,-0.1952022743700931,-0.0015140950748385386,-0.06499333512347424,0.35845117456308506,-0.013499648900002976,-0.06127449945998744,-0.019062961308309635,0.32774385995288297,-0.0252157751870108,-0.31232825577368606,-0.07464549629154232,0.06657295861783105,0.055635200087560094,-0.07988674679700883,0.08224532213363035,-0.05596714365156208,-0.19533853329703998,total_errors (+0.484); industry_HealthTech (+0.358); country_IN (+0.328),total_usage_count (-0.698); upgrade_flag (-0.348); tenure_months (-0.344)
A-10b8f2,-0.06936469531731453,0.06942154669188408,0.0031466852046129596,0.0031466852046129834,-0.03374740520713475,0.0302206082354628,-0.0016854774780280498,0.27080179523434,-0.011737286226411056,0.14122992586723926,-0.05130681722642513,-0.019704206377230214,0.003496535765941654,-0.014618130916461785,-0.009456650745481975,-1.0608885395512133,0.17260329276905212,0.03741972712753133,-0.051306817226424974,-1.0628288618023356,-0.03483561215856634,-0.07914890280538607,2.327443772577785,-0.0017363872814420765,-0.1952022743700931,-0.0015140950748385386,-0.06499333512347424,0.35845117456308506,-0.013499648900002976,0.8140754928255473,-0.019062961308309635,-0.028499466082859387,-0.0252157751870108,-0.31232825577368606,0.03199092698208957,0.06657295861783105,0.055635200087560094,-0.07988674679700883,-0.22236698206500055,-0.05596714365156208,0.03447150587594823,engagement_trend_ratio (+2.327); country_DE (+0.814); industry_HealthTech (+0.358),tenure_months (-1.063); tenure_days (-1.061); country_US (-0.312)
A-439b2f,0.04700204372704973,-0.02314051556396136,-0.010261989989365899,-0.010261989989365972,-0.03374740520713475,-0.34753699470782223,-0.0016854774780280498,-1.2490640011321044,0.049178839444309896,0.826442504198858,0.1999918793928,-0.019704206377230214,0.00014736357634236903,0.024971034250071068,-0.009456650745481975,0.10612264269759178,0.2132796382762914,0.039161484251215316,0.19999187939279936,0.1063167367209482,-0.028456216916847882,0.02860311378147315,-0.43446761581914467,-0.0017363872814420765,0.6535032663694421,-0.0015140950748385386,-0.06499333512347424,-0.10110161333830604,-0.013499648900002976,-0.06127449945998744,-0.019062961308309635,-0.028499466082859387,-0.0252157751870108,0.199685278281537,-0.07464549629154232,0.06657295861783105,-0.06531088705930968,-0.07988674679700883,0.08224532213363035,-0.05596714365156208,0.03447150587594823,total_errors (+0.826); industry_DevTools (+0.654); days_since_last_activity (+0.213),total_usage_count (-1.249); engagement_trend_ratio (-0.434); upgrade_flag (-0.348)
A-544d0a,0.044472332008693986,0.06942154669188408,-0.02115809339374946,-0.021158093393749612,0.11298044351953808,-0.34753699470782223,-0.0016854774780280498,0.07544629441603097,-0.0013088217293134832,0.17929729133010694,0.025478895629449216,-0.041843764104455165,0.00014736357634236903,-0.003542590661538904,0.03352812537034518,0.17889839571088031,0.06413303808308064,0.021744453596971424,0.025478895629449123,0.17922559364444904,-0.031080313065108986,0.048467350765463484,-0.22862407737415932,-0.0017363872814420765,0.6535032663694421,-0.0015140950748385386,-0.06499333512347424,-0.10110161333830604,-0.013499648900002976,-0.06127449945998744,-0.019062961308309635,-0.028499466082859387,-0.0252157751870108,0.199685278281537,0.03199092698208957,0.06657295861783105,0.055635200087560094,-0.07988674679700883,-0.22236698206500055,-0.05596714365156208,0.03447150587594823,industry_DevTools (+0.654); country_US (+0.200); total_errors (+0.179),upgrade_flag (-0.348); engagement_trend_ratio (-0.229); referral_source_organic (-0.222)
A-ba6516,-0.018770460950199627,-0.02314051556396136,0.04072331578068915,0.04072331578068944,-0.03374740520713475,0.0302206082354628,-0.0016854774780280498,0.5911848165763668,-0.032418503508541335,-0.20137636329857014,-0.07922889462856125,0.04671446680444465,0.00014736357634236903,0.006354700630094307,-0.009456650745481975,-0.3045405350202505,0.07769181991882708,0.028891091604237994,-0.07922889462856103,-0.305097527347379,-0.02576166337976618,-0.12802840092221984,0.42577403738377845,-0.0017363872814420765,-0.1952022743700931,-0.0015140950748385386,0.18498103073604205,-0.10110161333830604,-0.013499648900002976,-0.06127449945998744,-0.019062961308309635,-0.028499466082859387,-0.0252157751870108,0.199685278281537,0.03199092698208957,-0.10412693527404343,0.055635200087560094,-0.07988674679700883,0.08224532213363035,-0.05596714365156208,0.03447150587594823,total_usage_count (+0.591); engagement_trend_ratio (+0.426); country_US (+0.200),tenure_months (-0.305); tenure_days (-0.305); total_errors (-0.201)
A-712426,0.02676434998020378,-0.02314051556396136,-0.026108606127704544,-0.026108606127704735,-0.03374740520713475,0.0302206082354628,-0.0016854774780280498,0.8021687574601406,-0.03299584199104018,-0.16330899783570246,-0.12111201073176545,0.04671446680444465,0.004166370203861519,-0.001893042112933372,-0.009456650745481975,0.6779321306591444,0.18616207460479856,-0.11529139009899551,-0.12111201073176507,0.6791720411198845,0.0700303460707198,0.056197091715289034,-0.9774188012784665,-0.0017363872814420765,-0.1952022743700931,-0.0015140950748385386,-0.06499333512347424,0.35845117456308506,-0.013499648900002976,-0.06127449945998744,-0.019062961308309635,-0.028499466082859387,-0.0252157751870108,0.199685278281537,-0.07464549629154232,0.06657295861783105,0.055635200087560094,-0.07988674679700883,0.08224532213363035,0.21054306421301927,0.03447150587594823,total_usage_count (+0.802); tenure_months (+0.679); tenure_days (+0.678),engagement_trend_ratio (-0.977); industry_DevTools (-0.195); total_errors (-0.163)
A-038089,0.03688319685362675,-0.02314051556396136,-0.024926951078142398,-0.024926951078142582,-0.03374740520713475,0.0302206082354628,-0.0016854774780280498,-1.0966867104938234,0.04436239187336568,0.4457688495701809,0.193011360042266,0.04671446680444465,-0.0032018086132569205,0.008239898971357773,-0.009456650745481975,-0.15638989495748465,-0.2070425986318481,0.03995035992090331,0.19301136004226538,-0.15667592575310912,-0.023781324218699423,0.05337258807396684,-0.30133497901393025,-0.0017363872814420765,0.6535032663694421,-0.0015140950748385386,-0.06499333512347424,-0.10110161333830604,-0.013499648900002976,-0.06127449945998744,0.6163690823020115,-0.028499466082859387,-0.0252157751870108,-0.31232825577368606,0.03199092698208957,-0.10412693527404343,0.055635200087560094,-0.07988674679700883,0.08224532213363035,0.21054306421301927,0.03447150587594823,industry_DevTools (+0.654); country_FR (+0.616); total_errors (+0.446),total_usage_count (-1.097); country_US (-0.312); engagement_trend_ratio (-0.301)
A-afa505,-0.12754806483949666,0.06942154669188408,0.14715933956072355,0.1471593395607246,0.11298044351953808,-0.34753699470782223,-0.0016854774780280498,0.06372496436693242,-0.006353233474802493,-0.04910690144709932,-0.03036525917482304,0.002435351349994744,-0.009900152992455497,-0.0017752172166044017,0.03352812537034518,-0.1511916268851069,0.22683842011203784,0.03038901654197557,-0.030365259174822946,-0.15146815025857335,-0.028695833038609897,-0.35573766260668965,0.07012288805881212,-0.0017363872814420765,0.6535032663694421,-0.0015140950748385386,-0.06499333512347424,-0.10110161333830604,-0.013499648900002976,-0.06127449945998744,-0.019062961308309635,-0.028499466082859387,-0.0252157751870108,0.199685278281537,0.03199092698208957,0.06657295861783105,-0.06531088705930968,-0.07988674679700883,0.08224532213363035,-0.05596714365156208,-0.19533853329703998,industry_DevTools (+0.654); days_since_last_activity (+0.227); country_US (+0.200),clv_proxy (-0.356); upgrade_flag (-0.348); referral_source_partner (-0.195)
A-d5a319,0.01158607967006931,-0.02314051556396136,0.011020239376958615,0.011020239376958695,-0.03374740520713475,0.0302206082354628,-0.0016854774780280498,0.44271463595445193,-0.03195796464805645,-0.6201173833901149,-0.06526785592749319,-0.06398332183168014,0.00014736357634236903,0.02685623259133453,0.03352812537034518,-0.7671863934618703,0.0912506017545735,0.034841412648063265,-0.065267855927493,-0.7685895463610636,-0.037163595311887454,-0.08861626496817104,0.6259650912491217,-0.0017363872814420765,-0.1952022743700931,-0.0015140950748385386,0.18498103073604205,-0.10110161333830604,-0.013499648900002976,-0.06127449945998744,-0.019062961308309635,-0.028499466082859387,-0.0252157751870108,0.199685278281537,-0.07464549629154232,0.06657295861783105,0.055635200087560094,-0.07988674679700883,0.08224532213363035,0.21054306421301927,0.03447150587594823,engagement_trend_ratio (+0.626); total_usage_count (+0.443); referral_source_other (+0.211),tenure_months (-0.769); tenure_days (-0.767); total_errors (-0.620)
A-f97b9a,0.009056367951713567,-0.02314051556396136,-0.01635684235026538,-0.016356842350265497,-0.03374740520713475,0.0302206082354628,-0.0016854774780280498,0.2747089052507062,-0.011766998410958466,-0.23944372876143785,-0.03734577852535707,0.06885402453166961,-0.0032018086132569205,0.006051722325248391,-0.009456650745481975,-0.5956435470734046,0.2132796382762914,0.03434408394754102,-0.03734577852535693,-0.5967329550413828,-0.026729195558662693,0.022297932902471784,0.8062380575918819,-0.0017363872814420765,-0.1952022743700931,-0.0015140950748385386,0.18498103073604205,-0.10110161333830604,-0.013499648900002976,-0.06127449945998744,-0.019062961308309635,-0.028499466082859387,-0.0252157751870108,0.199685278281537,0.03199092698208957,-0.10412693527404343,0.055635200087560094,0.390035293185396,0.08224532213363035,-0.05596714365156208,0.03447150587594823,engagement_trend_ratio (+0.806); referral_source_event (+0.390); total_usage_count (+0.275),tenure_months (-0.597); tenure_days (-0.596); total_errors (-0.239)
A-2f6a32,0.0014672327966463318,-0.02314051556396136,-0.0216183169393684,-0.021618316939368554,-0.03374740520713475,0.0302206082354628,-0.0016854774780280498,0.638070136772761,-0.029206001624113426,-0.734319479778718,-0.12809253008229948,-0.041843764104455165,-0.004876394708056564,-0.007077337551407907,-0.009456650745481975,0.48039794390878987,0.18616207460479856,-0.014457826518054889,-0.12809253008229912,0.4812765723275246,-0.024133402751686423,0.05253282973329416,-0.7928847107604807,-0.0017363872814420765,-0.1952022743700931,-0.0015140950748385386,-0.06499333512347424,0.35845117456308506,-0.013499648900002976,-0.06127449945998744,-0.019062961308309635,-0.028499466082859387,-0.0252157751870108,0.199685278281537,0.03199092698208957,0.06657295861783105,0.055635200087560094,-0.07988674679700883,-0.22236698206500055,-0.05596714365156208,0.03447150587594823,total_usage_count (+0.638); tenure_months (+0.481); tenure_days (+0.480),engagement_trend_ratio (-0.793); total_errors (-0.734); referral_source_organic (-0.222)
A-856b1e,0.0014672327966463318,-0.02314051556396136,-0.026108606127704544,-0.026108606127704735,-0.03374740520713475,0.0302206082354628,-0.0016854774780280498,-1.0185445101664996,0.04449302302956551,0.10316256040437151,0.16508928264012984,0.024574909077219702,0.00014736357634236903,-7.84377166989983e-06,0.03352812537034518,-0.29934226694787275,-0.08501356211013014,0.040257394561076854,0.16508928264012934,-0.2998897518528431,-0.027865270293370676,0.056197091715289034,1.208814516581311,-0.0017363872814420765,-0.1952022743700931,-0.0015140950748385386,0.18498103073604205,-0.10110161333830604,-0.013499648900002976,-0.06127449945998744,-0.019062961308309635,-0.028499466082859387,-0.0252157751870108,0.199685278281537,0.03199092698208957,0.06657295861783105,-0.06531088705930968,-0.07988674679700883,0.08224532213363035,-0.05596714365156208,-0.19533853329703998,engagement_trend_ratio (+1.209); country_US (+0.200); industry_FinTech (+0.185),total_usage_count (-1.019); tenure_months (-0.300); tenure_days (-0.299)
A-17939a,0.04700204372704973,-0.02314051556396136,-0.02279997198893054,-0.022799971988930707,-0.03374740520713475,0.0302206082354628,-0.0016854774780280498,-0.1980514067296017,0.014623568815670137,-0.6201173833901149,-0.00244318177268691,0.06885402453166961,0.005171121860741302,-0.0028356412835651027,-0.009456650745481975,0.7974922963238328,-0.12568990761736945,-0.9975878195398129,-0.0024431817726868854,0.7989508774942076,1.2550383232966917,0.05609079319115325,-1.0284439954116391,-0.0017363872814420765,-0.1952022743700931,-0.0015140950748385386,-0.06499333512347424,0.35845117456308506,-0.013499648900002976,-0.06127449945998744,-0.019062961308309635,-0.028499466082859387,-0.0252157751870108,0.199685278281537,0.03199092698208957,0.06657295861783105,0.055635200087560094,-0.07988674679700883,-0.22236698206500055,-0.05596714365156208,0.03447150587594823,support_tickets_per_month (+1.255); tenure_months (+0.799); tenure_days (+0.797),engagement_trend_ratio (-1.028); usage_rate_per_day (-0.998); total_errors (-0.620)
A-d27f50,-0.06177556016224729,-0.02314051556396136,-0.01571004169155768,-0.015710041691557788,0.11298044351953808,0.0302206082354628,-0.0016854774780280498,-0.03785989605858828,-0.01015844221304687,-0.16330899783570246,-0.023384739824289007,0.002435351349994744,-0.002364515565857097,-0.0021286919055913023,-0.009456650745481975,0.3842299845698015,0.07769181991882708,0.011846020385657621,-0.023384739824288965,0.38493272567861253,-0.016147231149786122,0.04523923242723476,-0.6374514111223051,-0.0017363872814420765,-0.1952022743700931,-0.0015140950748385386,-0.06499333512347424,-0.10110161333830604,-0.013499648900002976,-0.06127449945998744,-0.019062961308309635,-0.028499466082859387,0.22694197668309718,-0.31232825577368606,-0.07464549629154232,0.06657295861783105,0.055635200087560094,-0.07988674679700883,0.08224532213363035,-0.05596714365156208,0.03447150587594823,tenure_months (+0.385); tenure_days (+0.384); country_UK (+0.227),engagement_trend_ratio (-0.637); country_US (-0.312); industry_DevTools (-0.195)
A-e36807,0.03435348513527101,-0.02314051556396136,-0.00383129882490665,-0.003831298824906676,-0.03374740520713475,0.0302206082354628,-0.0016854774780280498,-0.17460874663140458,0.004826744379727024,-0.011039535984231606,-0.009423701123220942,-0.041843764104455165,0.005171121860741302,-0.007077337551407907,-0.009456650745481975,0.21788540625371344,0.2132796382762914,0.023436889671717063,-0.009423701123220933,0.21828390985346743,-0.030579940101290556,0.023560407704914504,-0.24126044489560103,-0.0017363872814420765,-0.1952022743700931,0.013626855673546847,-0.06499333512347424,-0.10110161333830604,-0.013499648900002976,-0.06127449945998744,-0.019062961308309635,-0.028499466082859387,-0.0252157751870108,-0.31232825577368606,0.03199092698208957,-0.10412693527404343,-0.06531088705930968,-0.07988674679700883,0.08224532213363035,0.21054306421301927,0.03447150587594823,tenure_months (+0.218); tenure_days (+0.218); days_since_last_activity (+0.213),country_US (-0.312); engagement_trend_ratio (-0.241); industry_DevTools (-0.195)
A-ff79f2,0.029294061698559522,-0.02314051556396136,0.020921264844868788,0.02092126484486894,-0.03374740520713475,0.0302206082354628,-0.0016854774780280498,-0.38168557749881227,0.008413209966217179,0.559970945958784,0.04642045368105132,-0.041843764104455165,0.00014736357634236903,-0.01980242635493632,-0.009456650745481975,0.16070445745755818,-0.2883952896463267,0.027995225288578247,0.04642045368105117,0.16099837941357373,-0.03129327179851011,-0.01935078793835571,-0.4626691984577988,-0.0017363872814420765,0.6535032663694421,-0.0015140950748385386,-0.06499333512347424,-0.10110161333830604,-0.013499648900002976,-0.06127449945998744,-0.019062961308309635,-0.028499466082859387,-0.0252157751870108,0.199685278281537,0.03199092698208957,0.06657295861783105,0.055635200087560094,-0.07988674679700883,0.08224532213363035,-0.05596714365156208,0.03447150587594823,industry_DevTools (+0.654); total_errors (+0.560); country_US (+0.200),engagement_trend_ratio (-0.463); total_usage_count (-0.382); days_since_last_activity (-0.288)
A-5b1bcd,-0.13513719999456386,-0.02314051556396136,0.01838381610686166,0.018383816106861794,0.11298044351953808,-0.34753699470782223,-0.0016854774780280498,1.47809879029149,-0.051746791835676535,-1.0388584034816597,-0.23280032034030995,0.002435351349994744,0.005171121860741302,-0.010258609752290012,-0.009456650745481975,-0.41630329857637216,0.24039720194778427,0.024801976160521745,-0.23280032034030926,-0.41706470047989824,-0.030854721186506097,-0.07874161161817106,0.4057847860738757,-0.0017363872814420765,0.6535032663694421,-0.0015140950748385386,-0.06499333512347424,-0.10110161333830604,-0.013499648900002976,-0.06127449945998744,-0.019062961308309635,-0.028499466082859387,-0.0252157751870108,0.199685278281537,0.03199092698208957,-0.10412693527404343,0.055635200087560094,-0.07988674679700883,-0.22236698206500055,-0.05596714365156208,0.03447150587594823,total_usage_count (+1.478); industry_DevTools (+0.654); engagement_trend_ratio (+0.406),total_errors (-1.039); tenure_months (-0.417); tenure_days (-0.416)
A-71615e,0.01158607967006931,-0.02314051556396136,-0.016966327586355325,-0.016966327586355447,-0.03374740520713475,0.0302206082354628,-0.0016854774780280498,0.5052283962163109,-0.02281071003980503,-0.5439826524643796,-0.10017045268016335,-0.06398332183168014,0.00014736357634236903,-0.018388527598988718,-0.009456650745481975,0.2204845402899023,0.11836816542606639,0.014238857188703814,-0.10017045268016306,0.22088779760073535,-0.03461510639012768,0.04286222159541349,-0.3590420438073994,-0.0017363872814420765,-0.1952022743700931,0.013626855673546847,-0.06499333512347424,-0.10110161333830604,-0.013499648900002976,-0.06127449945998744,-0.019062961308309635,-0.028499466082859387,-0.0252157751870108,0.199685278281537,0.03199092698208957,0.06657295861783105,0.055635200087560094,-0.07988674679700883,-0.22236698206500055,-0.05596714365156208,0.03447150587594823,total_usage_count (+0.505); tenure_months (+0.221); tenure_days (+0.220),total_errors (-0.544); engagement_trend_ratio (-0.359); referral_source_organic (-0.222)
A-794a0b,-0.008651614076776648,-0.02314051556396136,0.05062434124859931,0.050624341248599686,-0.03374740520713475,0.0302206082354628,-0.0016854774780280498,-0.5614126382516565,0.028724049499592653,-0.16330899783570246,0.06038149238211938,-0.08612287955890506,0.00014736357634236903,-7.84377166989983e-06,-0.009456650745481975,-0.691811506412393,0.0912506017545735,0.03952519065335939,0.06038149238211917,-0.6930768016902948,-0.0386859821151492,-0.22878541515502815,3.2207604692104312,0.08508297679066168,-0.1952022743700931,-0.0015140950748385386,-0.06499333512347424,0.35845117456308506,-0.013499648900002976,0.8140754928255473,-0.019062961308309635,-0.028499466082859387,-0.0252157751870108,-0.31232825577368606,0.03199092698208957,0.06657295861783105,-0.06531088705930968,-0.07988674679700883,-0.22236698206500055,-0.05596714365156208,0.03447150587594823,engagement_trend_ratio (+3.221); country_DE (+0.814); industry_HealthTech (+0.358),tenure_months (-0.693); tenure_days (-0.692); total_usage_count (-0.561)
A-86902e,-0.03647844297868984,-0.02314051556396136,0.058050110349531954,0.05805011034953236,-0.03374740520713475,0.0302206082354628,-0.0016854774780280498,0.5364852763472403,-0.026668171240529333,-0.353645825150041,-0.10715097203069739,0.11313313998611954,-0.004876394708056564,-0.006920237689635947,-0.009456650745481975,-0.7723846615342481,-0.017219652931397975,0.03441255136205814,-0.10715097203069704,-0.7737973218555997,-0.02502949754007699,-0.27312804430752535,1.222718383040024,-0.0017363872814420765,-0.1952022743700931,-0.0015140950748385386,-0.06499333512347424,0.35845117456308506,-0.013499648900002976,-0.06127449945998744,-0.019062961308309635,0.32774385995288297,-0.0252157751870108,-0.31232825577368606,-0.07464549629154232,0.06657295861783105,0.055635200087560094,-0.07988674679700883,0.08224532213363035,0.21054306421301927,0.03447150587594823,engagement_trend_ratio (+1.223); total_usage_count (+0.536); industry_HealthTech (+0.358),tenure_months (-0.774); tenure_days (-0.772); total_errors (-0.354)
A-0532a9,0.0014672327966463318,-0.02314051556396136,-0.014528386641995534,-0.014528386641995638,0.11298044351953808,-0.34753699470782223,-0.0016854774780280498,0.11061028456332658,-0.003852799461424626,-0.12524163237283475,-0.0443262978758911,0.09099358225889458,-0.009900152992455497,0.007415124697055008,-0.009456650745481975,0.5583719649944562,0.15904451093330568,-0.016841880677262645,-0.04432629787589098,0.5593932047455614,0.0375275263038105,0.04897942192646946,-0.7921335650823836,-0.0017363872814420765,-0.1952022743700931,-0.0015140950748385386,0.18498103073604205,-0.10110161333830604,-0.013499648900002976,-0.06127449945998744,-0.019062961308309635,0.32774385995288297,-0.0252157751870108,-0.31232825577368606,0.03199092698208957,-0.10412693527404343,0.055635200087560094,0.390035293185396,0.08224532213363035,-0.05596714365156208,0.03447150587594823,tenure_months (+0.559); tenure_days (+0.558); referral_source_event (+0.390),engagement_trend_ratio (-0.792); upgrade_flag (-0.348); country_US (-0.312)
A-9779ad,-0.051656713288824305,0.06942154669188408,0.07290164855139722,0.07290164855139773,0.11298044351953808,0.0302206082354628,-0.0016854774780280498,-0.3035433771714886,0.02110184960509372,0.06509519494150381,0.032459414979983246,-0.019704206377230214,0.010194880145140235,0.021671937152859987,-0.009456650745481975,0.4596048716192789,0.0912506017545735,0.010346918263536254,0.03245941497998317,0.46044547034938144,-0.018150675680040626,-0.02968891883832814,-0.296928257702429,-0.0017363872814420765,-0.1952022743700931,-0.0015140950748385386,-0.06499333512347424,-0.10110161333830604,-0.013499648900002976,-0.06127449945998744,-0.019062961308309635,-0.028499466082859387,-0.0252157751870108,-0.31232825577368606,0.03199092698208957,-0.10412693527404343,-0.06531088705930968,0.390035293185396,0.08224532213363035,-0.05596714365156208,0.03447150587594823,tenure_months (+0.460); tenure_days (+0.460); referral_source_event (+0.390),country_US (-0.312); total_usage_count (-0.304); engagement_trend_ratio (-0.297)
A-f45426,0.02676434998020378,-0.02314051556396136,-0.020623239002895016,-0.02062323900289516,0.11298044351953808,0.0302206082354628,-0.0016854774780280498,0.5208568362817755,-0.021198055609542063,-0.8485215761673212,-0.08620941397909528,-0.019704206377230214,0.00014736357634236903,0.02685623259133453,-0.009456650745481975,0.4258161291488235,0.17260329276905212,-0.0033819131180912836,-0.08620941397909503,0.42659492963489876,-0.019954452596637993,0.05098063150980469,-0.460128902135269,-0.0017363872814420765,-0.1952022743700931,-0.0015140950748385386,-0.06499333512347424,0.35845117456308506,-0.013499648900002976,-0.06127449945998744,-0.019062961308309635,-0.028499466082859387,-0.0252157751870108,0.199685278281537,0.03199092698208957,0.06657295861783105,-0.06531088705930968,-0.07988674679700883,-0.22236698206500055,-0.05596714365156208,0.03447150587594823,total_usage_count (+0.521); tenure_months (+0.427); tenure_days (+0.426),total_errors (-0.849); engagement_trend_ratio (-0.460); referral_source_organic (-0.222)
A-c1e51e,0.041942620290338246,-0.02314051556396136,-0.016419034721294964,-0.01641903472129508,-0.03374740520713475,0.0302206082354628,-0.0016854774780280498,0.10670317454696042,-0.0010024788610487904,-0.353645825150041,-0.009423701123220942,0.024574909077219702,-0.007890649678695922,-0.005663438795460306,-0.009456650745481975,0.5765659032477782,0.15904451093330568,-0.021648219484821568,-0.009423701123220933,0.5776204189764367,0.012652283972622266,0.050593640942988544,-0.8933045418589336,-0.0017363872814420765,-0.1952022743700931,-0.0015140950748385386,0.18498103073604205,-0.10110161333830604,-0.013499648900002976,-0.06127449945998744,-0.019062961308309635,-0.028499466082859387,-0.0252157751870108,0.199685278281537,0.03199092698208957,0.06657295861783105,0.055635200087560094,-0.07988674679700883,-0.22236698206500055,-0.05596714365156208,0.03447150587594823,tenure_months (+0.578); tenure_days (+0.577); country_US (+0.200),engagement_trend_ratio (-0.893); total_errors (-0.354); referral_source_organic (-0.222)
A-fa3095,-0.12754806483949666,-0.02314051556396136,-0.00956543543383453,-0.009565435433834596,-0.03374740520713475,0.0302206082354628,-0.0016854774780280498,0.4270861958889872,-0.02655085933947145,-0.5820500179272472,-0.07224837527802722,0.024574909077219702,0.010194880145140235,-0.018671307350178242,-0.009456650745481975,-0.4500920410468276,0.02345669257584133,0.03196909969022613,-0.072248375278027,-0.4509152411943811,-0.02915929356277924,0.004642307509434982,0.49221039421199553,-0.0017363872814420765,-0.1952022743700931,-0.0015140950748385386,0.18498103073604205,-0.10110161333830604,-0.013499648900002976,-0.06127449945998744,-0.019062961308309635,-0.028499466082859387,-0.0252157751870108,0.199685278281537,0.03199092698208957,0.06657295861783105,0.055635200087560094,-0.07988674679700883,0.08224532213363035,-0.05596714365156208,0.03447150587594823,engagement_trend_ratio (+0.492); total_usage_count (+0.427); country_US (+0.200),total_errors (-0.582); tenure_months (-0.451); tenure_days (-0.450)
A-ad64c6,0.019175214825136545,-0.02314051556396136,0.04319857214766669,0.043198572147667,-0.03374740520713475,0.0302206082354628,-0.0016854774780280498,-1.0771511604119923,0.03620076214561805,0.33156675318157774,0.1999918793928,0.002435351349994744,0.010194880145140235,0.002819953740225303,-0.009456650745481975,-0.0004418527861521084,-0.43754188983953746,0.0384719763481755,0.19999187939279936,-0.0004426609170355759,-0.0268386899410481,-0.08274738758034055,-0.5749781572281218,-0.0017363872814420765,0.6535032663694421,-0.0015140950748385386,-0.06499333512347424,-0.10110161333830604,-0.013499648900002976,-0.06127449945998744,-0.019062961308309635,-0.028499466082859387,0.22694197668309718,-0.31232825577368606,0.03199092698208957,-0.10412693527404343,0.055635200087560094,0.390035293185396,0.08224532213363035,-0.05596714365156208,0.03447150587594823,industry_DevTools (+0.654); referral_source_event (+0.390); total_errors (+0.332),total_usage_count (-1.077); engagement_trend_ratio (-0.575); days_since_last_activity (-0.438)
A-39b19f,0.04700204372704973,-0.02314051556396136,-0.023036302998842968,-0.023036302998843138,-0.03374740520713475,0.0302206082354628,-0.0016854774780280498,0.1535884947433546,0.007791815485941139,-0.3917131906129087,-0.03734577852535707,0.04671446680444465,0.0026592427185418354,-0.016738979050383185,0.03352812537034518,-1.0011084567188693,-0.8171877812404377,0.03762591711846014,-0.03734577852535693,-1.002939443615174,-0.030731128833256353,0.04243750704108452,0.6921623256736297,-0.0017363872814420765,-0.1952022743700931,-0.0015140950748385386,0.18498103073604205,-0.10110161333830604,-0.013499648900002976,-0.06127449945998744,-0.019062961308309635,-0.028499466082859387,-0.0252157751870108,0.199685278281537,-0.07464549629154232,0.06657295861783105,-0.06531088705930968,-0.07988674679700883,0.08224532213363035,-0.05596714365156208,-0.19533853329703998,engagement_trend_ratio (+0.692); country_US (+0.200); industry_FinTech (+0.185),tenure_months (-1.003); tenure_days (-1.001); days_since_last_activity (-0.817)
A-56962b,-0.3628112546465809,-0.02314051556396136,0.37735818168963514,0.3773581816896378,-0.03374740520713475,0.0302206082354628,-0.0016854774780280498,-0.8583529994954862,0.03500254146188709,0.06509519494150381,0.12320616653692565,0.002435351349994744,-0.009900152992455497,-0.0021286919055913023,-0.009456650745481975,0.11911831287853616,-0.3155128533178196,0.03455971393646263,0.12320616653692527,0.11933617545728746,-0.02478991009139151,-0.6334039537631803,0.08447796846240492,-0.0017363872814420765,-0.1952022743700931,0.013626855673546847,-0.06499333512347424,-0.10110161333830604,-0.013499648900002976,-0.06127449945998744,-0.019062961308309635,-0.028499466082859387,0.22694197668309718,-0.31232825577368606,-0.07464549629154232,0.06657295861783105,-0.06531088705930968,-0.07988674679700883,0.08224532213363035,-0.05596714365156208,-0.19533853329703998,arr_amount (+0.377); mrr_amount (+0.377); country_UK (+0.227),total_usage_count (-0.858); clv_proxy (-0.633); seats (-0.363)
A-e60f9d,-0.023829884386911117,-0.02314051556396136,-0.01712802775103225,-0.017128027751032372,-0.03374740520713475,0.0302206082354628,-0.0016854774780280498,0.5403923863636064,-0.0042600613013417344,0.10316256040437151,-0.07922889462856125,-0.041843764104455165,0.00014736357634236903,-0.04878735085186215,-0.009456650745481975,0.48039794390878987,-0.6138060537042411,-0.01212193506913416,-0.07922889462856103,0.4812765723275246,-0.024133402751686423,0.04886856775129929,-0.9670646628585857,-0.0017363872814420765,-0.1952022743700931,-0.0015140950748385386,0.18498103073604205,-0.10110161333830604,-0.013499648900002976,-0.06127449945998744,-0.019062961308309635,-0.028499466082859387,-0.0252157751870108,0.199685278281537,0.03199092698208957,0.06657295861783105,0.055635200087560094,-0.07988674679700883,0.08224532213363035,0.21054306421301927,0.03447150587594823,total_usage_count (+0.540); tenure_months (+0.481); tenure_days (+0.480),engagement_trend_ratio (-0.967); days_since_last_activity (-0.614); industry_DevTools (-0.195)
A-88c6ca,0.03688319685362675,-0.02314051556396136,-0.01209044569763574,-0.012090445697635828,-0.03374740520713475,0.0302206082354628,-0.0016854774780280498,-0.17460874663140458,0.010284565313660192,0.29349938771871004,0.04642045368105132,-0.06398332183168014,0.00014736357634236903,-0.02828581889062193,-0.009456650745481975,0.6363459860801224,0.18616207460479856,-0.032341690363403834,0.04642045368105117,0.637509837163598,-0.02489361212141956,0.05016213287395915,-0.7653336422897298,-0.0017363872814420765,-0.1952022743700931,-0.0015140950748385386,0.18498103073604205,-0.10110161333830604,-0.013499648900002976,0.8140754928255473,-0.019062961308309635,-0.028499466082859387,-0.0252157751870108,-0.31232825577368606,0.03199092698208957,0.06657295861783105,0.055635200087560094,-0.07988674679700883,0.08224532213363035,-0.05596714365156208,0.03447150587594823,country_DE (+0.814); tenure_months (+0.638); tenure_days (+0.636),engagement_trend_ratio (-0.765); country_US (-0.312); industry_DevTools (-0.195)
A-158f4e,-0.10478065937429494,-0.02314051556396136,0.12488203225792566,0.12488203225792653,-0.03374740520713475,0.0302206082354628,-0.0016854774780280498,-0.14725897651684136,0.013223510188634342,-0.08717426690996702,-0.016404220473754973,0.024574909077219702,0.003496535765941654,0.011868905778289949,-0.009456650745481975,-0.9283327037055806,-0.2883952896463267,0.038614046195406024,-0.016404220473754918,-0.9300305866916733,-0.031779488919484886,-0.592862575818519,0.49921939257546644,-0.0017363872814420765,-0.1952022743700931,-0.0015140950748385386,0.18498103073604205,-0.10110161333830604,-0.013499648900002976,-0.06127449945998744,-0.019062961308309635,0.32774385995288297,-0.0252157751870108,-0.31232825577368606,-0.07464549629154232,0.06657295861783105,-0.06531088705930968,-0.07988674679700883,0.08224532213363035,0.21054306421301927,0.03447150587594823,engagement_trend_ratio (+0.499); country_IN (+0.328); referral_source_other (+0.211),tenure_months (-0.930); tenure_days (-0.928); clv_proxy (-0.593)
A-5b051a,-0.006121902358420903,-0.02314051556396136,-0.01269993093372569,-0.012699930933725779,-0.03374740520713475,0.0302206082354628,-0.0016854774780280498,-1.2490640011321044,0.05399784841047372,0.3696341186444455,0.21395291809386804,-0.06398332183168014,-0.009900152992455497,0.04806471393054855,-0.009456650745481975,0.4258161291488235,-0.08501356211013014,0.03293867362457322,0.2139529180938674,0.42659492963489876,-0.03244213894231214,0.04344574454632728,0.1396983588010734,-0.0017363872814420765,-0.1952022743700931,-0.0015140950748385386,-0.06499333512347424,-0.10110161333830604,-0.013499648900002976,-0.06127449945998744,-0.019062961308309635,-0.028499466082859387,-0.0252157751870108,0.199685278281537,-0.07464549629154232,0.06657295861783105,-0.06531088705930968,0.390035293185396,0.08224532213363035,-0.05596714365156208,0.03447150587594823,tenure_months (+0.427); tenure_days (+0.426); referral_source_event (+0.390),total_usage_count (-1.249); industry_DevTools (-0.195); industry_HealthTech (-0.101)
A-296d7c,0.044472332008693986,-0.02314051556396136,-0.022451694711164857,-0.02245169471116502,-0.03374740520713475,0.0302206082354628,-0.0016854774780280498,-0.5223415380879948,0.01307238787067768,0.33156675318157774,0.10226460848532358,0.024574909077219702,-0.002364515565857097,-0.02036798585731536,-0.009456650745481975,-0.2785491946583618,-0.23416016230334097,0.03653864200503204,0.10226460848532323,-0.2790586498747002,-0.027658669590329567,0.04635161051664964,0.05662638290494175,-0.0017363872814420765,0.6535032663694421,-0.0015140950748385386,-0.06499333512347424,-0.10110161333830604,-0.013499648900002976,0.8140754928255473,-0.019062961308309635,-0.028499466082859387,-0.0252157751870108,-0.31232825577368606,-0.07464549629154232,0.06657295861783105,0.055635200087560094,-0.07988674679700883,0.08224532213363035,0.21054306421301927,0.03447150587594823,country_DE (+0.814); industry_DevTools (+0.654); total_errors (+0.332),total_usage_count (-0.522); country_US (-0.312); tenure_months (-0.279)
A-1619f8,-0.023829884386911117,-0.02314051556396136,-0.01925500684024411,-0.01925500684024425,-0.03374740520713475,0.0302206082354628,-0.0016854774780280498,-0.22930828686053112,0.003833947592608338,0.0270278294786361,0.05340097303158535,-0.019704206377230214,0.010194880145140235,-0.00849123630735551,-0.009456650745481975,0.22568280836228008,-0.08501356211013014,0.023865742949518223,0.05340097303158518,0.2260955730952711,-0.02636479825408406,0.046288550715489395,-0.5410844384747966,-0.0017363872814420765,0.6535032663694421,-0.0015140950748385386,-0.06499333512347424,-0.10110161333830604,-0.013499648900002976,-0.06127449945998744,-0.019062961308309635,-0.028499466082859387,-0.0252157751870108,0.199685278281537,0.03199092698208957,-0.10412693527404343,-0.06531088705930968,-0.07988674679700883,-0.22236698206500055,-0.05596714365156208,0.03447150587594823,industry_DevTools (+0.654); tenure_months (+0.226); tenure_days (+0.226),engagement_trend_ratio (-0.541); total_usage_count (-0.229); referral_source_organic (-0.222)
A-a1b80b,0.009056367951713567,-0.02314051556396136,-0.026108606127704544,-0.026108606127704735,-0.03374740520713475,0.0302206082354628,-0.0016854774780280498,1.0092455883275482,-0.037057702530288915,-0.8104542107044534,-0.14205356878336756,0.002435351349994744,0.00014736357634236903,-0.007077337551407907,-0.009456650745481975,-0.22916564797077313,0.18616207460479856,0.024429393556142792,-0.14205356878336708,-0.22958478267661014,-0.02944509421935034,0.056197091715289034,0.47287421658363016,-0.0017363872814420765,-0.1952022743700931,-0.0015140950748385386,-0.06499333512347424,0.35845117456308506,-0.013499648900002976,-0.06127449945998744,-0.019062961308309635,-0.028499466082859387,-0.0252157751870108,0.199685278281537,0.03199092698208957,0.06657295861783105,0.055635200087560094,-0.07988674679700883,-0.22236698206500055,-0.05596714365156208,0.03447150587594823,total_usage_count (+1.009); engagement_trend_ratio (+0.473); industry_HealthTech (+0.358),total_errors (-0.810); tenure_months (-0.230); tenure_days (-0.229)
A-139c3b,0.02423463826184803,0.06942154669188408,-0.026108606127704544,-0.026108606127704735,-0.03374740520713475,0.0302206082354628,-0.0016854774780280498,-0.049581226107686824,-0.00016900085658950139,0.4077014841073132,0.04642045368105132,0.11313313998611954,0.005171121860741302,0.010674946828823091,-0.009456650745481975,0.7065226050572221,0.2132796382762914,-0.09515353251247052,0.04642045368105117,0.7078148063398313,0.16923399554032525,0.056197091715289034,-0.8336826517336813,-0.0017363872814420765,-0.1952022743700931,-0.0015140950748385386,-0.06499333512347424,0.35845117456308506,-0.013499648900002976,-0.06127449945998744,-0.019062961308309635,-0.028499466082859387,-0.0252157751870108,0.199685278281537,-0.07464549629154232,0.06657295861783105,0.055635200087560094,-0.07988674679700883,-0.22236698206500055,-0.05596714365156208,0.03447150587594823,tenure_months (+0.708); tenure_days (+0.707); total_errors (+0.408),engagement_trend_ratio (-0.834); referral_source_organic (-0.222); industry_DevTools (-0.195)
A-702032,-0.02130017266855537,-0.02314051556396136,-0.009043019517186,-0.009043019517186066,-0.03374740520713475,0.0302206082354628,-0.0016854774780280498,-0.8036534592663597,0.029965813902056892,0.4457688495701809,0.15112824393906177,0.002435351349994744,-0.009900152992455497,0.014131143787806114,-0.009456650745481975,-0.3721180199611613,-0.15280747128886232,0.039216338533519315,0.15112824393906132,-0.3727986087763442,-0.03056212462433702,0.006303921281452208,0.1666064671826147,-0.0017363872814420765,-0.1952022743700931,-0.0015140950748385386,-0.06499333512347424,0.35845117456308506,-0.013499648900002976,-0.06127449945998744,-0.019062961308309635,-0.028499466082859387,-0.0252157751870108,0.199685278281537,0.03199092698208957,-0.10412693527404343,0.055635200087560094,-0.07988674679700883,0.08224532213363035,-0.05596714365156208,0.03447150587594823,total_errors (+0.446); industry_HealthTech (+0.358); country_US (+0.200),total_usage_count (-0.804); tenure_months (-0.373); tenure_days (-0.372)
A-7a0d69,0.0394129085719825,0.06942154669188408,0.013495495743936159,0.013495495743936256,-0.03374740520713475,0.0302206082354628,-0.0016854774780280498,0.4505288559871843,-0.014802764025233664,-0.16330899783570246,-0.07922889462856125,-0.041843764104455165,0.010194880145140235,0.00988944751996331,-0.009456650745481975,0.29845856137556864,0.1319269472618128,0.010146580548790172,-0.07922889462856103,0.2990044300187721,-0.029304370038196047,0.006065109258807312,-0.5211586351341677,-0.0017363872814420765,0.6535032663694421,-0.0015140950748385386,-0.06499333512347424,-0.10110161333830604,-0.013499648900002976,0.8140754928255473,-0.019062961308309635,-0.028499466082859387,-0.0252157751870108,-0.31232825577368606,-0.07464549629154232,0.06657295861783105,-0.06531088705930968,-0.07988674679700883,0.08224532213363035,-0.05596714365156208,0.03447150587594823,country_DE (+0.814); industry_DevTools (+0.654); total_usage_count (+0.451),engagement_trend_ratio (-0.521); country_US (-0.312); total_errors (-0.163)
A-22d9d2,0.029294061698559522,-0.02314051556396136,-0.00660507857282621,-0.0066050785728262555,-0.03374740520713475,0.0302206082354628,0.03202407208253294,1.1381802188676322,-0.0458017935309746,-0.6201173833901149,-0.16299512683496964,0.04671446680444465,0.00014736357634236903,0.02827013134728213,0.03352812537034518,0.0723339002271364,0.0912506017545735,0.013974907397244765,-0.16299512683496917,0.0724661960064653,-0.019162979518391042,0.020606107970963357,-0.2506612550186283,-0.0017363872814420765,0.6535032663694421,-0.0015140950748385386,-0.06499333512347424,-0.10110161333830604,-0.013499648900002976,-0.06127449945998744,0.6163690823020115,-0.028499466082859387,-0.0252157751870108,-0.31232825577368606,0.03199092698208957,-0.10412693527404343,-0.06531088705930968,0.390035293185396,0.08224532213363035,-0.05596714365156208,0.03447150587594823,total_usage_count (+1.138); industry_DevTools (+0.654); country_FR (+0.616),total_errors (-0.620); country_US (-0.312); engagement_trend_ratio (-0.251)
A-b9eed8,0.02170492654349229,-0.02314051556396136,-0.02185464794928083,-0.02185464794928098,-0.03374740520713475,0.0302206082354628,-0.0016854774780280498,0.5169497262654094,-0.00932496420858758,-1.0769257689445273,-0.08620941397909528,0.024574909077219702,-0.002364515565857097,0.00960666776877379,0.03352812537034518,-0.0004418527861521084,0.22683842011203784,0.02295446976903746,-0.08620941397909503,-0.0004426609170355759,-0.023876866897522817,0.04766891297890975,-0.12223654760649474,-0.0017363872814420765,-0.1952022743700931,-0.0015140950748385386,-0.06499333512347424,-0.10110161333830604,-0.013499648900002976,-0.06127449945998744,-0.019062961308309635,-0.028499466082859387,-0.0252157751870108,0.199685278281537,0.03199092698208957,0.06657295861783105,-0.06531088705930968,-0.07988674679700883,-0.22236698206500055,-0.05596714365156208,0.03447150587594823,total_usage_count (+0.517); days_since_last_activity (+0.227); country_US (+0.200),total_errors (-1.077); referral_source_organic (-0.222); industry_DevTools (-0.195)
A-dfbd31,0.014115791388425052,-0.02314051556396136,-0.02279997198893054,-0.022799971988930707,-0.03374740520713475,0.0302206082354628,-0.0016854774780280498,0.4231790858726211,-0.01639390273565195,0.29349938771871004,-0.0443262978758911,0.04671446680444465,0.0026592427185418354,0.008946848349331574,-0.009456650745481975,-0.21097170971745102,0.009897910740094896,0.02856275585250569,-0.04432629787589098,-0.21135756844573483,-0.024577756320036438,0.047842027718216606,0.03157826084014585,-0.0017363872814420765,0.6535032663694421,-0.0015140950748385386,-0.06499333512347424,-0.10110161333830604,-0.013499648900002976,-0.06127449945998744,-0.019062961308309635,-0.028499466082859387,0.22694197668309718,-0.31232825577368606,-0.07464549629154232,0.06657295861783105,-0.06531088705930968,-0.07988674679700883,0.08224532213363035,-0.05596714365156208,-0.19533853329703998,industry_DevTools (+0.654); total_usage_count (+0.423); total_errors (+0.293),country_US (-0.312); tenure_months (-0.211); tenure_days (-0.211)
A-8e47ca,0.0014672327966463318,-0.02314051556396136,0.03577280304673406,0.03577280304673432,-0.03374740520713475,0.0302206082354628,-0.0016854774780280498,-0.19414429671323552,0.008593019910633411,-0.3155784596871733,0.025478895629449216,0.024574909077219702,0.00014736357634236903,0.003668292993793866,0.03352812537034518,-0.021234925075663113,-0.12568990761736945,0.03029580973824854,0.025478895629449123,-0.02127376289517864,-0.024247094777963482,-0.07104144243821786,-0.21914004672549361,-0.0017363872814420765,-0.1952022743700931,-0.0015140950748385386,-0.06499333512347424,0.35845117456308506,-0.013499648900002976,-0.06127449945998744,-0.019062961308309635,-0.028499466082859387,-0.0252157751870108,0.199685278281537,0.03199092698208957,-0.10412693527404343,-0.06531088705930968,-0.07988674679700883,-0.22236698206500055,-0.05596714365156208,0.03447150587594823,industry_HealthTech (+0.358); country_US (+0.200); arr_amount (+0.036),total_errors (-0.316); referral_source_organic (-0.222); engagement_trend_ratio (-0.219)
A-4437e4,0.041942620290338246,-0.02314051556396136,-0.023981627038492687,-0.023981627038492857,-0.03374740520713475,0.0302206082354628,-0.0016854774780280498,1.2319508592604205,-0.05635064360339358,-0.6201173833901149,-0.22581980098977594,0.04671446680444465,-0.009900152992455497,0.0018773545695935723,0.07651290148617235,-0.41630329857637216,-0.04433721660289085,0.02638582933703148,-0.22581980098977522,-0.41706470047989824,-0.026939090722184554,0.04974628985059188,0.3565255596316155,-0.0017363872814420765,-0.1952022743700931,-0.0015140950748385386,-0.06499333512347424,-0.10110161333830604,-0.013499648900002976,-0.06127449945998744,-0.019062961308309635,-0.028499466082859387,-0.0252157751870108,0.199685278281537,-0.07464549629154232,0.06657295861783105,0.055635200087560094,0.390035293185396,0.08224532213363035,-0.05596714365156208,0.03447150587594823,total_usage_count (+1.232); referral_source_event (+0.390); engagement_trend_ratio (+0.357),total_errors (-0.620); tenure_months (-0.417); tenure_days (-0.416)
A-779e4e,0.03688319685362675,-0.02314051556396136,-0.0029481671562865213,-0.0029481671562865412,-0.03374740520713475,0.0302206082354628,-0.0016854774780280498,-0.38168557749881227,0.020098294958052695,0.25543202225584233,0.025478895629449216,0.024574909077219702,0.00014736357634236903,0.013282804534237552,-0.009456650745481975,-1.0842807458769133,0.0912506017545735,0.040252019541152755,0.025478895629449123,-1.0862638515277467,-0.032347924573449024,-0.0522911820176896,1.3794705147054243,-0.0017363872814420765,-0.1952022743700931,-0.0015140950748385386,-0.06499333512347424,0.35845117456308506,-0.013499648900002976,-0.06127449945998744,-0.019062961308309635,-0.028499466082859387,-0.0252157751870108,0.199685278281537,0.03199092698208957,0.06657295861783105,0.055635200087560094,-0.07988674679700883,-0.22236698206500055,-0.05596714365156208,0.03447150587594823,engagement_trend_ratio (+1.379); industry_HealthTech (+0.358); total_errors (+0.255),tenure_months (-1.086); tenure_days (-1.084); total_usage_count (-0.382)
A-53f4e3,0.0166455031067808,-0.02314051556396136,-0.008433534281096054,-0.008433534281096113,-0.03374740520713475,0.0302206082354628,-0.0016854774780280498,-0.31526470722058714,0.011650301244753287,-0.6962521143158503,0.025478895629449216,0.024574909077219702,0.00014736357634236903,0.010455007022342349,-0.009456650745481975,0.290661159267002,0.0912506017545735,0.02232312023665097,0.025478895629449123,0.29119276677696837,-0.015583762375652043,0.03348277550522202,-0.49046738212316104,-0.0017363872814420765,-0.1952022743700931,-0.0015140950748385386,-0.06499333512347424,-0.10110161333830604,-0.013499648900002976,-0.06127449945998744,-0.019062961308309635,-0.028499466082859387,0.22694197668309718,-0.31232825577368606,-0.07464549629154232,0.06657295861783105,-0.06531088705930968,0.390035293185396,0.08224532213363035,-0.05596714365156208,0.03447150587594823,referral_source_event (+0.390); tenure_months (+0.291); tenure_days (+0.291),total_errors (-0.696); engagement_trend_ratio (-0.490); total_usage_count (-0.315)
A-692f18,0.03688319685362675,0.06942154669188408,0.04319857214766669,0.043198572147667,-0.03374740520713475,0.0302206082354628,-0.0016854774780280498,1.4859130103242224,-0.057190781235423836,-1.0769257689445273,-0.25374187839191203,-0.041843764104455165,0.010194880145140235,-0.0021286919055913023,-0.009456650745481975,0.10872177673378065,0.1319269472618128,0.008369196836783372,-0.2537418783919112,0.10892062446821595,-0.031840879970113006,-0.064043323059775,-0.4427451463409329,-0.0017363872814420765,-0.1952022743700931,0.013626855673546847,-0.06499333512347424,-0.10110161333830604,-0.013499648900002976,-0.06127449945998744,-0.019062961308309635,-0.028499466082859387,-0.0252157751870108,0.199685278281537,0.03199092698208957,0.06657295861783105,0.055635200087560094,-0.07988674679700883,0.08224532213363035,0.21054306421301927,0.03447150587594823,total_usage_count (+1.486); referral_source_other (+0.211); country_US (+0.200),total_errors (-1.077); engagement_trend_ratio (-0.443); distinct_features_used (-0.254)
A-13466a,0.044472332008693986,-0.02314051556396136,-0.023981627038492687,-0.023981627038492857,-0.03374740520713475,0.0302206082354628,-0.0016854774780280498,-1.1162222605756542,0.047504711528776424,0.48383621503304863,0.17206980199066388,-0.019704206377230214,0.003496535765941654,0.005176451666804636,0.03352812537034518,0.34524297402696835,0.07769181991882708,0.03305916442869442,0.17206980199066332,0.34587440946959414,-0.023198460502078484,0.05375070710982126,0.17504679035008563,-0.0017363872814420765,0.6535032663694421,-0.0015140950748385386,-0.06499333512347424,-0.10110161333830604,-0.013499648900002976,-0.06127449945998744,-0.019062961308309635,-0.028499466082859387,-0.0252157751870108,-0.31232825577368606,0.03199092698208957,0.06657295861783105,0.055635200087560094,0.390035293185396,0.08224532213363035,-0.05596714365156208,0.03447150587594823,industry_DevTools (+0.654); total_errors (+0.484); referral_source_event (+0.390),total_usage_count (-1.116); country_US (-0.312); industry_HealthTech (-0.101)
A-1986ca,-0.001062478921709413,-0.02314051556396136,0.023396521211846336,0.023396521211846506,0.11298044351953808,0.0302206082354628,-0.0016854774780280498,-0.5028059880061638,0.024532582362231926,0.14122992586723926,0.08132305043372147,0.06885402453166961,-0.0058811463649363505,-0.0008157859179256693,-0.009456650745481975,-1.0115049928636246,-0.2748365078105803,0.04052126077728456,0.08132305043372122,-1.0133549946042457,-0.02945827665572095,-0.1667884393887318,1.7542218619374301,-0.0017363872814420765,-0.1952022743700931,-0.0015140950748385386,-0.06499333512347424,0.35845117456308506,-0.013499648900002976,-0.06127449945998744,-0.019062961308309635,0.32774385995288297,-0.0252157751870108,-0.31232825577368606,0.03199092698208957,-0.10412693527404343,-0.06531088705930968,-0.07988674679700883,0.08224532213363035,-0.05596714365156208,0.03447150587594823,engagement_trend_ratio (+1.754); industry_HealthTech (+0.358); country_IN (+0.328),tenure_months (-1.013); tenure_days (-1.012); total_usage_count (-0.503)
A-0cc442,-0.06430527188060303,-0.02314051556396136,0.08527793038628494,0.08527793038628555,-0.03374740520713475,0.0302206082354628,-0.0016854774780280498,1.071759348589407,-0.04123226445920025,-0.5439826524643796,-0.19789772358763982,-0.019704206377230214,-0.009900152992455497,-0.0014217425276175015,-0.009456650745481975,0.37903171649742373,0.0912506017545735,-0.008036095062455697,-0.1978977235876392,0.3797249501840767,-0.02198558230346451,-0.06261188955054806,-0.6935074805695457,-0.0017363872814420765,-0.1952022743700931,0.013626855673546847,-0.06499333512347424,-0.10110161333830604,-0.013499648900002976,-0.06127449945998744,-0.019062961308309635,-0.028499466082859387,-0.0252157751870108,0.199685278281537,0.03199092698208957,0.06657295861783105,0.055635200087560094,-0.07988674679700883,-0.22236698206500055,-0.05596714365156208,0.03447150587594823,total_usage_count (+1.072); tenure_months (+0.380); tenure_days (+0.379),engagement_trend_ratio (-0.694); total_errors (-0.544); referral_source_organic (-0.222)
A-c608c8,0.041942620290338246,-0.02314051556396136,-0.013309416169815638,-0.013309416169815734,-0.03374740520713475,0.0302206082354628,-0.0016854774780280498,-0.17851585664777078,0.00303581684217959,-0.011039535984231606,0.018498376278915183,-0.041843764104455165,-0.009900152992455497,-0.032527515158464734,-0.009456650745481975,-0.23956218411552865,0.24039720194778427,0.03357850910890404,0.018498376278915134,-0.24000033366568183,-0.034111285137030954,0.022971529865942742,1.3030148749810142,-0.0017363872814420765,0.6535032663694421,-0.0015140950748385386,-0.06499333512347424,-0.10110161333830604,-0.013499648900002976,0.8140754928255473,-0.019062961308309635,-0.028499466082859387,-0.0252157751870108,-0.31232825577368606,0.03199092698208957,-0.10412693527404343,0.055635200087560094,-0.07988674679700883,0.08224532213363035,-0.05596714365156208,0.03447150587594823,engagement_trend_ratio (+1.303); country_DE (+0.814); industry_DevTools (+0.654),country_US (-0.312); tenure_months (-0.240); tenure_days (-0.240)
A-3be56b,0.041942620290338246,-0.02314051556396136,-0.021381985929455966,-0.021381985929456122,0.11298044351953808,0.0302206082354628,-0.0016854774780280498,0.1457742747106222,-0.010059572357570138,-0.23944372876143785,-0.03734577852535707,0.002435351349994744,-0.004876394708056564,-0.006016913484447206,-0.009456650745481975,0.1918940658918247,0.2132796382762914,0.020323793449773885,-0.03734577852535693,0.19224503238078847,-0.02315507808859649,0.048968792074055884,0.2023497035041589,-0.0017363872814420765,-0.1952022743700931,-0.0015140950748385386,-0.06499333512347424,0.35845117456308506,-0.013499648900002976,-0.06127449945998744,-0.019062961308309635,0.32774385995288297,-0.0252157751870108,-0.31232825577368606,0.03199092698208957,-0.10412693527404343,0.055635200087560094,0.390035293185396,0.08224532213363035,-0.05596714365156208,0.03447150587594823,referral_source_event (+0.390); industry_HealthTech (+0.358); country_IN (+0.328),country_US (-0.312); total_errors (-0.239); industry_DevTools (-0.195)
A-354f12,0.04700204372704973,0.06942154669188408,-0.024454289058317542,-0.024454289058317723,-0.03374740520713475,0.0302206082354628,-0.0016854774780280498,-1.2998564313448646,0.05213007901633814,0.9025772351245934,0.21395291809386804,-0.041843764104455165,0.00014736357634236903,-0.02899276826859573,-0.009456650745481975,0.16850185956612482,0.03701547441158777,0.03905848685226315,0.2139529180938674,0.16881004265537752,-0.031203481794664294,0.053571518169135225,1.1129320089244703,-0.0017363872814420765,-0.1952022743700931,-0.0015140950748385386,0.18498103073604205,-0.10110161333830604,-0.013499648900002976,-0.06127449945998744,-0.019062961308309635,-0.028499466082859387,-0.0252157751870108,0.199685278281537,0.03199092698208957,-0.10412693527404343,-0.06531088705930968,-0.07988674679700883,0.08224532213363035,-0.05596714365156208,0.03447150587594823,engagement_trend_ratio (+1.113); total_errors (+0.903); distinct_features_used (+0.214),total_usage_count (-1.300); industry_DevTools (-0.195); plan_tier_Pro (-0.104)
A-68f37c,0.0394129085719825,-0.02314051556396136,-0.016207580659794368,-0.016207580659794486,-0.03374740520713475,-0.34753699470782223,-0.0016854774780280498,0.5208568362817755,-0.026886914392283554,-0.5059152870015119,-0.09318993332962933,0.024574909077219702,0.00014736357634236903,0.022331756572302207,-0.009456650745481975,-0.5800487428562713,0.03701547441158777,0.03280874047400529,-0.09318993332962906,-0.5811096285577754,-0.0300496382872998,0.02216078382922593,0.8390781098624761,-0.0017363872814420765,-0.1952022743700931,-0.0015140950748385386,-0.06499333512347424,0.35845117456308506,-0.013499648900002976,-0.06127449945998744,-0.019062961308309635,-0.028499466082859387,-0.0252157751870108,0.199685278281537,0.03199092698208957,0.06657295861783105,-0.06531088705930968,-0.07988674679700883,0.08224532213363035,-0.05596714365156208,0.03447150587594823,engagement_trend_ratio (+0.839); total_usage_count (+0.521); industry_HealthTech (+0.358),tenure_months (-0.581); tenure_days (-0.580); total_errors (-0.506)
A-aa9511,-0.008651614076776648,0.06942154669188408,0.04814908488162178,0.04814908488162213,0.11298044351953808,0.0302206082354628,-0.0016854774780280498,0.5247639462981417,-0.02010946264121017,-0.3155784596871733,-0.10715097203069739,-0.041843764104455165,0.00014736357634236903,-0.02899276826859573,-0.009456650745481975,-0.3539240817078392,0.24039720194778427,0.030094505950168337,-0.10715097203069704,-0.354571394545469,-0.034560585733096144,-0.15756364566260259,0.14800205359139532,-0.0017363872814420765,0.6535032663694421,-0.0015140950748385386,-0.06499333512347424,-0.10110161333830604,-0.013499648900002976,-0.06127449945998744,-0.019062961308309635,-0.028499466082859387,-0.0252157751870108,0.199685278281537,0.03199092698208957,-0.10412693527404343,-0.06531088705930968,-0.07988674679700883,0.08224532213363035,0.21054306421301927,0.03447150587594823,industry_DevTools (+0.654); total_usage_count (+0.525); days_since_last_activity (+0.240),tenure_months (-0.355); tenure_days (-0.354); total_errors (-0.316)
A-af0cd2,0.0014672327966463318,0.06942154669188408,-0.012637738562696102,-0.012637738562696194,-0.03374740520713475,0.0302206082354628,-0.0016854774780280498,0.767004767312845,-0.03846954357533489,-0.23944372876143785,-0.10715097203069739,-0.019704206377230214,0.00014736357634236903,-0.025929320964042595,-0.009456650745481975,-1.0816816118407244,0.07769181991882708,0.035451061201816694,-0.10715097203069704,-1.0836599637804787,-0.034877923916330995,-0.006816673392402261,1.4199445423779646,-0.0017363872814420765,-0.1952022743700931,-0.0015140950748385386,-0.06499333512347424,-0.10110161333830604,-0.013499648900002976,-0.06127449945998744,-0.019062961308309635,0.32774385995288297,-0.0252157751870108,-0.31232825577368606,-0.07464549629154232,0.06657295861783105,0.055635200087560094,-0.07988674679700883,0.08224532213363035,0.21054306421301927,0.03447150587594823,engagement_trend_ratio (+1.420); total_usage_count (+0.767); country_IN (+0.328),tenure_months (-1.084); tenure_days (-1.082); country_US (-0.312)
A-bd4513,-0.07695383047238176,0.06942154669188408,-0.014292055632083106,-0.014292055632083208,-0.03374740520713475,0.0302206082354628,-0.0016854774780280498,0.06372496436693242,-0.0037272910956640077,-0.27751109422430553,-0.023384739824289007,-0.019704206377230214,0.006845707955540948,-0.00849123630735551,-0.009456650745481975,0.6675355945143889,0.2132796382762914,-0.06273688039942095,-0.023384739824288965,0.6687564901308127,0.011718860952844605,0.052021078267097606,-0.9152057059726514,-0.0017363872814420765,0.6535032663694421,-0.0015140950748385386,-0.06499333512347424,-0.10110161333830604,-0.013499648900002976,-0.06127449945998744,-0.019062961308309635,-0.028499466082859387,-0.0252157751870108,-0.31232825577368606,-0.07464549629154232,0.06657295861783105,0.055635200087560094,0.390035293185396,0.08224532213363035,-0.05596714365156208,0.03447150587594823,tenure_months (+0.669); tenure_days (+0.668); industry_DevTools (+0.654),engagement_trend_ratio (-0.915); country_US (-0.312); total_errors (-0.278)
A-c222ab,-0.031419019541978344,-0.02314051556396136,-0.00660507857282621,-0.0066050785728262555,-0.03374740520713475,0.0302206082354628,-0.0016854774780280498,-0.21758695681143259,0.00862170753709298,-0.23944372876143785,0.025478895629449216,0.002435351349994744,0.010194880145140235,-0.004249540039512704,-0.009456650745481975,0.4258161291488235,0.2132796382762914,0.011771709165272053,0.025478895629449123,0.42659492963489876,-0.013710609423800927,0.03764967765134466,-0.20481608303193355,-0.0017363872814420765,-0.1952022743700931,-0.0015140950748385386,-0.06499333512347424,-0.10110161333830604,-0.013499648900002976,-0.06127449945998744,-0.019062961308309635,-0.028499466082859387,-0.0252157751870108,0.199685278281537,0.03199092698208957,-0.10412693527404343,-0.06531088705930968,-0.07988674679700883,0.08224532213363035,0.21054306421301927,0.03447150587594823,tenure_months (+0.427); tenure_days (+0.426); days_since_last_activity (+0.213),total_errors (-0.239); total_usage_count (-0.218); engagement_trend_ratio (-0.205)
A-34d880,0.0394129085719825,-0.02314051556396136,-0.013732324292816827,-0.013732324292816924,-0.03374740520713475,0.0302206082354628,-0.0016854774780280498,-0.06520966617315155,0.0029953467977098403,-0.5059152870015119,0.011517856928381155,0.024574909077219702,-0.009900152992455497,-0.02291300361802105,-0.009456650745481975,0.12431658095091391,-0.0036608710956515414,0.025343640233873563,0.011517856928381084,0.12454395095182322,-0.021184300494318024,0.035202733579960385,-0.4200466551604951,-0.0017363872814420765,-0.1952022743700931,-0.0015140950748385386,-0.06499333512347424,-0.10110161333830604,-0.013499648900002976,-0.06127449945998744,-0.019062961308309635,-0.028499466082859387,-0.0252157751870108,-0.31232825577368606,-0.07464549629154232,0.06657295861783105,-0.06531088705930968,-0.07988674679700883,0.08224532213363035,-0.05596714365156208,0.03447150587594823,tenure_months (+0.125); tenure_days (+0.124); referral_source_organic (+0.082),total_errors (-0.506); engagement_trend_ratio (-0.420); country_US (-0.312)
A-508199,0.0014672327966463318,-0.02314051556396136,-0.026108606127704544,-0.026108606127704735,-0.03374740520713475,0.0302206082354628,-0.0016854774780280498,-1.0146374001501335,0.035799135375184074,0.4457688495701809,0.17206980199066388,-0.019704206377230214,-0.009900152992455497,-0.02074502552556804,-0.009456650745481975,-0.06801933772706288,-0.2748365078105803,0.038539265686659704,0.17206980199066332,-0.06814374234600082,-0.030484010610002287,0.056197091715289034,0.6648235770213814,-0.0017363872814420765,-0.1952022743700931,-0.0015140950748385386,0.18498103073604205,-0.10110161333830604,-0.013499648900002976,-0.06127449945998744,-0.019062961308309635,-0.028499466082859387,-0.0252157751870108,-0.31232825577368606,0.03199092698208957,0.06657295861783105,-0.06531088705930968,0.390035293185396,0.08224532213363035,-0.05596714365156208,0.03447150587594823,engagement_trend_ratio (+0.665); total_errors (+0.446); referral_source_event (+0.390),total_usage_count (-1.015); country_US (-0.312); days_since_last_activity (-0.275)
A-f03140,-0.018770460950199627,0.06942154669188408,-0.026108606127704544,-0.026108606127704735,-0.03374740520713475,0.0302206082354628,-0.0016854774780280498,0.40755064580715633,-0.023920306448937674,0.17929729133010694,-0.06526785592749319,0.06885402453166961,-0.0032018086132569205,-7.84377166989983e-06,-0.009456650745481975,-0.24216131815171751,0.22683842011203784,0.029215845653593434,-0.065267855927493,-0.24260422141294957,-0.022714077110064748,0.056197091715289034,-0.030515593673925874,-0.0017363872814420765,0.6535032663694421,-0.0015140950748385386,-0.06499333512347424,-0.10110161333830604,-0.013499648900002976,-0.06127449945998744,-0.019062961308309635,0.32774385995288297,-0.0252157751870108,-0.31232825577368606,0.03199092698208957,-0.10412693527404343,0.055635200087560094,0.390035293185396,0.08224532213363035,-0.05596714365156208,0.03447150587594823,industry_DevTools (+0.654); total_usage_count (+0.408); referral_source_event (+0.390),country_US (-0.312); tenure_months (-0.243); tenure_days (-0.242)
A-410e86,-0.011181325795132391,-0.02314051556396136,0.03329754667975651,0.033297546679756755,0.11298044351953808,0.0302206082354628,-0.0016854774780280498,-0.7763036891517964,0.021939938120948296,0.21736465679297465,0.13018668588745969,0.024574909077219702,-0.004876394708056564,-0.009339575560924074,-0.009456650745481975,0.6779321306591444,0.18616207460479856,-0.02129145405097595,0.13018668588745927,0.6791720411198845,0.051910958039741634,0.03672959598980247,-0.9145906262959835,-0.0017363872814420765,-0.1952022743700931,-0.0015140950748385386,0.18498103073604205,-0.10110161333830604,-0.013499648900002976,-0.06127449945998744,-0.019062961308309635,-0.028499466082859387,-0.0252157751870108,0.199685278281537,0.03199092698208957,0.06657295861783105,-0.06531088705930968,-0.07988674679700883,-0.22236698206500055,-0.05596714365156208,0.03447150587594823,tenure_months (+0.679); tenure_days (+0.678); total_errors (+0.217),engagement_trend_ratio (-0.915); total_usage_count (-0.776); referral_source_organic (-0.222)
A-fa2041,0.01158607967006931,0.06942154669188408,-0.026108606127704544,-0.026108606127704735,-0.03374740520713475,0.0302206082354628,-0.0016854774780280498,0.23954491510341058,-0.003581803847190475,-0.27751109422430553,-0.06526785592749319,-0.06398332183168014,-0.009900152992455497,0.02827013134728213,-0.009456650745481975,0.24907501468797996,0.17260329276905212,0.016324031908833872,-0.065267855927493,0.2495305628206821,-0.03440779327450158,0.056197091715289034,-0.41614166581356876,-0.0017363872814420765,-0.1952022743700931,-0.0015140950748385386,-0.06499333512347424,0.35845117456308506,-0.013499648900002976,-0.06127449945998744,-0.019062961308309635,-0.028499466082859387,-0.0252157751870108,0.199685278281537,0.03199092698208957,-0.10412693527404343,0.055635200087560094,-0.07988674679700883,-0.22236698206500055,-0.05596714365156208,0.03447150587594823,industry_HealthTech (+0.358); tenure_months (+0.250); tenure_days (+0.249),engagement_trend_ratio (-0.416); total_errors (-0.278); referral_source_organic (-0.222)
A-de58ca,0.01158607967006931,-0.02314051556396136,0.06300062308348704,0.06300062308348749,-0.03374740520713475,0.0302206082354628,-0.0016854774780280498,0.055910744334200055,0.00426682338472149,-0.23944372876143785,-0.009423701123220942,0.024574909077219702,-0.00655098080285621,0.007627209510447146,-0.009456650745481975,-0.8217682082218367,0.10480938359031995,0.03710690282542287,-0.009423701123220933,-0.8232711890536896,-0.0313285872936533,-0.30337900580252153,0.07612598578269443,-0.0017363872814420765,-0.1952022743700931,-0.0015140950748385386,-0.06499333512347424,0.35845117456308506,-0.013499648900002976,0.8140754928255473,-0.019062961308309635,-0.028499466082859387,-0.0252157751870108,-0.31232825577368606,-0.07464549629154232,0.06657295861783105,0.055635200087560094,-0.07988674679700883,-0.22236698206500055,-0.05596714365156208,0.03447150587594823,country_DE (+0.814); industry_HealthTech (+0.358); days_since_last_activity (+0.105),tenure_months (-0.823); tenure_days (-0.822); country_US (-0.312)
A-05d3b3,0.02676434998020378,0.06942154669188408,0.020921264844868788,0.02092126484486894,-0.03374740520713475,0.0302206082354628,-0.0016854774780280498,0.5911848165763668,-0.02207507733273463,0.17929729133010694,-0.10715097203069739,0.04671446680444465,0.003496535765941654,0.006354700630094307,-0.009456650745481975,-0.7048071765933374,0.06413303808308064,0.03358188463330647,-0.10715097203069704,-0.7060962404266343,-0.02917563436647113,-0.1199805636370105,1.1096495446983803,-0.0017363872814420765,0.6535032663694421,-0.0015140950748385386,-0.06499333512347424,-0.10110161333830604,-0.013499648900002976,-0.06127449945998744,-0.019062961308309635,-0.028499466082859387,-0.0252157751870108,-0.31232825577368606,0.03199092698208957,0.06657295861783105,0.055635200087560094,-0.07988674679700883,0.08224532213363035,-0.05596714365156208,0.03447150587594823,engagement_trend_ratio (+1.110); industry_DevTools (+0.654); total_usage_count (+0.591),tenure_months (-0.706); tenure_days (-0.705); country_US (-0.312)
A-249769,0.0394129085719825,-0.02314051556396136,-0.024454289058317542,-0.024454289058317723,-0.03374740520713475,0.0302206082354628,-0.0016854774780280498,0.7318407771655494,-0.022287160856917877,-0.12524163237283475,-0.13507304943283352,-0.041843764104455165,0.00014736357634236903,-0.004956489417486505,-0.009456650745481975,0.1996914680003913,0.22683842011203784,0.01241347351324022,-0.13507304943283313,0.20005669562259218,-0.030821396671916135,0.05369907639809817,-0.18798338330174,-0.0017363872814420765,-0.1952022743700931,-0.0015140950748385386,-0.06499333512347424,-0.10110161333830604,-0.013499648900002976,-0.06127449945998744,-0.019062961308309635,-0.028499466082859387,-0.0252157751870108,0.199685278281537,-0.07464549629154232,0.06657295861783105,0.055635200087560094,0.390035293185396,0.08224532213363035,-0.05596714365156208,0.03447150587594823,total_usage_count (+0.732); referral_source_event (+0.390); days_since_last_activity (+0.227),industry_DevTools (-0.195); engagement_trend_ratio (-0.188); distinct_features_used (-0.135)
A-e43bf7,-0.06177556016224729,-0.02314051556396136,0.0828026740193074,0.08280267401930799,-0.03374740520713475,0.0302206082354628,-0.0016854774780280498,-0.4676419978588682,0.023982906948104808,-0.3155784596871733,0.04642045368105132,0.024574909077219702,0.00014736357634236903,0.012151685529479475,0.03352812537034518,-0.8737508889456143,-0.07145478027438372,0.039855254440106645,0.04642045368105117,-0.8753489439990475,-0.03155566738073651,-0.39728104400780967,0.5219206841801698,-0.0017363872814420765,-0.1952022743700931,-0.0015140950748385386,-0.06499333512347424,-0.10110161333830604,-0.013499648900002976,-0.06127449945998744,-0.019062961308309635,-0.028499466082859387,-0.0252157751870108,-0.31232825577368606,0.03199092698208957,-0.10412693527404343,0.055635200087560094,-0.07988674679700883,0.08224532213363035,0.21054306421301927,0.03447150587594823,engagement_trend_ratio (+0.522); referral_source_other (+0.211); arr_amount (+0.083),tenure_months (-0.875); tenure_days (-0.874); total_usage_count (-0.468)
A-eb2fdc,-0.0288893078236226,-0.02314051556396136,-0.018782344820419253,-0.018782344820419385,-0.03374740520713475,0.0302206082354628,-0.0016854774780280498,0.22000936502157967,-0.012495459211413972,0.3696341186444455,-0.0443262978758911,0.024574909077219702,0.005171121860741302,0.003385513242604342,-0.009456650745481975,0.3244499017374573,-0.19348381679610166,0.01193849633863674,-0.04432629787589098,0.325043307491451,-0.013977725709269891,0.047394055366501514,0.23874862109250436,-0.0017363872814420765,0.6535032663694421,-0.0015140950748385386,-0.06499333512347424,-0.10110161333830604,-0.013499648900002976,-0.06127449945998744,-0.019062961308309635,-0.028499466082859387,-0.0252157751870108,-0.31232825577368606,-0.07464549629154232,0.06657295861783105,0.055635200087560094,-0.07988674679700883,-0.22236698206500055,-0.05596714365156208,0.03447150587594823,industry_DevTools (+0.654); total_errors (+0.370); tenure_months (+0.325),country_US (-0.312); referral_source_organic (-0.222); days_since_last_activity (-0.193)
A-e1462e,0.01158607967006931,-0.02314051556396136,-0.022563640979018112,-0.02256364097901828,0.11298044351953808,0.0302206082354628,-0.0016854774780280498,-0.5614126382516565,0.026727698065432938,0.17929729133010694,0.08132305043372147,-0.041843764104455165,-0.004876394708056564,-0.004956489417486505,-0.009456650745481975,-0.9049404973798807,-0.4511006716752839,0.04041028164859101,0.08132305043372122,-0.9065955969662621,-0.035885713055816226,0.041163443301799926,2.254698557157156,-0.0017363872814420765,-0.1952022743700931,-0.0015140950748385386,0.18498103073604205,-0.10110161333830604,-0.013499648900002976,-0.06127449945998744,-0.019062961308309635,-0.028499466082859387,0.22694197668309718,-0.31232825577368606,0.03199092698208957,0.06657295861783105,0.055635200087560094,-0.07988674679700883,0.08224532213363035,-0.05596714365156208,-0.19533853329703998,engagement_trend_ratio (+2.255); country_UK (+0.227); industry_FinTech (+0.185),tenure_months (-0.907); tenure_days (-0.905); total_usage_count (-0.561)
A-cab532,0.02170492654349229,0.06942154669188408,-0.004776622864556365,-0.004776622864556398,-0.03374740520713475,0.0302206082354628,-0.0016854774780280498,2.0094657525172903,-0.06319878986252804,-0.7723868452415857,-0.31656655254671834,-0.06398332183168014,0.00014736357634236903,0.005647751252120506,-0.009456650745481975,-0.8477595485837255,0.22683842011203784,0.02795683641373669,-0.3165665525467173,-0.8493100665263684,-0.03723756708445973,-0.03125302569346892,1.2734198425960805,-0.0017363872814420765,0.6535032663694421,-0.0015140950748385386,-0.06499333512347424,-0.10110161333830604,-0.013499648900002976,-0.06127449945998744,0.6163690823020115,-0.028499466082859387,-0.0252157751870108,-0.31232825577368606,0.03199092698208957,-0.10412693527404343,0.055635200087560094,-0.07988674679700883,-0.22236698206500055,-0.05596714365156208,0.03447150587594823,total_usage_count (+2.009); engagement_trend_ratio (+1.273); industry_DevTools (+0.654),tenure_months (-0.849); tenure_days (-0.848); total_errors (-0.772)
A-9123ac,0.02676434998020378,-0.02314051556396136,0.018446008477891244,0.01844600847789138,-0.03374740520713475,0.0302206082354628,-0.0016854774780280498,-0.4090353476133755,0.01550007825981878,0.10316256040437151,0.06736201173265341,0.04671446680444465,0.002156866890101944,-0.0040138902468547745,-0.009456650745481975,-0.6450270937609933,0.07769181991882708,0.03846980302792633,0.06736201173265317,-0.646206822239473,-0.02878503079822185,-0.10412346131812968,0.23656351267062012,-0.0017363872814420765,-0.1952022743700931,-0.0015140950748385386,-0.06499333512347424,-0.10110161333830604,-0.013499648900002976,0.8140754928255473,-0.019062961308309635,-0.028499466082859387,-0.0252157751870108,-0.31232825577368606,0.03199092698208957,-0.10412693527404343,0.055635200087560094,-0.07988674679700883,-0.22236698206500055,-0.05596714365156208,0.03447150587594823,country_DE (+0.814); engagement_trend_ratio (+0.237); total_errors (+0.103),tenure_months (-0.646); tenure_days (-0.645); total_usage_count (-0.409)
A-6e08f3,0.029294061698559522,-0.02314051556396136,-0.023036302998842968,-0.023036302998843138,-0.03374740520713475,0.0302206082354628,-0.0016854774780280498,0.005118314121439709,0.0006112001273020152,0.21736465679297465,0.018498376278915183,-0.041843764104455165,-0.004876394708056564,-0.0007147931496437007,-0.009456650745481975,-0.9387292398503362,0.199720856440545,0.03797415522438232,0.018498376278915134,-0.9404461376807447,-0.03593980443437689,0.04291129474866114,1.4224852733446824,-0.0017363872814420765,-0.1952022743700931,-0.0015140950748385386,-0.06499333512347424,-0.10110161333830604,-0.013499648900002976,-0.06127449945998744,-0.019062961308309635,-0.028499466082859387,-0.0252157751870108,0.199685278281537,0.03199092698208957,0.06657295861783105,0.055635200087560094,0.390035293185396,0.08224532213363035,-0.05596714365156208,0.03447150587594823,engagement_trend_ratio (+1.422); referral_source_event (+0.390); total_errors (+0.217),tenure_months (-0.940); tenure_days (-0.939); industry_DevTools (-0.195)
A-d922bf,0.03688319685362675,0.06942154669188408,-0.00383129882490665,-0.003831298824906676,-0.03374740520713475,0.0302206082354628,-0.0016854774780280498,-0.2801007170732915,0.008274382345314617,0.29349938771871004,0.06736201173265341,0.06885402453166961,-0.00655098080285621,-0.004451525576076651,0.03352812537034518,-0.3721180199611613,0.10480938359031995,0.03572163957283948,0.06736201173265317,-0.3727986087763442,-0.02446923150622788,-0.008933132954537324,0.16626711570648178,-0.0017363872814420765,-0.1952022743700931,-0.0015140950748385386,-0.06499333512347424,0.35845117456308506,-0.013499648900002976,-0.06127449945998744,-0.019062961308309635,-0.028499466082859387,-0.0252157751870108,0.199685278281537,0.03199092698208957,0.06657295861783105,0.055635200087560094,-0.07988674679700883,0.08224532213363035,-0.05596714365156208,0.03447150587594823,industry_HealthTech (+0.358); total_errors (+0.293); country_US (+0.200),tenure_months (-0.373); tenure_days (-0.372); total_usage_count (-0.280)
A-8ed5dd,0.03688319685362675,-0.02314051556396136,-0.022563640979018112,-0.02256364097901828,-0.03374740520713475,0.0302206082354628,0.03202407208253294,0.2121951449888473,-0.011754703713904364,-0.6962521143158503,-0.03734577852535707,0.04671446680444465,-0.002364515565857097,0.00988944751996331,-0.009456650745481975,-0.4682859793001497,0.07769181991882708,0.03350448186400022,-0.03734577852535693,-0.4691424554252561,-0.02741660663246766,0.04499019017068806,0.738924233236479,-0.0017363872814420765,-0.1952022743700931,0.013626855673546847,-0.06499333512347424,-0.10110161333830604,-0.013499648900002976,-0.06127449945998744,-0.019062961308309635,-0.028499466082859387,0.22694197668309718,-0.31232825577368606,-0.07464549629154232,0.06657295861783105,-0.06531088705930968,0.390035293185396,0.08224532213363035,-0.05596714365156208,0.03447150587594823,engagement_trend_ratio (+0.739); referral_source_event (+0.390); country_UK (+0.227),total_errors (-0.696); tenure_months (-0.469); tenure_days (-0.468)
A-7c6b6b,0.03435348513527101,-0.02314051556396136,-0.01209044569763574,-0.012090445697635828,-0.03374740520713475,0.0302206082354628,-0.0016854774780280498,-0.7020685988408389,0.03473257040574078,0.10316256040437151,0.07434253108318743,0.024574909077219702,0.003496535765941654,-0.02291300361802105,-0.009456650745481975,0.7299148113829219,-0.08501356211013014,-0.0723969766117365,0.0743425310831872,0.7312497960652423,0.11036059684934858,0.053404797326017,-1.0284439954116391,-0.0017363872814420765,-0.1952022743700931,-0.0015140950748385386,0.18498103073604205,-0.10110161333830604,-0.013499648900002976,-0.06127449945998744,-0.019062961308309635,-0.028499466082859387,-0.0252157751870108,0.199685278281537,0.03199092698208957,0.06657295861783105,-0.06531088705930968,-0.07988674679700883,0.08224532213363035,0.21054306421301927,0.03447150587594823,tenure_months (+0.731); tenure_days (+0.730); referral_source_other (+0.211),engagement_trend_ratio (-1.028); total_usage_count (-0.702); industry_DevTools (-0.195)
A-3c1a3f,0.04700204372704973,-0.02314051556396136,-0.024454289058317542,-0.024454289058317723,0.11298044351953808,0.0302206082354628,-0.0016854774780280498,0.024653864203270613,-0.011305947271429664,0.17929729133010694,-0.016404220473754973,0.002435351349994744,-0.004876394708056564,0.003880377807186004,-0.009456650745481975,-0.47088511333633853,0.0912506017545735,0.03468648669731977,-0.016404220473754918,-0.4717463431725241,-0.031188304309227206,0.05095657447539501,0.41701368778862524,-0.0017363872814420765,0.6535032663694421,-0.0015140950748385386,-0.06499333512347424,-0.10110161333830604,-0.013499648900002976,-0.06127449945998744,-0.019062961308309635,-0.028499466082859387,0.22694197668309718,-0.31232825577368606,0.03199092698208957,-0.10412693527404343,0.055635200087560094,0.390035293185396,0.08224532213363035,-0.05596714365156208,0.03447150587594823,industry_DevTools (+0.654); engagement_trend_ratio (+0.417); referral_source_event (+0.390),tenure_months (-0.472); tenure_days (-0.471); country_US (-0.312)
A-b48f73,-0.15284518202305408,0.06942154669188408,0.022650212759491296,0.02265021275949146,0.11298044351953808,0.0302206082354628,-0.0016854774780280498,-0.3074504871878548,0.016318700172004364,0.14122992586723926,0.04642045368105132,-0.019704206377230214,0.00014736357634236903,0.010360747105279176,-0.009456650745481975,0.685729532767711,-0.2477189441390874,-0.05520355969206221,0.04642045368105117,0.6869837043616881,0.0190695672335937,0.041158647879658464,-1.0284439954116391,-0.0017363872814420765,-0.1952022743700931,0.013626855673546847,-0.06499333512347424,-0.10110161333830604,-0.013499648900002976,-0.06127449945998744,-0.019062961308309635,-0.028499466082859387,-0.0252157751870108,-0.31232825577368606,0.03199092698208957,-0.10412693527404343,0.055635200087560094,0.390035293185396,0.08224532213363035,-0.05596714365156208,0.03447150587594823,tenure_months (+0.687); tenure_days (+0.686); referral_source_event (+0.390),engagement_trend_ratio (-1.028); country_US (-0.312); total_usage_count (-0.307)
A-76fa4d,-0.1250183531211409,-0.02314051556396136,0.015945875162501868,0.015945875162501986,-0.03374740520713475,0.0302206082354628,-0.0016854774780280498,-0.5223415380879948,0.012304993862884186,0.21736465679297465,0.08132305043372147,0.024574909077219702,0.005171121860741302,0.003668292993793866,-0.009456650745481975,0.7143200071657886,-0.1392486894531159,-0.06784494124414485,0.08132305043372122,0.7156264695816349,0.08619088134159218,0.04619887632144402,-1.0284439954116391,-0.0017363872814420765,-0.1952022743700931,-0.0015140950748385386,-0.06499333512347424,0.35845117456308506,-0.013499648900002976,-0.06127449945998744,-0.019062961308309635,-0.028499466082859387,-0.0252157751870108,0.199685278281537,0.03199092698208957,-0.10412693527404343,-0.06531088705930968,0.390035293185396,0.08224532213363035,-0.05596714365156208,0.03447150587594823,tenure_months (+0.716); tenure_days (+0.714); referral_source_event (+0.390),engagement_trend_ratio (-1.028); total_usage_count (-0.522); industry_DevTools (-0.195)
A-b2af2e,0.03688319685362675,-0.02314051556396136,-0.01334673159243339,-0.013346731592433485,0.11298044351953808,0.0302206082354628,0.03202407208253294,-1.2373426710830058,0.04613436508628804,0.5980383114216518,0.20697239874333404,-0.041843764104455165,0.00014736357634236903,-0.004956489417486505,-0.009456650745481975,0.47519967583641215,-0.43754188983953746,0.03064334828547881,0.2069723987433334,0.4760687968329888,-0.024359024137166476,0.045618870013433975,-0.8698020281975936,-0.0017363872814420765,-0.1952022743700931,-0.0015140950748385386,-0.06499333512347424,-0.10110161333830604,-0.013499648900002976,-0.06127449945998744,-0.019062961308309635,-0.028499466082859387,0.22694197668309718,-0.31232825577368606,-0.07464549629154232,0.06657295861783105,0.055635200087560094,0.390035293185396,0.08224532213363035,-0.05596714365156208,0.03447150587594823,total_errors (+0.598); tenure_months (+0.476); tenure_days (+0.475),total_usage_count (-1.237); engagement_trend_ratio (-0.870); days_since_last_activity (-0.438)
A-9bfc9f,-0.084542965627449,-0.02314051556396136,0.010460508037692336,0.010460508037692412,-0.03374740520713475,0.0302206082354628,-0.0016854774780280498,-0.44810644777703734,0.020700735113703662,0.33156675318157774,0.09528408913478954,0.04671446680444465,-0.00655098080285621,0.0009347553989618312,0.03352812537034518,-0.42150156664874994,-0.07145478027438372,0.03723614117230533,0.09528408913478921,-0.4222724759744342,-0.026988655664770905,-0.05518138294234985,-0.3277316759788637,-0.0017363872814420765,0.6535032663694421,-0.0015140950748385386,-0.06499333512347424,-0.10110161333830604,0.2564933291000565,-0.06127449945998744,-0.019062961308309635,-0.028499466082859387,-0.0252157751870108,-0.31232825577368606,0.03199092698208957,-0.10412693527404343,-0.06531088705930968,-0.07988674679700883,0.08224532213363035,-0.05596714365156208,0.03447150587594823,industry_DevTools (+0.654); total_errors (+0.332); country_CA (+0.256),total_usage_count (-0.448); tenure_months (-0.422); tenure_days (-0.422)
A-4ae22a,0.03435348513527101,-0.02314051556396136,-0.019491337850156536,-0.01949133785015668,-0.03374740520713475,0.0302206082354628,-0.0016854774780280498,-0.4754562178916006,0.004038859210176694,-0.16330899783570246,0.0883035697842555,-0.019704206377230214,-0.009900152992455497,0.030626629273861464,-0.009456650745481975,0.623350315899178,0.199720856440545,-0.014165840086939802,0.08830356978425523,0.6244903984272586,-0.0001822825493206043,0.053135694220178525,-0.10397681742026668,-0.0017363872814420765,-0.1952022743700931,0.013626855673546847,-0.06499333512347424,-0.10110161333830604,-0.013499648900002976,-0.06127449945998744,-0.019062961308309635,-0.028499466082859387,-0.0252157751870108,0.199685278281537,0.03199092698208957,-0.10412693527404343,0.055635200087560094,-0.07988674679700883,0.08224532213363035,0.21054306421301927,0.03447150587594823,tenure_months (+0.624); tenure_days (+0.623); referral_source_other (+0.211),total_usage_count (-0.475); industry_DevTools (-0.195); total_errors (-0.163)
A-fda07f,0.031823773416915266,-0.02314051556396136,-0.02279997198893054,-0.022799971988930707,-0.03374740520713475,0.0302206082354628,-0.0016854774780280498,0.7435621072146479,-0.04154834062929944,-0.46784792153864413,-0.10715097203069739,0.024574909077219702,0.00014736357634236903,0.025725113586576448,-0.009456650745481975,0.4414109333659567,0.24039720194778427,-0.010259143888318781,-0.10715097203069704,0.4422182561185061,-0.0061476444538856,0.05317821362983284,-0.7058116096690995,-0.0017363872814420765,-0.1952022743700931,-0.0015140950748385386,-0.06499333512347424,-0.10110161333830604,-0.013499648900002976,-0.06127449945998744,0.6163690823020115,-0.028499466082859387,-0.0252157751870108,-0.31232825577368606,0.03199092698208957,0.06657295861783105,-0.06531088705930968,-0.07988674679700883,0.08224532213363035,-0.05596714365156208,-0.19533853329703998,total_usage_count (+0.744); country_FR (+0.616); tenure_months (+0.442),engagement_trend_ratio (-0.706); total_errors (-0.468); country_US (-0.312)
A-de24d5,0.03688319685362675,0.06942154669188408,-0.023061179947254803,-0.023061179947254973,0.11298044351953808,0.0302206082354628,-0.0016854774780280498,0.18093826485791786,0.005125403062332903,-0.04910690144709932,-0.023384739824289007,0.06885402453166961,-0.009900152992455497,-0.01010712059986706,-0.009456650745481975,0.6649364604782001,-0.2883952896463267,-0.06714052116067783,-0.023384739824288965,0.6661526023835449,0.07682511658233661,0.05510053851894097,-1.0284439954116391,-0.0017363872814420765,0.6535032663694421,-0.0015140950748385386,-0.06499333512347424,-0.10110161333830604,-0.013499648900002976,-0.06127449945998744,-0.019062961308309635,-0.028499466082859387,-0.0252157751870108,0.199685278281537,-0.07464549629154232,0.06657295861783105,-0.06531088705930968,-0.07988674679700883,0.08224532213363035,0.21054306421301927,0.03447150587594823,tenure_months (+0.666); tenure_days (+0.665); industry_DevTools (+0.654),engagement_trend_ratio (-1.028); days_since_last_activity (-0.288); industry_HealthTech (-0.101)
A-977ca0,0.03435348513527101,-0.02314051556396136,-0.017575812822445275,-0.0175758128224454,-0.03374740520713475,0.0302206082354628,-0.0016854774780280498,1.5718694306842782,-0.047431353169686954,-0.734319479778718,-0.21185876228870787,-0.019704206377230214,0.00014736357634236903,-0.03959700893820274,-0.009456650745481975,-0.9569231781036582,0.14548572909755925,0.03106581230844387,-0.2118587622887072,-0.9586733519116201,-0.03460911980817912,0.01891428303945492,1.6365821848615079,-0.0017363872814420765,-0.1952022743700931,-0.0015140950748385386,-0.06499333512347424,0.35845117456308506,-0.013499648900002976,-0.06127449945998744,-0.019062961308309635,0.32774385995288297,-0.0252157751870108,-0.31232825577368606,0.03199092698208957,0.06657295861783105,0.055635200087560094,-0.07988674679700883,0.08224532213363035,-0.05596714365156208,-0.19533853329703998,engagement_trend_ratio (+1.637); total_usage_count (+1.572); industry_HealthTech (+0.358),tenure_months (-0.959); tenure_days (-0.957); total_errors (-0.734)
A-ab438f,0.0166455031067808,-0.02314051556396136,-0.026108606127704544,-0.026108606127704735,-0.03374740520713475,0.0302206082354628,-0.0016854774780280498,-0.4754562178916006,0.019886211433869448,0.559970945958784,0.07434253108318743,-0.041843764104455165,-0.004876394708056564,0.0035269031181991034,-0.009456650745481975,0.602557243609667,0.15904451093330568,-0.008084346699674672,0.0743425310831872,0.6036592964491155,-0.015583762375652043,0.056197091715289034,-0.9722035190051866,-0.0017363872814420765,-0.1952022743700931,-0.0015140950748385386,-0.06499333512347424,-0.10110161333830604,-0.013499648900002976,-0.06127449945998744,-0.019062961308309635,-0.028499466082859387,-0.0252157751870108,0.199685278281537,-0.07464549629154232,0.06657295861783105,-0.06531088705930968,-0.07988674679700883,0.08224532213363035,-0.05596714365156208,0.03447150587594823,tenure_months (+0.604); tenure_days (+0.603); total_errors (+0.560),engagement_trend_ratio (-0.972); total_usage_count (-0.475); industry_DevTools (-0.195)
A-e89151,0.029294061698559522,0.06942154669188408,0.0828026740193074,0.08280267401930799,-0.03374740520713475,0.0302206082354628,-0.0016854774780280498,0.4309933059053534,-0.01973037614870871,-0.08717426690996702,-0.05130681722642513,-0.041843764104455165,0.010194880145140235,-0.007784286929381708,-0.009456650745481975,-0.42150156664874994,0.22683842011203784,0.03160339027332559,-0.051306817226424974,-0.4222724759744342,-0.03478687329835643,-0.27551376682290357,-0.06111492703331255,-0.0017363872814420765,-0.1952022743700931,-0.0015140950748385386,0.18498103073604205,-0.10110161333830604,-0.013499648900002976,-0.06127449945998744,-0.019062961308309635,-0.028499466082859387,0.22694197668309718,-0.31232825577368606,0.03199092698208957,-0.10412693527404343,0.055635200087560094,-0.07988674679700883,-0.22236698206500055,-0.05596714365156208,0.03447150587594823,total_usage_count (+0.431); country_UK (+0.227); days_since_last_activity (+0.227),tenure_months (-0.422); tenure_days (-0.422); country_US (-0.312)
A-40906c,-0.18320172264332305,-0.02314051556396136,0.029964035592570673,0.029964035592570888,-0.03374740520713475,0.0302206082354628,-0.0016854774780280498,0.7591905472801127,-0.03072234759411926,-0.20137636329857014,-0.10715097203069739,0.024574909077219702,-0.002364515565857097,0.00960666776877379,-0.009456650745481975,0.08532957040808078,-0.1392486894531159,0.017514917929244207,-0.10715097203069704,0.08548563474280485,-0.022125251119093893,-0.04432550629850404,-0.4538753321043588,-0.0017363872814420765,-0.1952022743700931,0.013626855673546847,-0.06499333512347424,-0.10110161333830604,-0.013499648900002976,-0.06127449945998744,-0.019062961308309635,-0.028499466082859387,-0.0252157751870108,0.199685278281537,0.03199092698208957,0.06657295861783105,0.055635200087560094,-0.07988674679700883,0.08224532213363035,-0.05596714365156208,0.03447150587594823,total_usage_count (+0.759); country_US (+0.200); tenure_months (+0.085),engagement_trend_ratio (-0.454); total_errors (-0.201); industry_DevTools (-0.195)
A-81edc3,0.03688319685362675,-0.02314051556396136,-0.013732324292816827,-0.013732324292816924,-0.03374740520713475,0.0302206082354628,-0.0016854774780280498,1.071759348589407,-0.048568612647191325,-0.5439826524643796,-0.16997564618550368,-0.019704206377230214,0.00014736357634236903,-0.023572823037463244,-0.009456650745481975,-0.3019414009840617,0.2132796382762914,0.02543941773712327,-0.16997564618550315,-0.30249363960011116,-0.032208724244262146,0.02216078382922593,0.42577403738377845,-0.0017363872814420765,-0.1952022743700931,-0.0015140950748385386,-0.06499333512347424,-0.10110161333830604,-0.013499648900002976,-0.06127449945998744,-0.019062961308309635,0.32774385995288297,-0.0252157751870108,-0.31232825577368606,0.03199092698208957,0.06657295861783105,0.055635200087560094,-0.07988674679700883,0.08224532213363035,-0.05596714365156208,0.03447150587594823,total_usage_count (+1.072); engagement_trend_ratio (+0.426); country_IN (+0.328),total_errors (-0.544); country_US (-0.312); tenure_months (-0.302)
A-328bd0,0.003996944515002075,-0.02314051556396136,-0.015137871878085482,-0.01513787187808559,-0.03374740520713475,0.0302206082354628,0.03202407208253294,0.3020586753652695,-0.006116048277467121,-0.8485215761673212,-0.07922889462856125,0.024574909077219702,-0.0032018086132569205,-0.014146831331145917,-0.009456650745481975,-0.7359967850276039,0.14548572909755925,0.03532123727752015,-0.07922889462856103,-0.7373428933938487,-0.03092053010187285,0.014253931954975653,0.5767584233024283,-0.0017363872814420765,-0.1952022743700931,-0.0015140950748385386,-0.06499333512347424,0.35845117456308506,-0.013499648900002976,-0.06127449945998744,-0.019062961308309635,-0.028499466082859387,-0.0252157751870108,-0.31232825577368606,-0.07464549629154232,0.06657295861783105,0.055635200087560094,-0.07988674679700883,0.08224532213363035,-0.05596714365156208,-0.19533853329703998,engagement_trend_ratio (+0.577); industry_HealthTech (+0.358); total_usage_count (+0.302),total_errors (-0.849); tenure_months (-0.737); tenure_days (-0.736)
A-b3fe05,0.029294061698559522,-0.02314051556396136,-0.026108606127704544,-0.026108606127704735,0.11298044351953808,0.0302206082354628,-0.0016854774780280498,-0.20586562676233405,0.004256577803843073,0.33156675318157774,0.032459414979983246,0.002435351349994744,-0.009900152992455497,-0.01732810353202802,-0.009456650745481975,0.2464758806517911,0.2132796382762914,0.022697702497662696,0.03245941497998317,0.2469266750734142,-0.021652087376349452,0.056197091715289034,-0.7280765427939458,-0.0017363872814420765,-0.1952022743700931,-0.0015140950748385386,-0.06499333512347424,-0.10110161333830604,0.2564933291000565,-0.06127449945998744,-0.019062961308309635,-0.028499466082859387,-0.0252157751870108,-0.31232825577368606,0.03199092698208957,-0.10412693527404343,0.055635200087560094,-0.07988674679700883,0.08224532213363035,-0.05596714365156208,-0.19533853329703998,total_errors (+0.332); country_CA (+0.256); tenure_months (+0.247),engagement_trend_ratio (-0.728); country_US (-0.312); total_usage_count (-0.206)
A-09540c,-0.11995892968442941,0.06942154669188408,0.014726904690321972,0.01472690469032208,-0.03374740520713475,0.0302206082354628,-0.0016854774780280498,-0.7567681390699655,0.02846995909380789,0.4077014841073132,0.14414772458852776,-0.041843764104455165,0.005171121860741302,0.011303346275910913,-0.009456650745481975,-0.3019414009840617,-0.15280747128886232,0.03841474896684782,0.1441477245885273,-0.30249363960011116,-0.0343678102012245,-0.05610562063641465,0.4928917927435671,-0.0017363872814420765,-0.1952022743700931,-0.0015140950748385386,-0.06499333512347424,-0.10110161333830604,0.2564933291000565,-0.06127449945998744,-0.019062961308309635,-0.028499466082859387,-0.0252157751870108,-0.31232825577368606,0.03199092698208957,0.06657295861783105,-0.06531088705930968,0.390035293185396,0.08224532213363035,-0.05596714365156208,0.03447150587594823,engagement_trend_ratio (+0.493); total_errors (+0.408); referral_source_event (+0.390),total_usage_count (-0.757); country_US (-0.312); tenure_months (-0.302)
A-e693b6,-0.08960238906416049,-0.02314051556396136,0.11003049405606037,0.11003049405606116,-0.03374740520713475,0.0302206082354628,-0.0016854774780280498,0.7435621072146479,-0.028634298211097715,0.06509519494150381,-0.07922889462856125,-0.06398332183168014,-0.009900152992455497,0.04947861268649616,-0.009456650745481975,-0.4994755877344162,0.24039720194778427,0.030615423647393423,-0.07922889462856103,-0.500389108392471,-0.036852472612014506,-0.3846844291266125,0.7016327274456726,-0.0017363872814420765,-0.1952022743700931,-0.0015140950748385386,0.18498103073604205,-0.10110161333830604,-0.013499648900002976,-0.06127449945998744,-0.019062961308309635,-0.028499466082859387,-0.0252157751870108,-0.31232825577368606,-0.07464549629154232,0.06657295861783105,0.055635200087560094,0.390035293185396,0.08224532213363035,-0.05596714365156208,0.03447150587594823,total_usage_count (+0.744); engagement_trend_ratio (+0.702); referral_source_event (+0.390),tenure_months (-0.500); tenure_days (-0.499); clv_proxy (-0.385)
A-2446e3,-0.018770460950199627,-0.02314051556396136,0.04072331578068915,0.04072331578068944,-0.03374740520713475,0.0302206082354628,-0.0016854774780280498,0.020746754186904432,-0.0003923545197390097,-0.20137636329857014,0.004537337577847121,-0.019704206377230214,0.00014736357634236903,0.010360747105279176,-0.009456650745481975,-0.11480375037846263,0.14548572909755925,0.030116231521619935,0.004537337577847101,-0.11501372179682286,-0.03089871703441983,-0.09668000707014954,0.24452367387594362,-0.0017363872814420765,-0.1952022743700931,0.013626855673546847,-0.06499333512347424,-0.10110161333830604,-0.013499648900002976,-0.06127449945998744,-0.019062961308309635,0.32774385995288297,-0.0252157751870108,-0.31232825577368606,0.03199092698208957,-0.10412693527404343,-0.06531088705930968,-0.07988674679700883,-0.22236698206500055,-0.05596714365156208,0.03447150587594823,country_IN (+0.328); engagement_trend_ratio (+0.245); days_since_last_activity (+0.145),country_US (-0.312); referral_source_organic (-0.222); total_errors (-0.201)
A-241e75,0.041942620290338246,-0.02314051556396136,-0.024926951078142398,-0.024926951078142582,-0.03374740520713475,0.0302206082354628,-0.0016854774780280498,-0.8778885495773172,0.025621175330563815,0.25543202225584233,0.14414772458852776,0.002435351349994744,0.005171121860741302,0.006354700630094307,-0.009456650745481975,0.34004470595459063,-0.0036608710956515414,0.0292101799895921,0.1441477245885273,0.34066663397505836,-0.0182641304117263,0.05482280365324785,-0.5287567418519802,-0.0017363872814420765,-0.1952022743700931,0.013626855673546847,-0.06499333512347424,-0.10110161333830604,-0.013499648900002976,-0.06127449945998744,-0.019062961308309635,-0.028499466082859387,-0.0252157751870108,0.199685278281537,-0.07464549629154232,0.06657295861783105,-0.06531088705930968,-0.07988674679700883,0.08224532213363035,-0.05596714365156208,-0.19533853329703998,tenure_months (+0.341); tenure_days (+0.340); total_errors (+0.255),total_usage_count (-0.878); engagement_trend_ratio (-0.529); referral_source_partner (-0.195)
A-922109,0.041942620290338246,-0.02314051556396136,-0.026108606127704544,-0.026108606127704735,-0.03374740520713475,0.0302206082354628,-0.0016854774780280498,1.282743289473181,-0.06362142007376279,-0.27751109422430553,-0.19789772358763982,-0.019704206377230214,-0.009900152992455497,0.015073742958437856,-0.009456650745481975,-0.07321760579944062,0.10480938359031995,0.01806520234140652,-0.1978977235876392,-0.07335151784053659,-0.03053225750120903,0.056197091715289034,-0.08249634301073647,-0.0017363872814420765,-0.1952022743700931,-0.0015140950748385386,-0.06499333512347424,-0.10110161333830604,-0.013499648900002976,-0.06127449945998744,-0.019062961308309635,-0.028499466082859387,-0.0252157751870108,0.199685278281537,0.03199092698208957,-0.10412693527404343,-0.06531088705930968,-0.07988674679700883,0.08224532213363035,-0.05596714365156208,0.03447150587594823,total_usage_count (+1.283); country_US (+0.200); days_since_last_activity (+0.105),total_errors (-0.278); distinct_features_used (-0.198); feature_breadth_ratio (-0.198)
A-ff3c73,-0.003592190640065158,-0.02314051556396136,-0.02114565491954354,-0.021145654919543694,-0.03374740520713475,0.0302206082354628,-0.0016854774780280498,-0.32307892725331944,0.0032181881818154276,0.14122992586723926,0.039439934330517276,-0.041843764104455165,-0.004876394708056564,0.0006991056063039009,-0.009456650745481975,-1.0219015290083802,0.199720856440545,0.03978177172515677,0.03943993433051716,-1.0237705455933173,-0.036064453634071514,0.03371495386057124,1.660487461455359,-0.0017363872814420765,-0.1952022743700931,-0.0015140950748385386,-0.06499333512347424,0.35845117456308506,-0.013499648900002976,-0.06127449945998744,-0.019062961308309635,-0.028499466082859387,-0.0252157751870108,-0.31232825577368606,0.03199092698208957,-0.10412693527404343,0.055635200087560094,-0.07988674679700883,0.08224532213363035,0.21054306421301927,0.03447150587594823,engagement_trend_ratio (+1.660); industry_HealthTech (+0.358); referral_source_other (+0.211),tenure_months (-1.024); tenure_days (-1.022); total_usage_count (-0.323)
A-8b0451,-0.05418642500718006,-0.02314051556396136,0.07537690491837476,0.0753769049183753,-0.03374740520713475,0.0302206082354628,-0.0016854774780280498,0.4505288559871843,-0.014169074847903522,-0.6962521143158503,-0.07922889462856125,0.06885402453166961,-0.004876394708056564,0.01332320164155034,-0.009456650745481975,0.5349797586687564,0.24039720194778427,-0.02119048270177435,-0.07922889462856103,0.5359582150201503,0.02233874927220178,-0.012925241963603604,-0.7951469848027485,-0.0017363872814420765,-0.1952022743700931,-0.0015140950748385386,0.18498103073604205,-0.10110161333830604,-0.013499648900002976,-0.06127449945998744,-0.019062961308309635,-0.028499466082859387,0.22694197668309718,-0.31232825577368606,-0.07464549629154232,0.06657295861783105,0.055635200087560094,0.390035293185396,0.08224532213363035,-0.05596714365156208,0.03447150587594823,tenure_months (+0.536); tenure_days (+0.535); total_usage_count (+0.451),engagement_trend_ratio (-0.795); total_errors (-0.696); country_US (-0.312)
A-331424,0.02170492654349229,-0.02314051556396136,-0.026108606127704544,-0.026108606127704735,0.11298044351953808,0.0302206082354628,-0.0016854774780280498,-1.0810582704283584,0.03796044066148631,0.6741730423473873,0.1790503213411979,-0.041843764104455165,0.00014736357634236903,0.016251991921727518,-0.009456650745481975,-0.28374746273073953,-0.15280747128886232,0.04061727831789507,0.17905032134119736,-0.2842664253692357,-0.03429601161833264,0.056197091715289034,0.268561277081571,-0.0017363872814420765,0.6535032663694421,-0.0015140950748385386,-0.06499333512347424,-0.10110161333830604,-0.013499648900002976,-0.06127449945998744,-0.019062961308309635,-0.028499466082859387,-0.0252157751870108,0.199685278281537,0.03199092698208957,0.06657295861783105,-0.06531088705930968,-0.07988674679700883,-0.22236698206500055,-0.05596714365156208,0.03447150587594823,total_errors (+0.674); industry_DevTools (+0.654); engagement_trend_ratio (+0.269),total_usage_count (-1.081); tenure_months (-0.284); tenure_days (-0.284)
A-51ec1b,0.031823773416915266,-0.02314051556396136,0.015970752110913703,0.015970752110913818,-0.03374740520713475,-0.34753699470782223,-0.0016854774780280498,-0.811467679299092,0.020034772356606504,0.559970945958784,0.12320616653692565,-0.019704206377230214,0.010194880145140235,-0.023101523452147395,0.03352812537034518,-0.2785491946583618,-0.7087175265544662,0.038634365903548226,0.12320616653692527,-0.2790586498747002,-0.03206959460025742,-0.057092918131639706,-0.3268475760805165,-0.0017363872814420765,0.6535032663694421,-0.0015140950748385386,-0.06499333512347424,-0.10110161333830604,-0.013499648900002976,-0.06127449945998744,-0.019062961308309635,-0.028499466082859387,-0.0252157751870108,0.199685278281537,-0.07464549629154232,0.06657295861783105,0.055635200087560094,-0.07988674679700883,0.08224532213363035,-0.05596714365156208,0.03447150587594823,industry_DevTools (+0.654); total_errors (+0.560); country_US (+0.200),total_usage_count (-0.811); days_since_last_activity (-0.709); upgrade_flag (-0.348)
A-bcf664,0.03688319685362675,-0.02314051556396136,0.0025371999685230113,0.002537199968523031,-0.03374740520713475,0.0302206082354628,-0.0016854774780280498,0.3294084454798327,-0.016213068233147877,-0.04910690144709932,-0.05130681722642513,0.024574909077219702,0.00014736357634236903,-7.84377166989983e-06,0.03352812537034518,-0.7281993829190373,0.14548572909755925,0.03512352128183063,-0.051306817226424974,-0.7295312301520452,-0.030881178149102868,-0.052768965910384116,0.4524919539968177,-0.0017363872814420765,0.6535032663694421,-0.0015140950748385386,-0.06499333512347424,-0.10110161333830604,-0.013499648900002976,-0.06127449945998744,-0.019062961308309635,-0.028499466082859387,-0.0252157751870108,0.199685278281537,0.03199092698208957,-0.10412693527404343,0.055635200087560094,-0.07988674679700883,0.08224532213363035,0.21054306421301927,0.03447150587594823,industry_DevTools (+0.654); engagement_trend_ratio (+0.452); total_usage_count (+0.329),tenure_months (-0.730); tenure_days (-0.728); plan_tier_Pro (-0.104)
A-90a8c8,0.01158607967006931,-0.02314051556396136,0.011020239376958615,0.011020239376958695,0.11298044351953808,0.0302206082354628,-0.0016854774780280498,-0.33870736731878426,0.011672329243641885,0.25543202225584233,0.04642045368105132,0.002435351349994744,-0.00738827385025603,-0.012732932575198313,-0.009456650745481975,0.47519967583641215,0.18616207460479856,0.00948632837137816,0.04642045368105117,0.4760687968329888,-0.010032066159183738,0.025421271266909542,-0.6999429521906357,-0.0017363872814420765,-0.1952022743700931,-0.0015140950748385386,0.18498103073604205,-0.10110161333830604,-0.013499648900002976,-0.06127449945998744,-0.019062961308309635,-0.028499466082859387,-0.0252157751870108,-0.31232825577368606,0.03199092698208957,-0.10412693527404343,-0.06531088705930968,-0.07988674679700883,-0.22236698206500055,-0.05596714365156208,0.03447150587594823,tenure_months (+0.476); tenure_days (+0.475); total_errors (+0.255),engagement_trend_ratio (-0.700); total_usage_count (-0.339); country_US (-0.312)
A-86cdb4,0.044472332008693986,-0.02314051556396136,-0.022090978959193257,-0.022090978959193413,-0.03374740520713475,0.0302206082354628,-0.0016854774780280498,0.005118314121439709,-0.008685639961774308,0.10316256040437151,0.004537337577847121,0.024574909077219702,0.003496535765941654,0.013565584285427076,-0.009456650745481975,0.5505745628858895,-0.07145478027438372,-0.011733242732033747,0.004537337577847101,0.5515815415037577,0.0075184573638451165,0.05361555612913434,-0.6920942463297058,-0.0017363872814420765,0.6535032663694421,-0.0015140950748385386,-0.06499333512347424,-0.10110161333830604,-0.013499648900002976,0.8140754928255473,-0.019062961308309635,-0.028499466082859387,-0.0252157751870108,-0.31232825577368606,0.03199092698208957,0.06657295861783105,-0.06531088705930968,-0.07988674679700883,0.08224532213363035,-0.05596714365156208,-0.19533853329703998,country_DE (+0.814); industry_DevTools (+0.654); tenure_months (+0.552),engagement_trend_ratio (-0.692); country_US (-0.312); referral_source_partner (-0.195)
A-4bfa33,0.029294061698559522,0.06942154669188408,-0.026108606127704544,-0.026108606127704735,-0.03374740520713475,0.0302206082354628,-0.0016854774780280498,-0.6317406185462477,0.03689797392439438,0.3696341186444455,0.08132305043372147,0.002435351349994744,-0.0032018086132569205,0.02756318196930833,-0.009456650745481975,0.7481087496362441,0.17260329276905212,-0.1160184935647135,0.08132305043372122,0.7494770102961175,0.11532881614816519,0.056197091715289034,-0.9372704510357509,-0.0017363872814420765,-0.1952022743700931,-0.0015140950748385386,-0.06499333512347424,-0.10110161333830604,-0.013499648900002976,-0.06127449945998744,-0.019062961308309635,-0.028499466082859387,-0.0252157751870108,0.199685278281537,0.03199092698208957,0.06657295861783105,0.055635200087560094,0.390035293185396,0.08224532213363035,-0.05596714365156208,0.03447150587594823,tenure_months (+0.749); tenure_days (+0.748); referral_source_event (+0.390),engagement_trend_ratio (-0.937); total_usage_count (-0.632); industry_DevTools (-0.195)
A-dbc825,0.0014672327966463318,-0.02314051556396136,-0.0216183169393684,-0.021618316939368554,-0.03374740520713475,0.0302206082354628,-0.0016854774780280498,0.9350104980165909,-0.032032757388468905,-1.1911278653331308,-0.1490340881339016,0.04671446680444465,0.00014736357634236903,-0.01909547697696252,0.03352812537034518,-0.12260115248702927,0.22683842011203784,0.022519790584659548,-0.14903408813390115,-0.12282538503862662,-0.0232416012308057,0.04583905981342952,0.599783032761008,-0.0017363872814420765,-0.1952022743700931,0.013626855673546847,-0.06499333512347424,-0.10110161333830604,-0.013499648900002976,-0.06127449945998744,0.6163690823020115,-0.028499466082859387,-0.0252157751870108,-0.31232825577368606,-0.07464549629154232,0.06657295861783105,0.055635200087560094,-0.07988674679700883,0.08224532213363035,-0.05596714365156208,-0.19533853329703998,total_usage_count (+0.935); country_FR (+0.616); engagement_trend_ratio (+0.600),total_errors (-1.191); country_US (-0.312); referral_source_partner (-0.195)
A-c70870,-0.0288893078236226,-0.02314051556396136,0.031183006064750572,0.031183006064750798,-0.03374740520713475,0.0302206082354628,-0.0016854774780280498,-0.6122050684644169,0.02250600646448088,0.33156675318157774,0.09528408913478954,0.024574909077219702,0.00014736357634236903,0.0005577157307091388,-0.009456650745481975,0.6285485839715558,0.24039720194778427,-0.009970245345899747,0.09528408913478921,0.6296981739217945,0.027320359997699824,0.030428091601109566,-0.7095789118086571,-0.0017363872814420765,-0.1952022743700931,-0.0015140950748385386,-0.06499333512347424,-0.10110161333830604,-0.013499648900002976,-0.06127449945998744,-0.019062961308309635,-0.028499466082859387,-0.0252157751870108,0.199685278281537,0.03199092698208957,0.06657295861783105,0.055635200087560094,-0.07988674679700883,0.08224532213363035,-0.05596714365156208,-0.19533853329703998,tenure_months (+0.630); tenure_days (+0.629); total_errors (+0.332),engagement_trend_ratio (-0.710); total_usage_count (-0.612); referral_source_partner (-0.195)
A-7c4956,0.03688319685362675,-0.02314051556396136,-0.01972766886006897,-0.01972766886006911,-0.03374740520713475,0.0302206082354628,-0.0016854774780280498,-0.061302556156785364,0.010534557487093586,-0.5059152870015119,0.025478895629449216,-0.019704206377230214,0.00014736357634236903,0.031569228444493204,-0.009456650745481975,-0.7619881253894927,0.17260329276905212,0.03733255483323919,0.025478895629449123,-0.763381770866528,-0.0341037236544225,0.03139157183303201,1.6113413492611668,-0.0017363872814420765,0.6535032663694421,-0.0015140950748385386,-0.06499333512347424,-0.10110161333830604,-0.013499648900002976,-0.06127449945998744,-0.019062961308309635,-0.028499466082859387,-0.0252157751870108,0.199685278281537,-0.07464549629154232,0.06657295861783105,0.055635200087560094,-0.07988674679700883,0.08224532213363035,-0.05596714365156208,0.03447150587594823,engagement_trend_ratio (+1.611); industry_DevTools (+0.654); country_US (+0.200),tenure_months (-0.763); tenure_days (-0.762); total_errors (-0.506)
A-0651a4,0.009056367951713567,-0.02314051556396136,0.13478305772583582,0.13478305772583676,-0.03374740520713475,0.0302206082354628,-0.0016854774780280498,0.8373327476074364,-0.026205583263868768,-0.3917131906129087,-0.1560146074844356,0.002435351349994744,0.00014736357634236903,0.00953597283097641,-0.009456650745481975,0.6129537797544226,0.03701547441158777,-0.06342671720329789,-0.15601460748443513,0.6140748474381872,0.00995026996800272,-0.022372703124501486,-0.8348415946763944,-0.0017363872814420765,-0.1952022743700931,-0.0015140950748385386,-0.06499333512347424,0.35845117456308506,-0.013499648900002976,-0.06127449945998744,0.6163690823020115,-0.028499466082859387,-0.0252157751870108,-0.31232825577368606,0.03199092698208957,-0.10412693527404343,0.055635200087560094,-0.07988674679700883,-0.22236698206500055,-0.05596714365156208,0.03447150587594823,total_usage_count (+0.837); country_FR (+0.616); tenure_months (+0.614),engagement_trend_ratio (-0.835); total_errors (-0.392); country_US (-0.312)
A-3ce5b8,0.029294061698559522,-0.02314051556396136,-0.026108606127704544,-0.026108606127704735,-0.03374740520713475,0.0302206082354628,-0.0016854774780280498,0.07153918439966478,0.0012648681873450717,-0.08717426690996702,0.025478895629449216,0.1352726977133445,-0.0027233554433141716,-0.00919818568532931,-0.009456650745481975,-0.169385565138429,0.02345669257584133,0.030627976445384383,0.025478895629449123,-0.16969536448944855,-0.014174343134250362,0.056197091715289034,0.03200454324882635,-0.0017363872814420765,-0.1952022743700931,-0.0015140950748385386,0.18498103073604205,-0.10110161333830604,-0.013499648900002976,-0.06127449945998744,-0.019062961308309635,0.32774385995288297,-0.0252157751870108,-0.31232825577368606,0.03199092698208957,0.06657295861783105,0.055635200087560094,-0.07988674679700883,0.08224532213363035,-0.05596714365156208,0.03447150587594823,country_IN (+0.328); industry_FinTech (+0.185); ticket_count (+0.135),country_US (-0.312); industry_DevTools (-0.195); tenure_months (-0.170)
A-bd4708,-0.04406757813375707,0.06942154669188408,0.06547587945046458,0.06547587945046505,-0.03374740520713475,0.0302206082354628,-0.0016854774780280498,0.6341630267563948,-0.02644686669355551,-0.12524163237283475,-0.11413149138123142,0.002435351349994744,-0.004876394708056564,0.01695894129970132,-0.009456650745481975,0.38682911860599034,0.22683842011203784,-0.000889020018078782,-0.11413149138123108,0.3875366134258804,-0.01600895660398635,-0.039724858219686014,-0.545435863090304,-0.0017363872814420765,-0.1952022743700931,-0.0015140950748385386,0.18498103073604205,-0.10110161333830604,-0.013499648900002976,-0.06127449945998744,-0.019062961308309635,-0.028499466082859387,-0.0252157751870108,0.199685278281537,0.03199092698208957,-0.10412693527404343,-0.06531088705930968,-0.07988674679700883,0.08224532213363035,-0.05596714365156208,0.03447150587594823,total_usage_count (+0.634); tenure_months (+0.388); tenure_days (+0.387),engagement_trend_ratio (-0.545); industry_DevTools (-0.195); total_errors (-0.125)
A-993085,-0.0288893078236226,0.06942154669188408,0.0778521612853523,0.07785216128535286,0.11298044351953808,-0.34753699470782223,-0.0016854774780280498,0.6810483469527889,-0.03367922223563064,-0.8865889416301889,-0.1560146074844356,0.002435351349994744,-0.004876394708056564,-0.014853780709119715,-0.009456650745481975,-0.6944106404485819,0.0912506017545735,0.03302023628529003,-0.15601460748443513,-0.6956806894375628,-0.03230194902651441,-0.3305762424778336,0.8387001454614895,-0.0017363872814420765,-0.1952022743700931,-0.0015140950748385386,-0.06499333512347424,0.35845117456308506,-0.013499648900002976,-0.06127449945998744,-0.019062961308309635,-0.028499466082859387,-0.0252157751870108,0.199685278281537,0.03199092698208957,0.06657295861783105,-0.06531088705930968,-0.07988674679700883,0.08224532213363035,-0.05596714365156208,0.03447150587594823,engagement_trend_ratio (+0.839); total_usage_count (+0.681); industry_HealthTech (+0.358),total_errors (-0.887); tenure_months (-0.696); tenure_days (-0.694)
A-92a3af,-0.013711037513488138,-0.02314051556396136,-0.010871475225455845,-0.010871475225455923,-0.03374740520713475,0.0302206082354628,-0.0016854774780280498,0.872496737754732,-0.03479291687711466,-1.0769257689445273,-0.12111201073176545,0.002435351349994744,0.00014736357634236903,-0.03040666702454333,0.03352812537034518,0.3504412420993461,0.06413303808308064,-0.0012184688821380591,-0.12111201073176507,0.3510821849641299,-0.01780261963876759,0.03886763495157412,-0.4584489875822795,-0.0017363872814420765,-0.1952022743700931,-0.0015140950748385386,-0.06499333512347424,-0.10110161333830604,-0.013499648900002976,-0.06127449945998744,-0.019062961308309635,0.32774385995288297,-0.0252157751870108,-0.31232825577368606,-0.07464549629154232,0.06657295861783105,-0.06531088705930968,-0.07988674679700883,-0.22236698206500055,-0.05596714365156208,0.03447150587594823,total_usage_count (+0.872); tenure_months (+0.351); tenure_days (+0.350),total_errors (-1.077); engagement_trend_ratio (-0.458); country_US (-0.312)
A-151c9a,-0.008651614076776648,-0.02314051556396136,0.005584626148972751,0.005584626148972793,0.11298044351953808,0.0302206082354628,-0.0016854774780280498,-0.4871775479406991,0.015042613073597425,0.48383621503304863,0.08132305043372147,-0.041843764104455165,-0.004876394708056564,0.007061650008068108,-0.009456650745481975,-1.0193023949721913,0.2132796382762914,0.04047995138066981,0.08132305043372122,-1.0211666578460492,-0.03606072987202453,-0.08716940618438904,2.252001334382675,-0.0017363872814420765,-0.1952022743700931,-0.0015140950748385386,0.18498103073604205,-0.10110161333830604,-0.013499648900002976,-0.06127449945998744,-0.019062961308309635,-0.028499466082859387,-0.0252157751870108,0.199685278281537,-0.07464549629154232,0.06657295861783105,-0.06531088705930968,-0.07988674679700883,0.08224532213363035,-0.05596714365156208,0.03447150587594823,engagement_trend_ratio (+2.252); total_errors (+0.484); days_since_last_activity (+0.213),tenure_months (-1.021); tenure_days (-1.019); total_usage_count (-0.487)
A-474ad4,0.029294061698559522,-0.02314051556396136,0.03329754667975651,0.033297546679756755,0.11298044351953808,0.0302206082354628,-0.0016854774780280498,0.44662174597081816,-0.016948188661174354,-0.6962521143158503,-0.10017045268016335,-0.019704206377230214,0.010194880145140235,0.004233852496172905,0.03352812537034518,-0.22656651393458427,-0.03077843476714441,0.028656289828034833,-0.10017045268016306,-0.22698089492934226,-0.03173794610327037,-0.09610743366645876,0.755396791484073,-0.0017363872814420765,-0.1952022743700931,0.013626855673546847,-0.06499333512347424,-0.10110161333830604,-0.013499648900002976,-0.06127449945998744,-0.019062961308309635,-0.028499466082859387,-0.0252157751870108,0.199685278281537,0.03199092698208957,0.06657295861783105,0.055635200087560094,-0.07988674679700883,-0.22236698206500055,-0.05596714365156208,0.03447150587594823,engagement_trend_ratio (+0.755); total_usage_count (+0.447); country_US (+0.200),total_errors (-0.696); tenure_months (-0.227); tenure_days (-0.227)
A-4ef964,0.006526656233357821,-0.02314051556396136,-0.009043019517186,-0.009043019517186066,-0.03374740520713475,0.0302206082354628,-0.0016854774780280498,-0.014417235960391196,-0.0002007621573125966,-0.23944372876143785,-0.016404220473754973,-0.019704206377230214,0.00014736357634236903,-0.00943383547798723,-0.009456650745481975,0.03334688968430328,0.1319269472618128,0.02732166231757791,-0.016404220473754918,0.03340787979744691,-0.029414188239765732,0.023410151144481972,0.7377350015148088,-0.0017363872814420765,-0.1952022743700931,-0.0015140950748385386,-0.06499333512347424,0.35845117456308506,-0.013499648900002976,-0.06127449945998744,-0.019062961308309635,-0.028499466082859387,-0.0252157751870108,0.199685278281537,0.03199092698208957,-0.10412693527404343,-0.06531088705930968,-0.07988674679700883,-0.22236698206500055,-0.05596714365156208,0.03447150587594823,engagement_trend_ratio (+0.738); industry_HealthTech (+0.358); country_US (+0.200),total_errors (-0.239); referral_source_organic (-0.222); industry_DevTools (-0.195)
A-fd9422,-0.09719152421922772,-0.02314051556396136,0.00924153756551244,0.009241537565512508,-0.03374740520713475,0.0302206082354628,0.03202407208253294,-0.13553764646774283,0.00356448881550595,0.21736465679297465,0.04642045368105132,0.04671446680444465,-0.004876394708056564,-0.011790333404566583,0.03352812537034518,0.10612264269759178,0.22683842011203784,0.026682135027055024,0.04642045368105117,0.1063167367209482,-0.018226451718546557,-0.005358705213992545,0.300330309315164,-0.0017363872814420765,-0.1952022743700931,-0.0015140950748385386,-0.06499333512347424,-0.10110161333830604,-0.013499648900002976,-0.06127449945998744,-0.019062961308309635,-0.028499466082859387,-0.0252157751870108,0.199685278281537,0.03199092698208957,-0.10412693527404343,0.055635200087560094,-0.07988674679700883,-0.22236698206500055,-0.05596714365156208,0.03447150587594823,engagement_trend_ratio (+0.300); days_since_last_activity (+0.227); total_errors (+0.217),referral_source_organic (-0.222); industry_DevTools (-0.195); total_usage_count (-0.136)
A-0baac2,0.014115791388425052,-0.02314051556396136,0.00854498300998107,0.008544983009981133,-0.03374740520713475,0.0302206082354628,-0.0016854774780280498,-1.1279435906247526,0.03950188830464427,0.6741730423473873,0.17206980199066388,0.04671446680444465,0.003496535765941654,-0.010612084441276912,-0.009456650745481975,0.26986808697749093,-0.5866884900327483,0.03512506316443985,0.17206980199066332,0.27036166479882523,-0.012029574723421713,0.00988226528341252,-0.6547343333524815,-0.0017363872814420765,-0.1952022743700931,-0.0015140950748385386,0.18498103073604205,-0.10110161333830604,-0.013499648900002976,0.8140754928255473,-0.019062961308309635,-0.028499466082859387,-0.0252157751870108,-0.31232825577368606,-0.07464549629154232,0.06657295861783105,-0.06531088705930968,-0.07988674679700883,-0.22236698206500055,-0.05596714365156208,0.03447150587594823,country_DE (+0.814); total_errors (+0.674); tenure_months (+0.270),total_usage_count (-1.128); engagement_trend_ratio (-0.655); days_since_last_activity (-0.587)
A-bb1486,-0.05418642500718006,-0.02314051556396136,0.014726904690321972,0.01472690469032208,-0.03374740520713475,0.0302206082354628,-0.0016854774780280498,-0.334800257302418,0.016047704557770215,-0.353645825150041,0.07434253108318743,-0.019704206377230214,-0.009900152992455497,0.03533962512702014,-0.009456650745481975,0.6649364604782001,-0.05789599843863728,-0.039169889553744154,0.0743425310831872,0.6661526023835449,0.01081877446948757,0.041503278884224996,-0.9472440037327071,-0.0017363872814420765,-0.1952022743700931,-0.0015140950748385386,-0.06499333512347424,0.35845117456308506,-0.013499648900002976,-0.06127449945998744,-0.019062961308309635,-0.028499466082859387,-0.0252157751870108,0.199685278281537,0.03199092698208957,0.06657295861783105,0.055635200087560094,-0.07988674679700883,-0.22236698206500055,-0.05596714365156208,0.03447150587594823,tenure_months (+0.666); tenure_days (+0.665); industry_HealthTech (+0.358),engagement_trend_ratio (-0.947); total_errors (-0.354); total_usage_count (-0.335)
A-560d27,-0.008651614076776648,-0.02314051556396136,-0.026108606127704544,-0.026108606127704735,-0.03374740520713475,0.0302206082354628,-0.0016854774780280498,0.37629376567622685,-0.018106451579479488,-0.4297805560757765,-0.05828733657695916,0.002435351349994744,-0.0032018086132569205,0.007415124697055008,-0.009456650745481975,0.18669579781944692,-0.6273648355399875,0.01762603184811286,-0.058287336576959024,0.1870372568862527,-0.023284502288817767,0.056197091715289034,-0.6153781728666372,-0.0017363872814420765,0.6535032663694421,-0.0015140950748385386,-0.06499333512347424,-0.10110161333830604,-0.013499648900002976,-0.06127449945998744,-0.019062961308309635,-0.028499466082859387,-0.0252157751870108,0.199685278281537,0.03199092698208957,-0.10412693527404343,0.055635200087560094,-0.07988674679700883,-0.22236698206500055,-0.05596714365156208,0.03447150587594823,industry_DevTools (+0.654); total_usage_count (+0.376); country_US (+0.200),days_since_last_activity (-0.627); engagement_trend_ratio (-0.615); total_errors (-0.430)
A-0b0d6d,0.041942620290338246,-0.02314051556396136,-0.013309416169815638,-0.013309416169815734,-0.03374740520713475,0.0302206082354628,-0.0016854774780280498,0.356758215594396,-0.00621901636529522,-0.8104542107044534,-0.10017045268016335,0.024574909077219702,0.00014736357634236903,0.006496090505689069,0.03352812537034518,0.8078888324685882,0.17260329276905212,-6.85955412843537,-0.10017045268016306,0.8093664284832791,4.581757965784283,0.05611485022556293,-1.0284439954116391,-0.0017363872814420765,0.6535032663694421,-0.0015140950748385386,-0.06499333512347424,-0.10110161333830604,-0.013499648900002976,-0.06127449945998744,-0.019062961308309635,-0.028499466082859387,-0.0252157751870108,0.199685278281537,0.03199092698208957,-0.10412693527404343,0.055635200087560094,-0.07988674679700883,-0.22236698206500055,-0.05596714365156208,0.03447150587594823,support_tickets_per_month (+4.582); tenure_months (+0.809); tenure_days (+0.808),usage_rate_per_day (-6.860); engagement_trend_ratio (-1.028); total_errors (-0.810)
A-2789e3,0.02170492654349229,-0.02314051556396136,-0.026108606127704544,-0.026108606127704735,-0.03374740520713475,0.0302206082354628,-0.0016854774780280498,0.7396549971982819,-0.028485737288360655,-0.6962521143158503,-0.10715097203069739,0.002435351349994744,0.00014736357634236903,-0.015914204776080416,-0.009456650745481975,0.5297814905963785,0.24039720194778427,-0.028064826780508707,-0.10715097203069704,0.5307504395256146,-0.004460471389968222,0.056197091715289034,-0.7725016216396455,-0.0017363872814420765,-0.1952022743700931,-0.0015140950748385386,0.18498103073604205,-0.10110161333830604,-0.013499648900002976,-0.06127449945998744,-0.019062961308309635,-0.028499466082859387,-0.0252157751870108,0.199685278281537,-0.07464549629154232,0.06657295861783105,-0.06531088705930968,-0.07988674679700883,0.08224532213363035,-0.05596714365156208,-0.19533853329703998,total_usage_count (+0.740); tenure_months (+0.531); tenure_days (+0.530),engagement_trend_ratio (-0.773); total_errors (-0.696); referral_source_partner (-0.195)
A-b07346,-0.0794835421907375,-0.02314051556396136,-0.026108606127704544,-0.026108606127704735,-0.03374740520713475,0.0302206082354628,-0.0016854774780280498,-0.6434619485953463,0.02219607764290874,0.17929729133010694,0.11622564718639161,-0.019704206377230214,-0.004876394708056564,-0.00896253589267138,-0.009456650745481975,0.7247165433105442,-0.017219652931397975,-0.07057584896364148,0.11622564718639128,0.7260420205707065,0.04532208966484047,0.056197091715289034,-0.9552757925036935,-0.0017363872814420765,-0.1952022743700931,-0.0015140950748385386,-0.06499333512347424,0.35845117456308506,-0.013499648900002976,-0.06127449945998744,-0.019062961308309635,-0.028499466082859387,-0.0252157751870108,0.199685278281537,0.03199092698208957,-0.10412693527404343,0.055635200087560094,-0.07988674679700883,0.08224532213363035,-0.05596714365156208,-0.19533853329703998,tenure_months (+0.726); tenure_days (+0.725); industry_HealthTech (+0.358),engagement_trend_ratio (-0.955); total_usage_count (-0.643); referral_source_partner (-0.195)
A-902ef7,-0.16043431717812132,-0.02314051556396136,-0.0064931323049729536,-0.0064931323049729995,-0.03374740520713475,0.0302206082354628,-0.0016854774780280498,-0.29963626715512237,0.0022504930678488655,0.10316256040437151,0.05340097303158535,-0.041843764104455165,0.00014736357634236903,-0.017681578221014918,-0.009456650745481975,0.750707883672433,-0.7222763083902126,-0.16694482030360033,0.05340097303158518,0.7520808980433854,0.04166956480484092,0.05329817910707178,-1.0284439954116391,-0.0017363872814420765,-0.1952022743700931,-0.0015140950748385386,-0.06499333512347424,0.35845117456308506,-0.013499648900002976,-0.06127449945998744,-0.019062961308309635,-0.028499466082859387,-0.0252157751870108,0.199685278281537,-0.07464549629154232,0.06657295861783105,0.055635200087560094,-0.07988674679700883,0.08224532213363035,0.21054306421301927,0.03447150587594823,tenure_months (+0.752); tenure_days (+0.751); industry_HealthTech (+0.358),engagement_trend_ratio (-1.028); days_since_last_activity (-0.722); total_usage_count (-0.300)
A-20736a,-0.07695383047238176,-0.02314051556396136,0.09765421222117265,0.09765421222117336,-0.03374740520713475,-0.34753699470782223,-0.0016854774780280498,-0.2371225068932635,0.021445588843564636,0.17929729133010694,0.032459414979983246,0.002435351349994744,-0.002364515565857097,-0.00884471099634241,-0.009456650745481975,0.05673909601000315,0.2132796382762914,0.029054192816668552,0.03245941497998317,0.056842869522858136,-0.025939929845081807,-0.17442275143794223,-0.7301428604792457,-0.0017363872814420765,-0.1952022743700931,0.013626855673546847,-0.06499333512347424,-0.10110161333830604,-0.013499648900002976,-0.06127449945998744,-0.019062961308309635,0.32774385995288297,-0.0252157751870108,-0.31232825577368606,-0.07464549629154232,0.06657295861783105,0.055635200087560094,-0.07988674679700883,-0.22236698206500055,-0.05596714365156208,0.03447150587594823,country_IN (+0.328); days_since_last_activity (+0.213); total_errors (+0.179),engagement_trend_ratio (-0.730); upgrade_flag (-0.348); country_US (-0.312)
A-e4bf56,0.006526656233357821,-0.02314051556396136,0.028347033945801424,0.02834703394580163,-0.03374740520713475,0.0302206082354628,-0.0016854774780280498,-0.592669518382586,0.01781865321260473,0.6361056768845195,0.0883035697842555,0.09099358225889458,-0.0032018086132569205,0.00971271017546986,-0.009456650745481975,0.6441433881886891,0.1319269472618128,-0.016205365308278714,0.08830356978425523,0.6453215004054019,0.07682511658233661,0.03380310970427181,-0.86535412257477,-0.0017363872814420765,-0.1952022743700931,-0.0015140950748385386,-0.06499333512347424,0.35845117456308506,-0.013499648900002976,-0.06127449945998744,-0.019062961308309635,0.32774385995288297,-0.0252157751870108,-0.31232825577368606,0.03199092698208957,-0.10412693527404343,-0.06531088705930968,-0.07988674679700883,0.08224532213363035,-0.05596714365156208,0.03447150587594823,tenure_months (+0.645); tenure_days (+0.644); total_errors (+0.636),engagement_trend_ratio (-0.865); total_usage_count (-0.593); country_US (-0.312)
A-cea1f0,0.029294061698559522,-0.02314051556396136,-0.0063065551918841944,-0.006306555191884237,0.11298044351953808,0.0302206082354628,-0.0016854774780280498,0.3723866556598607,-0.0055924990945799705,-0.04910690144709932,-0.0443262978758911,0.024574909077219702,0.003496535765941654,-0.008774016058545034,-0.009456650745481975,0.1139200448061584,0.1319269472618128,0.020702569395923597,-0.04432629787589098,0.1141283999627517,-0.021445519622987148,0.02209716456214917,-0.22371331931134264,-0.0017363872814420765,-0.1952022743700931,-0.0015140950748385386,0.18498103073604205,-0.10110161333830604,-0.013499648900002976,-0.06127449945998744,-0.019062961308309635,-0.028499466082859387,-0.0252157751870108,0.199685278281537,0.03199092698208957,-0.10412693527404343,0.055635200087560094,0.390035293185396,0.08224532213363035,-0.05596714365156208,0.03447150587594823,referral_source_event (+0.390); total_usage_count (+0.372); country_US (+0.200),engagement_trend_ratio (-0.224); industry_DevTools (-0.195); plan_tier_Pro (-0.104)
A-ef84cf,0.029294061698559522,-0.02314051556396136,-0.024217958048405114,-0.024217958048405288,-0.03374740520713475,0.0302206082354628,-0.0016854774780280498,-0.7098828188735714,0.02553767384640471,0.5980383114216518,0.12320616653692565,0.024574909077219702,0.003496535765941654,0.0016888347354672261,0.03352812537034518,0.01775208546717002,0.24039720194778427,0.034627141244072616,0.12320616653692527,0.01778455331383975,-0.023536985564659264,0.052491828873984646,0.11134851677936387,-0.0017363872814420765,-0.1952022743700931,0.013626855673546847,-0.06499333512347424,-0.10110161333830604,-0.013499648900002976,-0.06127449945998744,-0.019062961308309635,-0.028499466082859387,-0.0252157751870108,0.199685278281537,-0.07464549629154232,0.06657295861783105,-0.06531088705930968,-0.07988674679700883,0.08224532213363035,-0.05596714365156208,-0.19533853329703998,total_errors (+0.598); days_since_last_activity (+0.240); country_US (+0.200),total_usage_count (-0.710); referral_source_partner (-0.195); industry_DevTools (-0.195)
A-d49cc5,-0.07695383047238176,-0.02314051556396136,-0.014292055632083106,-0.014292055632083208,-0.03374740520713475,0.0302206082354628,-0.0016854774780280498,-0.21367984679506644,0.0037591548521958887,-0.27751109422430553,0.039439934330517276,0.002435351349994744,0.005171121860741302,0.005647751252120506,-0.009456650745481975,-0.4085058964678056,0.199720856440545,0.03561770945226681,0.03943993433051716,-0.40925303723809464,-0.03080462783301798,0.02058708612980222,-0.21817588329689033,-0.0017363872814420765,-0.1952022743700931,-0.0015140950748385386,-0.06499333512347424,-0.10110161333830604,-0.013499648900002976,-0.06127449945998744,0.6163690823020115,-0.028499466082859387,-0.0252157751870108,-0.31232825577368606,0.03199092698208957,0.06657295861783105,-0.06531088705930968,0.390035293185396,0.08224532213363035,-0.05596714365156208,0.03447150587594823,country_FR (+0.616); referral_source_event (+0.390); days_since_last_activity (+0.200),tenure_months (-0.409); tenure_days (-0.409); country_US (-0.312)
A-67be94,-0.016240749231843883,-0.02314051556396136,-0.010261989989365899,-0.010261989989365972,-0.03374740520713475,-0.34753699470782223,-0.0016854774780280498,-0.29182204712239,0.011820377887335023,0.3696341186444455,0.039439934330517276,0.024574909077219702,0.00014736357634236903,-0.0036839805371336656,-0.009456650745481975,-0.8451604145475367,0.06413303808308064,0.0388996547257818,0.03943993433051716,-0.8467061787791004,-0.03143253792692404,-0.008664029848698835,1.513162296140712,-0.0017363872814420765,-0.1952022743700931,0.013626855673546847,-0.06499333512347424,-0.10110161333830604,-0.013499648900002976,-0.06127449945998744,-0.019062961308309635,-0.028499466082859387,-0.0252157751870108,0.199685278281537,-0.07464549629154232,0.06657295861783105,-0.06531088705930968,-0.07988674679700883,-0.22236698206500055,-0.05596714365156208,0.03447150587594823,engagement_trend_ratio (+1.513); total_errors (+0.370); country_US (+0.200),tenure_months (-0.847); tenure_days (-0.845); upgrade_flag (-0.348)
A-4e960a,0.019175214825136545,0.06942154669188408,-0.023272634008755396,-0.023272634008755566,-0.03374740520713475,0.0302206082354628,-0.0016854774780280498,0.08326051444876333,-0.0018810374213731177,0.21736465679297465,0.004537337577847121,0.04671446680444465,0.00014736357634236903,0.009653797727305374,-0.009456650745481975,-0.09660981212514051,0.199720856440545,0.02924061177142819,0.004537337577847101,-0.09678650756594753,-0.02279906882724285,0.049837402871279704,-0.018145151574822573,-0.0017363872814420765,-0.1952022743700931,-0.0015140950748385386,0.18498103073604205,-0.10110161333830604,-0.013499648900002976,-0.06127449945998744,-0.019062961308309635,-0.028499466082859387,-0.0252157751870108,0.199685278281537,-0.07464549629154232,0.06657295861783105,-0.06531088705930968,-0.07988674679700883,0.08224532213363035,0.21054306421301927,0.03447150587594823,total_errors (+0.217); referral_source_other (+0.211); days_since_last_activity (+0.200),industry_DevTools (-0.195); industry_HealthTech (-0.101); tenure_months (-0.097)
A-c37cab,0.0166455031067808,-0.02314051556396136,-0.020672992899718683,-0.02067299289971883,-0.03374740520713475,0.0302206082354628,-0.0016854774780280498,0.8490540776565348,-0.027170204703571805,-0.5059152870015119,-0.11413149138123142,0.002435351349994744,-0.002364515565857097,0.004233852496172905,0.03352812537034518,0.4076221908955014,0.22683842011203784,-0.007553232800393449,-0.11413149138123108,0.4083677154040235,-0.014838529480829556,0.05078345973608816,-0.5219999043883593,-0.0017363872814420765,-0.1952022743700931,-0.0015140950748385386,-0.06499333512347424,-0.10110161333830604,-0.013499648900002976,-0.06127449945998744,-0.019062961308309635,-0.028499466082859387,0.22694197668309718,-0.31232825577368606,0.03199092698208957,-0.10412693527404343,0.055635200087560094,0.390035293185396,0.08224532213363035,-0.05596714365156208,0.03447150587594823,total_usage_count (+0.849); tenure_months (+0.408); tenure_days (+0.408),engagement_trend_ratio (-0.522); total_errors (-0.506); country_US (-0.312)
A-533452,0.02676434998020378,-0.02314051556396136,-0.013819393612258247,-0.013819393612258346,0.11298044351953808,0.0302206082354628,-0.0016854774780280498,0.40755064580715633,-0.011503174703339208,-0.6581847488529826,-0.07922889462856125,0.002435351349994744,0.00014736357634236903,0.0045873271851598054,-0.009456650745481975,0.6831303987315221,0.02345669257584133,-0.097442038734856,-0.07922889462856103,0.6843798166144203,0.03674983744239255,0.05232782543674658,-0.9888060251821218,-0.0017363872814420765,0.6535032663694421,-0.0015140950748385386,-0.06499333512347424,-0.10110161333830604,-0.013499648900002976,-0.06127449945998744,-0.019062961308309635,-0.028499466082859387,-0.0252157751870108,-0.31232825577368606,0.03199092698208957,-0.10412693527404343,0.055635200087560094,-0.07988674679700883,-0.22236698206500055,-0.05596714365156208,0.03447150587594823,tenure_months (+0.684); tenure_days (+0.683); industry_DevTools (+0.654),engagement_trend_ratio (-0.989); total_errors (-0.658); country_US (-0.312)
A-443b7c,0.04700204372704973,-0.02314051556396136,-0.024217958048405114,-0.024217958048405288,-0.03374740520713475,0.0302206082354628,-0.0016854774780280498,0.49741417618357847,-0.02293365701034604,-0.08717426690996702,-0.09318993332962933,0.09099358225889458,0.004166370203861519,0.00953597283097641,-0.009456650745481975,0.5089884183068675,0.18616207460479856,-0.01656979457980322,-0.09318993332962906,0.5099193375474714,0.025044279235187795,0.05478787699531753,-0.7329344486403777,-0.0017363872814420765,-0.1952022743700931,-0.0015140950748385386,-0.06499333512347424,-0.10110161333830604,-0.013499648900002976,-0.06127449945998744,-0.019062961308309635,-0.028499466082859387,-0.0252157751870108,0.199685278281537,-0.07464549629154232,0.06657295861783105,0.055635200087560094,-0.07988674679700883,0.08224532213363035,0.21054306421301927,0.03447150587594823,tenure_months (+0.510); tenure_days (+0.509); total_usage_count (+0.497),engagement_trend_ratio (-0.733); industry_DevTools (-0.195); industry_HealthTech (-0.101)
A-1f7acb,-0.11236979452936219,0.06942154669188408,0.13230780135885828,0.13230780135885922,-0.03374740520713475,0.0302206082354628,-0.0016854774780280498,0.07544629441603097,-0.007067862741072135,-0.7723868452415857,-0.03036525917482304,0.06885402453166961,0.004166370203861519,-0.008087265234227634,-0.009456650745481975,-0.5228677940601161,-0.0036608710956515414,0.03485215895946619,-0.030365259174822946,-0.5238240981178821,-0.02607658342692463,-0.46598985245070335,1.4569468242750743,-0.0017363872814420765,-0.1952022743700931,-0.0015140950748385386,0.18498103073604205,-0.10110161333830604,-0.013499648900002976,-0.06127449945998744,-0.019062961308309635,-0.028499466082859387,0.22694197668309718,-0.31232825577368606,0.03199092698208957,0.06657295861783105,0.055635200087560094,-0.07988674679700883,0.08224532213363035,-0.05596714365156208,0.03447150587594823,engagement_trend_ratio (+1.457); country_UK (+0.227); industry_FinTech (+0.185),total_errors (-0.772); tenure_months (-0.524); tenure_days (-0.523)
A-f51f16,0.04700204372704973,-0.02314051556396136,-0.02563594410787969,-0.025635944107879872,-0.03374740520713475,0.0302206082354628,-0.0016854774780280498,-0.41684956764610787,0.0021403530734058736,-0.04910690144709932,0.07434253108318743,0.002435351349994744,-0.009900152992455497,0.00953597283097641,-0.009456650745481975,-0.15638989495748465,-0.07145478027438372,0.034399980432919405,0.0743425310831872,-0.15667592575310912,-0.028749543517516022,0.05506729025876015,-0.17647787518806127,-0.0017363872814420765,-0.1952022743700931,-0.0015140950748385386,-0.06499333512347424,0.35845117456308506,-0.013499648900002976,-0.06127449945998744,-0.019062961308309635,-0.028499466082859387,-0.0252157751870108,0.199685278281537,-0.07464549629154232,0.06657295861783105,0.055635200087560094,-0.07988674679700883,0.08224532213363035,-0.05596714365156208,-0.19533853329703998,industry_HealthTech (+0.358); country_US (+0.200); referral_source_organic (+0.082),total_usage_count (-0.417); referral_source_partner (-0.195); industry_DevTools (-0.195)
A-5a3eb9,0.003996944515002075,0.06942154669188408,-0.015137871878085482,-0.01513787187808559,-0.03374740520713475,0.0302206082354628,-0.0016854774780280498,0.9037536178856613,-0.034122343608622215,-0.27751109422430553,-0.12111201073176545,-0.019704206377230214,0.00014736357634236903,0.01695894129970132,-0.009456650745481975,-0.4864799175534718,-0.03077843476714441,0.029479776710173388,-0.12111201073176507,-0.48736966965613143,-0.03313033808961883,0.021021231681009406,0.1169632582187284,-0.0017363872814420765,0.6535032663694421,-0.0015140950748385386,-0.06499333512347424,-0.10110161333830604,0.2564933291000565,-0.06127449945998744,-0.019062961308309635,-0.028499466082859387,-0.0252157751870108,-0.31232825577368606,-0.07464549629154232,0.06657295861783105,0.055635200087560094,-0.07988674679700883,0.08224532213363035,0.21054306421301927,0.03447150587594823,total_usage_count (+0.904); industry_DevTools (+0.654); country_CA (+0.256),tenure_months (-0.487); tenure_days (-0.486); country_US (-0.312)
A-5f2961,0.0394129085719825,-0.02314051556396136,-0.022327309969105685,-0.022327309969105844,-0.03374740520713475,0.0302206082354628,-0.0016854774780280498,-0.5575055282352903,0.024204211495078634,0.29349938771871004,0.0883035697842555,-0.06398332183168014,0.00014736357634236903,-0.024044122622779125,-0.009456650745481975,0.7091217390934109,-0.5324533626897625,-0.05923506875428926,0.08830356978425523,0.7104186940870991,-0.014991397766946992,0.055249516300135776,-1.0284439954116391,-0.0017363872814420765,-0.1952022743700931,-0.0015140950748385386,-0.06499333512347424,0.35845117456308506,-0.013499648900002976,-0.06127449945998744,-0.019062961308309635,-0.028499466082859387,-0.0252157751870108,0.199685278281537,0.03199092698208957,0.06657295861783105,0.055635200087560094,-0.07988674679700883,0.08224532213363035,-0.05596714365156208,-0.19533853329703998,tenure_months (+0.710); tenure_days (+0.709); industry_HealthTech (+0.358),engagement_trend_ratio (-1.028); total_usage_count (-0.558); days_since_last_activity (-0.532)
A-417d2f,0.0394129085719825,0.06942154669188408,-0.005995593336736261,-0.005995593336736303,-0.03374740520713475,0.0302206082354628,-0.0016854774780280498,0.9037536178856613,-0.028754171507375203,-0.16330899783570246,-0.1560146074844356,0.04671446680444465,0.003496535765941654,-0.010612084441276912,-0.009456650745481975,-0.6086392172543489,-0.03077843476714441,0.030957721586639123,-0.15601460748443513,-0.6097523937777223,-0.028531160251633977,-0.01436610646970877,1.0156926733290894,-0.0017363872814420765,-0.1952022743700931,-0.0015140950748385386,-0.06499333512347424,-0.10110161333830604,-0.013499648900002976,-0.06127449945998744,-0.019062961308309635,0.32774385995288297,-0.0252157751870108,-0.31232825577368606,0.03199092698208957,-0.10412693527404343,-0.06531088705930968,-0.07988674679700883,0.08224532213363035,-0.05596714365156208,-0.19533853329703998,engagement_trend_ratio (+1.016); total_usage_count (+0.904); country_IN (+0.328),tenure_months (-0.610); tenure_days (-0.609); country_US (-0.312)
A-e98302,0.009056367951713567,0.06942154669188408,0.00924153756551244,0.009241537565512508,-0.03374740520713475,0.0302206082354628,-0.0016854774780280498,-0.8505387794627538,0.031515458009917584,0.33156675318157774,0.13018668588745969,0.11313313998611954,0.0015827230861706393,-0.011947433266338533,-0.009456650745481975,-0.15379076092129576,-0.017219652931397975,0.0379172671091044,0.13018668588745927,-0.15407203800584124,-0.016268733850408022,-0.028073021424059545,0.24208333850435743,-0.0017363872814420765,-0.1952022743700931,0.013626855673546847,-0.06499333512347424,-0.10110161333830604,-0.013499648900002976,-0.06127449945998744,-0.019062961308309635,-0.028499466082859387,-0.0252157751870108,0.199685278281537,-0.07464549629154232,0.06657295861783105,0.055635200087560094,-0.07988674679700883,0.08224532213363035,-0.05596714365156208,0.03447150587594823,total_errors (+0.332); engagement_trend_ratio (+0.242); country_US (+0.200),total_usage_count (-0.851); industry_DevTools (-0.195); tenure_months (-0.154)
A-8bde0c,0.019175214825136545,-0.02314051556396136,0.0035944702760259822,0.003594470276026009,-0.03374740520713475,0.0302206082354628,-0.0016854774780280498,1.1030162287203367,-0.04643138447595338,-0.6201173833901149,-0.2188392816392419,-0.019704206377230214,0.00014736357634236903,0.01460244337312198,-0.009456650745481975,0.6623373264420112,-0.09857234394587658,-0.11427497599112871,-0.21883928163924124,0.6635487146362771,0.00995026996800272,0.04531819704516419,-1.005692213933745,-0.0017363872814420765,0.6535032663694421,-0.0015140950748385386,-0.06499333512347424,-0.10110161333830604,-0.013499648900002976,-0.06127449945998744,-0.019062961308309635,-0.028499466082859387,-0.0252157751870108,0.199685278281537,0.03199092698208957,0.06657295861783105,-0.06531088705930968,-0.07988674679700883,-0.22236698206500055,-0.05596714365156208,0.03447150587594823,total_usage_count (+1.103); tenure_months (+0.664); tenure_days (+0.662),engagement_trend_ratio (-1.006); total_errors (-0.620); referral_source_organic (-0.222)
A-bcf87c,0.02423463826184803,-0.02314051556396136,0.015970752110913703,0.015970752110913818,-0.03374740520713475,0.0302206082354628,-0.0016854774780280498,0.0480965243014677,0.0013734713446563007,0.29349938771871004,-0.016404220473754973,-0.041843764104455165,0.00014736357634236903,-0.03818311018225514,-0.009456650745481975,0.3244499017374573,0.009897910740094896,0.014730573646993766,-0.016404220473754918,0.325043307491451,-0.028802679552797483,0.005635679206039214,-0.5027407628987416,-0.0017363872814420765,-0.1952022743700931,-0.0015140950748385386,0.18498103073604205,-0.10110161333830604,-0.013499648900002976,-0.06127449945998744,-0.019062961308309635,-0.028499466082859387,-0.0252157751870108,0.199685278281537,0.03199092698208957,-0.10412693527404343,-0.06531088705930968,0.390035293185396,0.08224532213363035,-0.05596714365156208,0.03447150587594823,referral_source_event (+0.390); tenure_months (+0.325); tenure_days (+0.324),engagement_trend_ratio (-0.503); industry_DevTools (-0.195); plan_tier_Pro (-0.104)
A-54ecc2,0.0394129085719825,-0.02314051556396136,0.04319857214766669,0.043198572147667,-0.03374740520713475,0.0302206082354628,-0.0016854774780280498,0.45443596600355046,-0.017021444564455042,-0.46784792153864413,-0.05130681722642513,0.024574909077219702,0.010194880145140235,-0.00198730202999654,-0.009456650745481975,-0.6684193000866931,-0.05789599843863728,0.03399028634066049,-0.051306817226424974,-0.6696418119648837,-0.030565693981758287,-0.19719844905142,0.26650253855380407,-0.0017363872814420765,-0.1952022743700931,-0.0015140950748385386,-0.06499333512347424,-0.10110161333830604,-0.013499648900002976,-0.06127449945998744,-0.019062961308309635,-0.028499466082859387,-0.0252157751870108,0.199685278281537,-0.07464549629154232,0.06657295861783105,-0.06531088705930968,-0.07988674679700883,0.08224532213363035,-0.05596714365156208,-0.19533853329703998,total_usage_count (+0.454); engagement_trend_ratio (+0.267); country_US (+0.200),tenure_months (-0.670); tenure_days (-0.668); total_errors (-0.468)
A-625d0b,0.02676434998020378,-0.02314051556396136,-0.00383129882490665,-0.003831298824906676,-0.03374740520713475,0.0302206082354628,-0.0016854774780280498,0.1496813847269884,0.0044988857916176545,-0.4297805560757765,-0.0443262978758911,0.024574909077219702,-0.009900152992455497,-0.017540188345420156,-0.009456650745481975,0.49859188216211203,-0.05789599843863728,-0.005661637951902385,-0.04432629787589098,0.4995037865583998,-0.0001822825493206043,0.039019889604565594,-0.5479754823735056,-0.0017363872814420765,-0.1952022743700931,0.013626855673546847,-0.06499333512347424,-0.10110161333830604,-0.013499648900002976,-0.06127449945998744,-0.019062961308309635,-0.028499466082859387,-0.0252157751870108,-0.31232825577368606,0.03199092698208957,0.06657295861783105,0.055635200087560094,-0.07988674679700883,0.08224532213363035,-0.05596714365156208,0.03447150587594823,tenure_months (+0.500); tenure_days (+0.499); total_usage_count (+0.150),engagement_trend_ratio (-0.548); total_errors (-0.430); country_US (-0.312)
A-fce879,0.02423463826184803,0.06942154669188408,-0.02114565491954354,-0.021145654919543694,-0.03374740520713475,0.0302206082354628,-0.0016854774780280498,-0.7489539190372331,0.026398302640191808,0.48383621503304863,0.13018668588745969,-0.041843764104455165,0.00014736357634236903,0.011303346275910913,-0.009456650745481975,0.6285485839715558,-0.17992503496035522,-0.004037081065641086,0.13018668588745927,0.6296981739217945,-0.012283445270009593,0.05396482270843762,-0.864009447533712,-0.0017363872814420765,-0.1952022743700931,0.013626855673546847,-0.06499333512347424,-0.10110161333830604,-0.013499648900002976,-0.06127449945998744,-0.019062961308309635,-0.028499466082859387,0.22694197668309718,-0.31232825577368606,0.03199092698208957,-0.10412693527404343,0.055635200087560094,-0.07988674679700883,0.08224532213363035,-0.05596714365156208,-0.19533853329703998,tenure_months (+0.630); tenure_days (+0.629); total_errors (+0.484),engagement_trend_ratio (-0.864); total_usage_count (-0.749); country_US (-0.312)
A-b07b56,-0.013711037513488138,-0.02314051556396136,-0.026108606127704544,-0.026108606127704735,-0.03374740520713475,0.0302206082354628,-0.0016854774780280498,0.5560208264290712,-0.018027560606715672,-0.46784792153864413,-0.09318993332962933,0.002435351349994744,-0.009900152992455497,0.006708175319081208,-0.009456650745481975,0.6909278008400889,0.2132796382762914,-0.11664190575358123,-0.09318993332962906,0.6921914798562239,0.04166956480484092,0.056197091715289034,-0.8735855027345897,-0.0017363872814420765,0.6535032663694421,-0.0015140950748385386,-0.06499333512347424,-0.10110161333830604,-0.013499648900002976,-0.06127449945998744,-0.019062961308309635,-0.028499466082859387,-0.0252157751870108,0.199685278281537,0.03199092698208957,-0.10412693527404343,0.055635200087560094,0.390035293185396,0.08224532213363035,-0.05596714365156208,0.03447150587594823,tenure_months (+0.692); tenure_days (+0.691); industry_DevTools (+0.654),engagement_trend_ratio (-0.874); total_errors (-0.468); usage_rate_per_day (-0.117)
A-6da850,0.03688319685362675,-0.02314051556396136,-0.02469062006822997,-0.02469062006823015,-0.03374740520713475,0.0302206082354628,-0.0016854774780280498,0.872496737754732,-0.01849270997859584,-1.0388584034816597,-0.12809253008229948,0.024574909077219702,0.00014736357634236903,-0.018388527598988718,-0.009456650745481975,-0.3617214838164058,0.18616207460479856,0.027862932827375855,-0.12809253008229912,-0.3623830577872725,-0.028441095312711443,0.05208789448226868,-0.10547166463373572,-0.0017363872814420765,-0.1952022743700931,-0.0015140950748385386,0.18498103073604205,-0.10110161333830604,-0.013499648900002976,-0.06127449945998744,-0.019062961308309635,0.32774385995288297,-0.0252157751870108,-0.31232825577368606,0.03199092698208957,-0.10412693527404343,0.055635200087560094,-0.07988674679700883,-0.22236698206500055,-0.05596714365156208,0.03447150587594823,total_usage_count (+0.872); country_IN (+0.328); days_since_last_activity (+0.186),total_errors (-1.039); tenure_months (-0.362); tenure_days (-0.362)
A-342303,0.04700204372704973,0.06942154669188408,-0.026108606127704544,-0.026108606127704735,-0.03374740520713475,0.0302206082354628,-0.0016854774780280498,-1.3662773016230896,0.06512198784921586,0.826442504198858,0.22093343744440208,-0.019704206377230214,0.005171121860741302,0.00941814793464745,-0.009456650745481975,0.05673909601000315,-0.23416016230334097,0.04087960300283925,0.2209334374444014,0.056842869522858136,-0.029126442912598655,0.056197091715289034,-0.10426804933604664,-0.0017363872814420765,-0.1952022743700931,0.013626855673546847,-0.06499333512347424,-0.10110161333830604,-0.013499648900002976,-0.06127449945998744,-0.019062961308309635,-0.028499466082859387,-0.0252157751870108,0.199685278281537,0.03199092698208957,-0.10412693527404343,0.055635200087560094,-0.07988674679700883,0.08224532213363035,0.21054306421301927,0.03447150587594823,total_errors (+0.826); distinct_features_used (+0.221); feature_breadth_ratio (+0.221),total_usage_count (-1.366); days_since_last_activity (-0.234); industry_DevTools (-0.195)
A-e7a1e2,0.041942620290338246,-0.02314051556396136,0.0828026740193074,0.08280267401930799,-0.03374740520713475,0.0302206082354628,-0.0016854774780280498,0.8295185275747039,-0.03619604917841398,-0.353645825150041,-0.12111201073176545,-0.06398332183168014,0.00014736357634236903,-0.012732932575198313,-0.009456650745481975,0.31405336559270186,0.10480938359031995,0.0029735493980482396,-0.12111201073176507,0.31462775650237945,-0.03384782091316027,-0.07746698841296999,-0.5062918829649624,-0.0017363872814420765,-0.1952022743700931,-0.0015140950748385386,-0.06499333512347424,-0.10110161333830604,-0.013499648900002976,-0.06127449945998744,-0.019062961308309635,-0.028499466082859387,-0.0252157751870108,0.199685278281537,-0.07464549629154232,0.06657295861783105,0.055635200087560094,0.390035293185396,0.08224532213363035,-0.05596714365156208,0.03447150587594823,total_usage_count (+0.830); referral_source_event (+0.390); tenure_months (+0.315),engagement_trend_ratio (-0.506); total_errors (-0.354); industry_DevTools (-0.195)
A-f1f639,0.044472332008693986,-0.02314051556396136,-0.00383129882490665,-0.003831298824906676,-0.03374740520713475,0.0302206082354628,-0.0016854774780280498,-1.374091521655822,0.05490304548108193,0.6361056768845195,0.22093343744440208,0.06885402453166961,0.00818537683138066,0.022614536323491724,-0.009456650745481975,-0.941328373886525,0.0912506017545735,0.044201883592963835,0.2209334374444014,-0.9430500254280124,-0.02908862079903763,-0.0402815268066076,0.5550378625211488,-0.0017363872814420765,-0.1952022743700931,0.013626855673546847,-0.06499333512347424,-0.10110161333830604,-0.013499648900002976,-0.06127449945998744,-0.019062961308309635,-0.028499466082859387,-0.0252157751870108,0.199685278281537,0.03199092698208957,0.06657295861783105,-0.06531088705930968,-0.07988674679700883,0.08224532213363035,-0.05596714365156208,0.03447150587594823,total_errors (+0.636); engagement_trend_ratio (+0.555); distinct_features_used (+0.221),total_usage_count (-1.374); tenure_months (-0.943); tenure_days (-0.941)
A-a865bd,-0.04659728985211281,-0.02314051556396136,0.008022567093332544,0.008022567093332602,0.11298044351953808,0.0302206082354628,-0.0016854774780280498,-1.0185445101664996,0.046182519316416606,0.5219035804959163,0.15112824393906177,-0.041843764104455165,-0.009900152992455497,0.006354700630094307,-0.009456650745481975,-0.4085058964678056,0.06413303808308064,0.04082978553641727,0.15112824393906132,-0.40925303723809464,-0.03474530497408359,-0.04665959810215921,0.7410241004373307,-0.0017363872814420765,-0.1952022743700931,-0.0015140950748385386,-0.06499333512347424,-0.10110161333830604,-0.013499648900002976,-0.06127449945998744,-0.019062961308309635,-0.028499466082859387,-0.0252157751870108,0.199685278281537,0.03199092698208957,-0.10412693527404343,-0.06531088705930968,-0.07988674679700883,-0.22236698206500055,-0.05596714365156208,0.03447150587594823,engagement_trend_ratio (+0.741); total_errors (+0.522); country_US (+0.200),total_usage_count (-1.019); tenure_months (-0.409); tenure_days (-0.409)
A-4e631b,-0.006121902358420903,-0.02314051556396136,-0.02090932390963111,-0.020909323909631263,-0.03374740520713475,0.0302206082354628,-0.0016854774780280498,0.044189414285101515,-0.0022524397282157635,-0.08717426690996702,-0.009423701123220942,-0.041843764104455165,0.00014736357634236903,0.016251991921727518,-0.009456650745481975,0.05673909601000315,0.07769181991882708,0.02610806986371252,-0.009423701123220933,0.056842869522858136,-0.032312955980115514,0.04650874051548493,-0.39310601991849564,-0.0017363872814420765,-0.1952022743700931,-0.0015140950748385386,0.18498103073604205,-0.10110161333830604,-0.013499648900002976,-0.06127449945998744,-0.019062961308309635,-0.028499466082859387,-0.0252157751870108,0.199685278281537,-0.07464549629154232,0.06657295861783105,0.055635200087560094,-0.07988674679700883,0.08224532213363035,0.21054306421301927,0.03447150587594823,referral_source_other (+0.211); country_US (+0.200); industry_FinTech (+0.185),engagement_trend_ratio (-0.393); industry_DevTools (-0.195); industry_HealthTech (-0.101)
A-7f6b86,-0.06430527188060303,0.06942154669188408,-0.015473710681645249,-0.01547371068164536,-0.03374740520713475,0.0302206082354628,-0.0016854774780280498,-0.2761936070569253,0.003084995630395996,0.48383621503304863,0.05340097303158535,0.06885402453166961,-0.0032018086132569205,-0.006269395405152137,-0.009456650745481975,-0.023834059111851987,0.17260329276905212,0.03112305641681031,0.05340097303158518,-0.023877650642446527,-0.018534513183500592,0.03426163198469811,0.28991283708801285,-0.0017363872814420765,-0.1952022743700931,-0.0015140950748385386,-0.06499333512347424,0.35845117456308506,-0.013499648900002976,-0.06127449945998744,-0.019062961308309635,-0.028499466082859387,-0.0252157751870108,0.199685278281537,0.03199092698208957,0.06657295861783105,0.055635200087560094,-0.07988674679700883,0.08224532213363035,-0.05596714365156208,-0.19533853329703998,total_errors (+0.484); industry_HealthTech (+0.358); engagement_trend_ratio (+0.290),total_usage_count (-0.276); referral_source_partner (-0.195); industry_DevTools (-0.195)
A-8adedc,0.0394129085719825,0.06942154669188408,0.01533638992641192,0.015336389926412033,-0.03374740520713475,0.0302206082354628,-0.0016854774780280498,0.36066532561076214,-0.008056049016795535,-0.23944372876143785,-0.09318993332962933,0.002435351349994744,0.00014736357634236903,-0.018742002287975616,-0.009456650745481975,-0.031631461220418614,0.24039720194778427,0.025297027270953454,-0.09318993332962906,-0.031689313884250316,-0.02727747854008888,-0.030085979791641362,-0.3671574794457231,-0.0017363872814420765,-0.1952022743700931,0.013626855673546847,-0.06499333512347424,-0.10110161333830604,-0.013499648900002976,-0.06127449945998744,-0.019062961308309635,-0.028499466082859387,-0.0252157751870108,0.199685278281537,0.03199092698208957,0.06657295861783105,0.055635200087560094,0.390035293185396,0.08224532213363035,-0.05596714365156208,0.03447150587594823,referral_source_event (+0.390); total_usage_count (+0.361); days_since_last_activity (+0.240),engagement_trend_ratio (-0.367); total_errors (-0.239); industry_DevTools (-0.195)
A-2edab2,0.006526656233357821,-0.02314051556396136,-0.01574735711417543,-0.01574735711417554,-0.03374740520713475,0.0302206082354628,-0.0016854774780280498,-0.014417235960391196,-0.005395783941714348,0.0270278294786361,0.032459414979983246,0.002435351349994744,-0.009900152992455497,0.00847554876401571,-0.009456650745481975,-0.25515698833266187,0.11836816542606639,0.03255421083699944,0.03245941497998317,-0.255623660149289,-0.02967048172900397,0.028900749649053342,-0.07745672600864136,-0.0017363872814420765,-0.1952022743700931,-0.0015140950748385386,-0.06499333512347424,0.35845117456308506,-0.013499648900002976,-0.06127449945998744,-0.019062961308309635,-0.028499466082859387,-0.0252157751870108,0.199685278281537,-0.07464549629154232,0.06657295861783105,-0.06531088705930968,0.390035293185396,0.08224532213363035,-0.05596714365156208,0.03447150587594823,referral_source_event (+0.390); industry_HealthTech (+0.358); country_US (+0.200),tenure_months (-0.256); tenure_days (-0.255); industry_DevTools (-0.195)
A-149a69,-0.03647844297868984,-0.02314051556396136,-0.01807335179068197,-0.018073351790682094,-0.03374740520713475,0.0302206082354628,-0.0016854774780280498,-1.1045009305265556,0.046298294380342726,0.6741730423473873,0.193011360042266,0.09099358225889458,0.002156866890101944,0.0029966910847187534,-0.009456650745481975,0.6155529137906115,-1.6035971277137309,0.013739809244543441,0.19301136004226538,0.616678735185455,0.05988348877337202,0.05232478833605699,-1.0284439954116391,-0.0017363872814420765,0.6535032663694421,-0.0015140950748385386,-0.06499333512347424,-0.10110161333830604,-0.013499648900002976,-0.06127449945998744,-0.019062961308309635,-0.028499466082859387,-0.0252157751870108,0.199685278281537,0.03199092698208957,0.06657295861783105,-0.06531088705930968,0.390035293185396,0.08224532213363035,-0.05596714365156208,0.03447150587594823,total_errors (+0.674); industry_DevTools (+0.654); tenure_months (+0.617),days_since_last_activity (-1.604); total_usage_count (-1.105); engagement_trend_ratio (-1.028)
A-a6d261,0.02676434998020378,-0.02314051556396136,-0.023036302998842968,-0.023036302998843138,-0.03374740520713475,-0.34753699470782223,-0.0016854774780280498,0.5325781663308741,-0.01996038943942919,-0.08717426690996702,-0.11413149138123142,0.002435351349994744,0.006845707955540948,-0.005663438795460306,0.03352812537034518,-0.22396737989839538,0.22683842011203784,0.0279551540685146,-0.11413149138123108,-0.2243770071820744,-0.02939865759675839,0.04834011223130997,-0.10580986536076493,-0.0017363872814420765,-0.1952022743700931,-0.0015140950748385386,0.18498103073604205,-0.10110161333830604,0.2564933291000565,-0.06127449945998744,-0.019062961308309635,-0.028499466082859387,-0.0252157751870108,-0.31232825577368606,0.03199092698208957,-0.10412693527404343,0.055635200087560094,-0.07988674679700883,0.08224532213363035,0.21054306421301927,0.03447150587594823,total_usage_count (+0.533); country_CA (+0.256); days_since_last_activity (+0.227),upgrade_flag (-0.348); country_US (-0.312); tenure_months (-0.224)
A-443f6f,0.0014672327966463318,-0.02314051556396136,-0.014528386641995534,-0.014528386641995638,-0.03374740520713475,0.0302206082354628,-0.0016854774780280498,0.14186716469425606,-0.004035683080104384,-0.04910690144709932,-0.05130681722642513,0.002435351349994744,0.006845707955540948,0.011303346275910913,-0.009456650745481975,0.7481087496362441,0.17260329276905212,-0.21391570418898134,-0.051306817226424974,0.7494770102961175,0.11532881614816519,0.0544112765098079,-0.8590772365720122,-0.0017363872814420765,-0.1952022743700931,-0.0015140950748385386,-0.06499333512347424,-0.10110161333830604,-0.013499648900002976,-0.06127449945998744,-0.019062961308309635,-0.028499466082859387,-0.0252157751870108,0.199685278281537,0.03199092698208957,0.06657295861783105,-0.06531088705930968,-0.07988674679700883,-0.22236698206500055,-0.05596714365156208,0.03447150587594823,tenure_months (+0.749); tenure_days (+0.748); country_US (+0.200),engagement_trend_ratio (-0.859); referral_source_organic (-0.222); usage_rate_per_day (-0.214)
A-202b67,0.02170492654349229,-0.02314051556396136,0.04567382851464424,0.04567382851464456,-0.03374740520713475,0.0302206082354628,-0.0016854774780280498,-0.17070163661503843,0.020366729177067243,-0.5059152870015119,-0.00244318177268691,0.002435351349994744,0.006845707955540948,-0.0010682678386306009,-0.009456650745481975,0.0723339002271364,0.199720856440545,0.027972161157009918,-0.0024431817726868854,0.0724661960064653,-0.025670647050643765,-0.07479497919574635,0.06333815844092039,-0.0017363872814420765,-0.1952022743700931,-0.0015140950748385386,-0.06499333512347424,0.35845117456308506,-0.013499648900002976,-0.06127449945998744,-0.019062961308309635,-0.028499466082859387,-0.0252157751870108,0.199685278281537,0.03199092698208957,-0.10412693527404343,-0.06531088705930968,-0.07988674679700883,-0.22236698206500055,-0.05596714365156208,0.03447150587594823,industry_HealthTech (+0.358); days_since_last_activity (+0.200); country_US (+0.200),total_errors (-0.506); referral_source_organic (-0.222); industry_DevTools (-0.195)
A-00bed1,-0.02130017266855537,0.06942154669188408,0.04319857214766669,0.043198572147667,0.11298044351953808,0.0302206082354628,-0.0016854774780280498,0.09107473448149568,0.003348819338015255,-0.011039535984231606,-0.016404220473754973,0.002435351349994744,0.00014736357634236903,0.006001225941107407,-0.009456650745481975,-0.26295439044122854,0.009897910740094896,0.031880830153493786,-0.016404220473754918,-0.26343532339109277,-0.02973596962527137,-0.12772620940360524,0.2861033788667045,-0.0017363872814420765,-0.1952022743700931,-0.0015140950748385386,-0.06499333512347424,-0.10110161333830604,-0.013499648900002976,-0.06127449945998744,-0.019062961308309635,-0.028499466082859387,-0.0252157751870108,0.199685278281537,0.03199092698208957,0.06657295861783105,0.055635200087560094,-0.07988674679700883,0.08224532213363035,-0.05596714365156208,0.03447150587594823,engagement_trend_ratio (+0.286); country_US (+0.200); auto_renew_flag (+0.113),tenure_months (-0.263); tenure_days (-0.263); industry_DevTools (-0.195)
A-ffc04f,0.0166455031067808,-0.02314051556396136,-0.023036302998842968,-0.023036302998843138,-0.03374740520713475,0.0302206082354628,-0.0016854774780280498,1.4312134700950958,-0.0650983205573867,-1.4195320581103366,-0.2677029170929801,0.06885402453166961,0.005171121860741302,0.025846304908514812,0.03352812537034518,0.26986808697749093,-0.05789599843863728,-0.0022424618698815377,-0.2677029170929793,0.27036166479882523,-0.007586840158133796,0.05209093158295827,-0.5821967390491154,-0.0017363872814420765,-0.1952022743700931,0.013626855673546847,-0.06499333512347424,-0.10110161333830604,-0.013499648900002976,-0.06127449945998744,-0.019062961308309635,-0.028499466082859387,-0.0252157751870108,0.199685278281537,0.03199092698208957,-0.10412693527404343,-0.06531088705930968,-0.07988674679700883,0.08224532213363035,-0.05596714365156208,0.03447150587594823,total_usage_count (+1.431); tenure_months (+0.270); tenure_days (+0.270),total_errors (-1.420); engagement_trend_ratio (-0.582); distinct_features_used (-0.268)
A-65c341,0.02170492654349229,0.06942154669188408,-0.0023386819201965726,-0.0023386819201965878,-0.03374740520713475,0.0302206082354628,-0.0016854774780280498,-0.31526470722058714,0.0016408810055830053,0.33156675318157774,0.06736201173265341,0.024574909077219702,0.00014736357634236903,-0.0076428970537869454,-0.009456650745481975,-0.15379076092129576,0.15904451093330568,0.033535361414250286,0.06736201173265317,-0.15407203800584124,-0.02623195530140411,-0.0004672947059970831,-0.5492130527858765,-0.0017363872814420765,-0.1952022743700931,-0.0015140950748385386,0.18498103073604205,-0.10110161333830604,-0.013499648900002976,-0.06127449945998744,-0.019062961308309635,-0.028499466082859387,-0.0252157751870108,0.199685278281537,0.03199092698208957,-0.10412693527404343,-0.06531088705930968,-0.07988674679700883,0.08224532213363035,-0.05596714365156208,0.03447150587594823,total_errors (+0.332); country_US (+0.200); industry_FinTech (+0.185),engagement_trend_ratio (-0.549); total_usage_count (-0.315); industry_DevTools (-0.195)
A-dcc2f0,0.01158607967006931,-0.02314051556396136,-0.018546013810506825,-0.018546013810506957,0.11298044351953808,0.0302206082354628,-0.0016854774780280498,1.3374428297023073,-0.04786115528753658,0.0270278294786361,-0.18393668488657175,-0.041843764104455165,0.00014736357634236903,0.012717245031858513,-0.009456650745481975,-0.5618548046029492,0.17260329276905212,0.027928162552925614,-0.1839366848865712,-0.5628824143269004,-0.03518564579098297,0.030539665089600963,0.4680785619741905,-0.0017363872814420765,-0.1952022743700931,-0.0015140950748385386,0.18498103073604205,-0.10110161333830604,-0.013499648900002976,-0.06127449945998744,-0.019062961308309635,-0.028499466082859387,0.22694197668309718,-0.31232825577368606,0.03199092698208957,0.06657295861783105,0.055635200087560094,-0.07988674679700883,-0.22236698206500055,-0.05596714365156208,0.03447150587594823,total_usage_count (+1.337); engagement_trend_ratio (+0.468); country_UK (+0.227),tenure_months (-0.563); tenure_days (-0.562); country_US (-0.312)
A-ced9aa,0.041942620290338246,-0.02314051556396136,-0.0242801504194347,-0.024280150419434876,-0.03374740520713475,0.0302206082354628,-0.0016854774780280498,0.15749560475972077,-0.008554496526530562,-0.46784792153864413,-0.016404220473754973,0.06885402453166961,-0.009900152992455497,0.010091433056527254,-0.009456650745481975,0.584363305356345,-0.09857234394587658,-0.025776428807790807,-0.016404220473754918,0.5854320822182403,0.035665989460243956,0.05517494748583602,-0.943896435365394,-0.0017363872814420765,0.6535032663694421,-0.0015140950748385386,-0.06499333512347424,-0.10110161333830604,-0.013499648900002976,-0.06127449945998744,-0.019062961308309635,-0.028499466082859387,-0.0252157751870108,0.199685278281537,-0.07464549629154232,0.06657295861783105,0.055635200087560094,-0.07988674679700883,0.08224532213363035,0.21054306421301927,0.03447150587594823,industry_DevTools (+0.654); tenure_months (+0.585); tenure_days (+0.584),engagement_trend_ratio (-0.944); total_errors (-0.468); industry_HealthTech (-0.101)
A-3d957b,0.014115791388425052,-0.02314051556396136,0.00854498300998107,0.008544983009981133,0.11298044351953808,0.0302206082354628,-0.0016854774780280498,-1.3584630815903576,0.05459465349664156,0.5219035804959163,0.21395291809386804,-0.019704206377230214,-0.009900152992455497,-0.007548637136723778,-0.009456650745481975,0.10612264269759178,-0.735835090225959,0.040387525578501234,0.2139529180938674,0.1063167367209482,-0.028456216916847882,-0.004145783107011622,-0.7127997712389903,-0.0017363872814420765,-0.1952022743700931,-0.0015140950748385386,-0.06499333512347424,0.35845117456308506,-0.013499648900002976,-0.06127449945998744,-0.019062961308309635,-0.028499466082859387,0.22694197668309718,-0.31232825577368606,0.03199092698208957,-0.10412693527404343,0.055635200087560094,-0.07988674679700883,0.08224532213363035,0.21054306421301927,0.03447150587594823,total_errors (+0.522); industry_HealthTech (+0.358); country_UK (+0.227),total_usage_count (-1.358); days_since_last_activity (-0.736); engagement_trend_ratio (-0.713)
A-89ee83,0.04700204372704973,-0.02314051556396136,0.018446008477891244,0.01844600847789138,-0.03374740520713475,0.0302206082354628,-0.0016854774780280498,0.29033734531617095,-0.011451946798947118,0.0270278294786361,-0.08620941397909528,0.024574909077219702,0.00014736357634236903,0.02006951856278604,0.03352812537034518,0.581764171320156,0.05057425624733421,-0.029538129358519065,-0.08620941397909503,0.5828281944709724,0.013819062747344343,0.031003861952894656,-0.7584151150473063,-0.0017363872814420765,-0.1952022743700931,-0.0015140950748385386,-0.06499333512347424,-0.10110161333830604,-0.013499648900002976,-0.06127449945998744,-0.019062961308309635,-0.028499466082859387,-0.0252157751870108,0.199685278281537,0.03199092698208957,-0.10412693527404343,-0.06531088705930968,-0.07988674679700883,-0.22236698206500055,-0.05596714365156208,0.03447150587594823,tenure_months (+0.583); tenure_days (+0.582); total_usage_count (+0.290),engagement_trend_ratio (-0.758); referral_source_organic (-0.222); industry_DevTools (-0.195)
A-883b7d,0.006526656233357821,-0.02314051556396136,0.09765421222117265,0.09765421222117336,-0.03374740520713475,0.0302206082354628,-0.0016854774780280498,0.5989990366090993,-0.020103315292683117,-0.5059152870015119,-0.12111201073176545,0.06885402453166961,-0.0038716430511767756,0.014737100397497942,0.03352812537034518,0.08792870444426966,0.22683842011203784,0.019160188775016674,-0.12111201073176507,0.08808952249007272,-0.015417559355943432,-0.16487986137642927,-0.27145378655922997,-0.0017363872814420765,-0.1952022743700931,-0.0015140950748385386,-0.06499333512347424,-0.10110161333830604,-0.013499648900002976,-0.06127449945998744,-0.019062961308309635,0.32774385995288297,-0.0252157751870108,-0.31232825577368606,0.03199092698208957,0.06657295861783105,0.055635200087560094,-0.07988674679700883,0.08224532213363035,0.21054306421301927,0.03447150587594823,total_usage_count (+0.599); country_IN (+0.328); days_since_last_activity (+0.227),total_errors (-0.506); country_US (-0.312); engagement_trend_ratio (-0.271)
A-dcc3f1,-0.003592190640065158,-0.02314051556396136,-0.02114565491954354,-0.021145654919543694,0.11298044351953808,0.0302206082354628,-0.0016854774780280498,0.03637519425236916,0.0063077430957023195,-0.20137636329857014,-0.00244318177268691,0.11313313998611954,-0.001862139737417206,0.0004634558136459707,-0.009456650745481975,-0.1511916268851069,0.14548572909755925,0.03061351464987726,-0.0024431817726868854,-0.15146815025857335,-0.016208146692935747,0.04439795553621728,0.03639325264620773,-0.0017363872814420765,-0.1952022743700931,-0.0015140950748385386,-0.06499333512347424,0.35845117456308506,-0.013499648900002976,-0.06127449945998744,-0.019062961308309635,-0.028499466082859387,-0.0252157751870108,0.199685278281537,0.03199092698208957,-0.10412693527404343,0.055635200087560094,0.390035293185396,0.08224532213363035,-0.05596714365156208,0.03447150587594823,referral_source_event (+0.390); industry_HealthTech (+0.358); country_US (+0.200),total_errors (-0.201); industry_DevTools (-0.195); tenure_months (-0.151)
A-c62e55,0.04700204372704973,0.06942154669188408,-0.017575812822445275,-0.0175758128224454,-0.03374740520713475,0.0302206082354628,-0.0016854774780280498,-0.6004837384153183,0.032389406058846625,0.5219035804959163,0.09528408913478954,0.002435351349994744,0.00014736357634236903,0.012010295653884713,-0.009456650745481975,-0.9881127865379249,-0.017219652931397975,0.0408702603682341,0.09528408913478921,-0.9899200048788344,-0.03334442841815564,0.018256351121646083,1.8286667278452395,-0.0017363872814420765,-0.1952022743700931,0.013626855673546847,-0.06499333512347424,-0.10110161333830604,-0.013499648900002976,-0.06127449945998744,-0.019062961308309635,-0.028499466082859387,-0.0252157751870108,0.199685278281537,0.03199092698208957,0.06657295861783105,0.055635200087560094,-0.07988674679700883,0.08224532213363035,-0.05596714365156208,-0.19533853329703998,engagement_trend_ratio (+1.829); total_errors (+0.522); country_US (+0.200),tenure_months (-0.990); tenure_days (-0.988); total_usage_count (-0.600)
A-e4144b,-0.05418642500718006,-0.02314051556396136,0.07537690491837476,0.0753769049183753,-0.03374740520713475,0.0302206082354628,-0.0016854774780280498,-0.20195851674596785,0.008644247815025501,0.21736465679297465,0.032459414979983246,-0.019704206377230214,0.00014736357634236903,-0.02969971764656953,-0.009456650745481975,0.6285485839715558,0.1319269472618128,-0.027769738186675733,0.03245941497998317,0.6296981739217945,0.0009178231525602089,0.010550267587718421,-0.7607521187279057,-0.0017363872814420765,-0.1952022743700931,0.013626855673546847,-0.06499333512347424,-0.10110161333830604,-0.013499648900002976,-0.06127449945998744,-0.019062961308309635,-0.028499466082859387,0.22694197668309718,-0.31232825577368606,0.03199092698208957,-0.10412693527404343,0.055635200087560094,-0.07988674679700883,0.08224532213363035,0.21054306421301927,0.03447150587594823,tenure_months (+0.630); tenure_days (+0.629); country_UK (+0.227),engagement_trend_ratio (-0.761); country_US (-0.312); total_usage_count (-0.202)
A-e40f45,-0.003592190640065158,-0.02314051556396136,-0.02114565491954354,-0.021145654919543694,0.11298044351953808,0.0302206082354628,-0.0016854774780280498,-0.3504286973678828,0.013993977870691362,0.0270278294786361,0.011517856928381155,0.06885402453166961,0.003496535765941654,0.013121216104986398,-0.009456650745481975,0.14251051920423607,0.2132796382762914,0.028133927432530754,0.011517856928381084,0.14277116518269856,-0.013516248546825453,0.04800147550442027,-0.2107367309643757,-0.0017363872814420765,-0.1952022743700931,-0.0015140950748385386,-0.06499333512347424,0.35845117456308506,-0.013499648900002976,-0.06127449945998744,-0.019062961308309635,-0.028499466082859387,-0.0252157751870108,0.199685278281537,0.03199092698208957,-0.10412693527404343,-0.06531088705930968,-0.07988674679700883,-0.22236698206500055,-0.05596714365156208,0.03447150587594823,industry_HealthTech (+0.358); days_since_last_activity (+0.213); country_US (+0.200),total_usage_count (-0.350); referral_source_organic (-0.222); engagement_trend_ratio (-0.211)
A-96215d,0.02423463826184803,-0.02314051556396136,-0.020013753766805066,-0.02001375376680521,0.11298044351953808,0.0302206082354628,-0.0016854774780280498,-0.5614126382516565,0.02347728753175489,0.21736465679297465,0.1092451278358576,-0.06398332183168014,-0.009900152992455497,0.015545042543753716,-0.009456650745481975,0.43361353125739016,-0.09857234394587658,0.018251741989163125,0.10924512783585726,0.4344065928767025,-0.032312955980115514,0.050518512662772276,-0.6387515813945664,-0.0017363872814420765,-0.1952022743700931,-0.0015140950748385386,0.18498103073604205,-0.10110161333830604,-0.013499648900002976,-0.06127449945998744,-0.019062961308309635,-0.028499466082859387,-0.0252157751870108,0.199685278281537,-0.07464549629154232,0.06657295861783105,0.055635200087560094,0.390035293185396,0.08224532213363035,-0.05596714365156208,0.03447150587594823,tenure_months (+0.434); tenure_days (+0.434); referral_source_event (+0.390),engagement_trend_ratio (-0.639); total_usage_count (-0.561); industry_DevTools (-0.195)
A-2b9d3e,0.04700204372704973,-0.02314051556396136,-0.02115809339374946,-0.021158093393749612,-0.03374740520713475,0.0302206082354628,-0.0016854774780280498,-0.18242296666413696,0.003935378843304675,0.29349938771871004,0.025478895629449216,-0.019704206377230214,0.010194880145140235,0.0018773545695935723,-0.009456650745481975,-0.6866132383400152,0.05057425624733421,0.03750213218697938,0.025478895629449123,-0.6878690261957591,-0.03387301966942063,0.03787474279718404,0.45545195642041963,-0.0017363872814420765,-0.1952022743700931,0.013626855673546847,-0.06499333512347424,-0.10110161333830604,-0.013499648900002976,-0.06127449945998744,-0.019062961308309635,-0.028499466082859387,-0.0252157751870108,0.199685278281537,-0.07464549629154232,0.06657295861783105,-0.06531088705930968,-0.07988674679700883,0.08224532213363035,-0.05596714365156208,-0.19533853329703998,engagement_trend_ratio (+0.455); total_errors (+0.293); country_US (+0.200),tenure_months (-0.688); tenure_days (-0.687); referral_source_partner (-0.195)
A-b7724f,0.04700204372704973,-0.02314051556396136,-0.01925500684024411,-0.01925500684024425,-0.03374740520713475,0.0302206082354628,-0.0016854774780280498,-0.4324780077115726,0.029210202312273573,0.4077014841073132,0.06038149238211938,-0.019704206377230214,-0.009900152992455497,0.010360747105279176,-0.009456650745481975,-0.8633543528008588,-0.07145478027438372,0.03964722289596523,0.06038149238211917,-0.8649333930099756,-0.03438122067300688,0.027836645475862523,3.846258706071591,-0.0017363872814420765,-0.1952022743700931,-0.0015140950748385386,-0.06499333512347424,0.35845117456308506,-0.013499648900002976,-0.06127449945998744,-0.019062961308309635,-0.028499466082859387,0.22694197668309718,-0.31232825577368606,0.03199092698208957,0.06657295861783105,-0.06531088705930968,-0.07988674679700883,-0.22236698206500055,-0.05596714365156208,0.03447150587594823,engagement_trend_ratio (+3.846); total_errors (+0.408); industry_HealthTech (+0.358),tenure_months (-0.865); tenure_days (-0.863); total_usage_count (-0.432)
A-310452,0.02676434998020378,-0.02314051556396136,-0.020623239002895016,-0.02062323900289516,-0.03374740520713475,0.0302206082354628,-0.0016854774780280498,-0.8700743295445847,0.04338496345756462,0.4077014841073132,0.15112824393906177,0.024574909077219702,-0.0038716430511767756,0.0025371739890357793,-0.009456650745481975,0.7948931622876437,-0.2477189441390874,-0.4833802485840621,0.15112824393906132,0.7963469897469397,0.7313880092014228,0.05598561359885048,-1.0284439954116391,-0.0017363872814420765,0.6535032663694421,-0.0015140950748385386,-0.06499333512347424,-0.10110161333830604,-0.013499648900002976,-0.06127449945998744,0.6163690823020115,-0.028499466082859387,-0.0252157751870108,-0.31232825577368606,-0.07464549629154232,0.06657295861783105,0.055635200087560094,-0.07988674679700883,0.08224532213363035,0.21054306421301927,0.03447150587594823,tenure_months (+0.796); tenure_days (+0.795); support_tickets_per_month (+0.731),engagement_trend_ratio (-1.028); total_usage_count (-0.870); usage_rate_per_day (-0.483)
A-eb1312,-0.013711037513488138,-0.02314051556396136,-0.020200330879893827,-0.02020033087989397,-0.03374740520713475,0.0302206082354628,-0.0016854774780280498,0.6732341269200566,-0.019351801935251173,-0.4297805560757765,-0.11413149138123142,-0.06398332183168014,0.010194880145140235,-0.04525260396199315,-0.009456650745481975,0.5349797586687564,0.06413303808308064,-0.027571432965448756,-0.11413149138123108,0.5359582150201503,-0.02996816334552764,0.0521729333015773,-0.8367303640784811,-0.0017363872814420765,-0.1952022743700931,-0.0015140950748385386,0.18498103073604205,-0.10110161333830604,-0.013499648900002976,-0.06127449945998744,-0.019062961308309635,-0.028499466082859387,-0.0252157751870108,0.199685278281537,0.03199092698208957,-0.10412693527404343,0.055635200087560094,-0.07988674679700883,0.08224532213363035,-0.05596714365156208,-0.19533853329703998,total_usage_count (+0.673); tenure_months (+0.536); tenure_days (+0.535),engagement_trend_ratio (-0.837); total_errors (-0.430); referral_source_partner (-0.195)
A-df1e44,0.019175214825136545,-0.02314051556396136,-0.01879478329462517,-0.018794783294625302,-0.03374740520713475,0.0302206082354628,-0.0016854774780280498,-0.2761936070569253,0.014261387531618068,0.48383621503304863,0.025478895629449216,-0.041843764104455165,0.010194880145140235,-0.024044122622779125,-0.009456650745481975,-0.0004418527861521084,-0.05789599843863728,0.030675189954245844,0.025478895629449123,-0.0004426609170355759,-0.03276233602809865,0.041534608975549225,-0.24641737958812152,-0.0017363872814420765,-0.1952022743700931,-0.0015140950748385386,-0.06499333512347424,-0.10110161333830604,-0.013499648900002976,-0.06127449945998744,-0.019062961308309635,-0.028499466082859387,0.22694197668309718,-0.31232825577368606,-0.07464549629154232,0.06657295861783105,-0.06531088705930968,-0.07988674679700883,-0.22236698206500055,-0.05596714365156208,0.03447150587594823,total_errors (+0.484); country_UK (+0.227); plan_tier_Pro (+0.067),country_US (-0.312); total_usage_count (-0.276); engagement_trend_ratio (-0.246)
A-6a7c9d,-0.016240749231843883,-0.02314051556396136,-0.010261989989365899,-0.010261989989365972,-0.03374740520713475,0.0302206082354628,-0.0016854774780280498,-1.178736020837513,0.04367952390781913,0.7883751387359903,0.1999918793928,-0.019704206377230214,0.00014736357634236903,0.002348654154909433,-0.009456650745481975,0.7377122134914885,0.06413303808308064,-0.033448623997780445,0.19999187939279936,0.739061459307046,0.06032353105412435,0.053346053404784065,-0.9330854358840707,-0.0017363872814420765,-0.1952022743700931,-0.0015140950748385386,-0.06499333512347424,-0.10110161333830604,-0.013499648900002976,-0.06127449945998744,-0.019062961308309635,-0.028499466082859387,-0.0252157751870108,0.199685278281537,-0.07464549629154232,0.06657295861783105,0.055635200087560094,-0.07988674679700883,-0.22236698206500055,-0.05596714365156208,0.03447150587594823,total_errors (+0.788); tenure_months (+0.739); tenure_days (+0.738),total_usage_count (-1.179); engagement_trend_ratio (-0.933); referral_source_organic (-0.222)
A-cbd1a3,0.03435348513527101,-0.02314051556396136,-0.021381985929455966,-0.021381985929456122,-0.03374740520713475,0.0302206082354628,-0.0016854774780280498,-0.10037365632044717,0.010994584068534546,-0.20137636329857014,0.004537337577847121,0.002435351349994744,0.00014736357634236903,0.0021130043622515026,-0.009456650745481975,0.7169191412019775,0.10480938359031995,-0.10662431678763726,0.004537337577847101,0.7182303573289028,0.06399055006039372,0.05510373546703527,-0.8908828301472075,-0.0017363872814420765,0.6535032663694421,-0.0015140950748385386,-0.06499333512347424,-0.10110161333830604,-0.013499648900002976,-0.06127449945998744,-0.019062961308309635,-0.028499466082859387,-0.0252157751870108,0.199685278281537,0.03199092698208957,0.06657295861783105,0.055635200087560094,-0.07988674679700883,0.08224532213363035,0.21054306421301927,0.03447150587594823,tenure_months (+0.718); tenure_days (+0.717); industry_DevTools (+0.654),engagement_trend_ratio (-0.891); total_errors (-0.201); usage_rate_per_day (-0.107)
A-a8d89d,0.0166455031067808,-0.02314051556396136,-0.022090978959193257,-0.022090978959193413,-0.03374740520713475,0.0302206082354628,-0.0016854774780280498,0.23563780508704438,-0.01060156358603844,0.0270278294786361,-0.0443262978758911,-0.041843764104455165,0.010194880145140235,-0.012025983197224513,-0.009456650745481975,-0.20057517357269553,-0.04433721660289085,0.029841003716701092,-0.04432629787589098,-0.20094201745666343,-0.03393488293993128,0.04615491828514728,0.1827813069680916,-0.0017363872814420765,-0.1952022743700931,0.013626855673546847,-0.06499333512347424,-0.10110161333830604,-0.013499648900002976,-0.06127449945998744,-0.019062961308309635,-0.028499466082859387,-0.0252157751870108,0.199685278281537,0.03199092698208957,-0.10412693527404343,0.055635200087560094,-0.07988674679700883,0.08224532213363035,-0.05596714365156208,0.03447150587594823,total_usage_count (+0.236); country_US (+0.200); engagement_trend_ratio (+0.183),tenure_months (-0.201); tenure_days (-0.201); industry_DevTools (-0.195)
A-600734,-0.023829884386911117,0.06942154669188408,-0.0041671376284664165,-0.004167137628466446,-0.03374740520713475,0.0302206082354628,-0.0016854774780280498,0.6615127968709581,-0.02039121611536666,-0.12524163237283475,-0.12809253008229948,0.06885402453166961,-0.0032018086132569205,-0.02343816601308729,0.03352812537034518,-0.26295439044122854,0.17260329276905212,0.02768595371321406,-0.12809253008229912,-0.26343532339109277,-0.023023460257862994,-0.0020298830107930736,0.0789521634534906,-0.0017363872814420765,0.6535032663694421,-0.0015140950748385386,-0.06499333512347424,-0.10110161333830604,-0.013499648900002976,-0.06127449945998744,-0.019062961308309635,-0.028499466082859387,-0.0252157751870108,0.199685278281537,0.03199092698208957,-0.10412693527404343,-0.06531088705930968,-0.07988674679700883,-0.22236698206500055,-0.05596714365156208,0.03447150587594823,total_usage_count (+0.662); industry_DevTools (+0.654); country_US (+0.200),tenure_months (-0.263); tenure_days (-0.263); referral_source_organic (-0.222)
A-86fc1d,-0.016240749231843883,-0.02314051556396136,-0.026108606127704544,-0.026108606127704735,-0.03374740520713475,0.0302206082354628,-0.0016854774780280498,-0.49889887798979765,0.020062435424978233,0.0270278294786361,0.06736201173265341,0.024574909077219702,0.00014736357634236903,0.012717245031858513,-0.009456650745481975,0.3998247887869347,0.22683842011203784,0.019386579434649522,0.06736201173265317,0.4005560521622199,-0.009442665989203429,0.056197091715289034,-0.3940535784203495,-0.0017363872814420765,0.6535032663694421,-0.0015140950748385386,-0.06499333512347424,-0.10110161333830604,-0.013499648900002976,-0.06127449945998744,-0.019062961308309635,-0.028499466082859387,0.22694197668309718,-0.31232825577368606,0.03199092698208957,0.06657295861783105,-0.06531088705930968,-0.07988674679700883,0.08224532213363035,-0.05596714365156208,-0.19533853329703998,industry_DevTools (+0.654); tenure_months (+0.401); tenure_days (+0.400),total_usage_count (-0.499); engagement_trend_ratio (-0.394); country_US (-0.312)
A-78f02b,0.02170492654349229,-0.02314051556396136,-0.019404268530715117,-0.01940426853071526,-0.03374740520713475,-0.34753699470782223,-0.0016854774780280498,-1.092779600477457,0.04504064932751694,0.4077014841073132,0.1790503213411979,0.002435351349994744,0.00014736357634236903,-0.013793356642159015,-0.009456650745481975,0.6961260689124665,-0.19348381679610166,-0.010255345447678416,0.17905032134119736,0.6973992553507596,0.04532208966484048,0.05430162119017309,-1.0284439954116391,-0.0017363872814420765,-0.1952022743700931,-0.0015140950748385386,-0.06499333512347424,0.35845117456308506,-0.013499648900002976,-0.06127449945998744,-0.019062961308309635,-0.028499466082859387,-0.0252157751870108,0.199685278281537,-0.07464549629154232,0.06657295861783105,0.055635200087560094,0.390035293185396,0.08224532213363035,-0.05596714365156208,0.03447150587594823,tenure_months (+0.697); tenure_days (+0.696); total_errors (+0.408),total_usage_count (-1.093); engagement_trend_ratio (-1.028); upgrade_flag (-0.348)
A-acb7f7,-0.031419019541978344,-0.02314051556396136,-0.018546013810506825,-0.018546013810506957,-0.03374740520713475,0.0302206082354628,-0.0016854774780280498,0.47397151608538135,-0.013502087532718523,-0.353645825150041,-0.08620941397909528,-0.019704206377230214,-0.004876394708056564,-0.007077337551407907,-0.009456650745481975,-0.12520028652321813,0.2132796382762914,0.026476335232832025,-0.08620941397909503,-0.12542927278589439,-0.03098524220198349,0.03870339174322898,0.47990125944812406,-0.0017363872814420765,-0.1952022743700931,0.013626855673546847,-0.06499333512347424,-0.10110161333830604,-0.013499648900002976,-0.06127449945998744,-0.019062961308309635,-0.028499466082859387,-0.0252157751870108,0.199685278281537,0.03199092698208957,0.06657295861783105,0.055635200087560094,-0.07988674679700883,0.08224532213363035,-0.05596714365156208,0.03447150587594823,engagement_trend_ratio (+0.480); total_usage_count (+0.474); days_since_last_activity (+0.213),total_errors (-0.354); industry_DevTools (-0.195); tenure_months (-0.125)
A-712f1c,0.006526656233357821,-0.02314051556396136,-0.01574735711417543,-0.01574735711417554,-0.03374740520713475,0.0302206082354628,-0.0016854774780280498,0.5482066063963388,-0.015896479784004765,-0.27751109422430553,-0.12111201073176545,0.04671446680444465,0.00014736357634236903,-0.008019936722039628,-0.009456650745481975,-0.0030409868223409834,0.2132796382762914,0.022726878700451317,-0.12111201073176507,-0.0030465486643034595,-0.020971820014576304,0.03535866472326032,-0.19915468954052523,-0.0017363872814420765,0.6535032663694421,-0.0015140950748385386,-0.06499333512347424,-0.10110161333830604,-0.013499648900002976,-0.06127449945998744,-0.019062961308309635,-0.028499466082859387,-0.0252157751870108,0.199685278281537,0.03199092698208957,0.06657295861783105,0.055635200087560094,-0.07988674679700883,0.08224532213363035,-0.05596714365156208,0.03447150587594823,industry_DevTools (+0.654); total_usage_count (+0.548); days_since_last_activity (+0.213),total_errors (-0.278); engagement_trend_ratio (-0.199); distinct_features_used (-0.121)
A-3793ee,-0.07442411875402602,0.06942154669188408,0.09517895585419513,0.09517895585419581,0.11298044351953808,0.0302206082354628,-0.0016854774780280498,-0.5418770881698256,0.0270944898608803,0.5980383114216518,0.07434253108318743,0.002435351349994744,0.00014736357634236903,-0.010965559130263812,-0.009456650745481975,-0.881548291054181,0.07769181991882708,0.04023289155329658,0.0743425310831872,-0.883160607240851,-0.03300801720221596,-0.45115065840505064,1.423169651500007,-0.0017363872814420765,-0.1952022743700931,-0.0015140950748385386,-0.06499333512347424,-0.10110161333830604,0.2564933291000565,-0.06127449945998744,-0.019062961308309635,-0.028499466082859387,-0.0252157751870108,-0.31232825577368606,-0.07464549629154232,0.06657295861783105,-0.06531088705930968,-0.07988674679700883,-0.22236698206500055,-0.05596714365156208,0.03447150587594823,engagement_trend_ratio (+1.423); total_errors (+0.598); country_CA (+0.256),tenure_months (-0.883); tenure_days (-0.882); total_usage_count (-0.542)
A-9a532a,0.02170492654349229,-0.02314051556396136,0.0011192139090484387,0.001119213909048448,-0.03374740520713475,0.0302206082354628,-0.0016854774780280498,-1.1943644609029778,0.03825500111174082,0.4457688495701809,0.1999918793928,-0.041843764104455165,0.00014736357634236903,-0.03040666702454333,-0.009456650745481975,0.34784210806315724,-0.7222763083902126,0.03431611185483674,0.19999187939279936,0.348478297216862,-0.02830296200751004,0.02505546048121821,-0.4655208859424451,-0.0017363872814420765,-0.1952022743700931,-0.0015140950748385386,-0.06499333512347424,0.35845117456308506,-0.013499648900002976,-0.06127449945998744,-0.019062961308309635,-0.028499466082859387,-0.0252157751870108,0.199685278281537,-0.07464549629154232,0.06657295861783105,-0.06531088705930968,-0.07988674679700883,0.08224532213363035,-0.05596714365156208,-0.19533853329703998,total_errors (+0.446); industry_HealthTech (+0.358); tenure_months (+0.348),total_usage_count (-1.194); days_since_last_activity (-0.722); engagement_trend_ratio (-0.466)
A-2ebb4b,-0.05418642500718006,-0.02314051556396136,-0.001119711448016676,-0.001119711448016684,-0.03374740520713475,0.0302206082354628,-0.0016854774780280498,-0.010510125944025015,0.0034676680762049015,-0.23944372876143785,0.004537337577847121,-0.041843764104455165,-0.009900152992455497,-0.010612084441276912,-0.009456650745481975,-0.7385959190637927,0.02345669257584133,0.03693303952810669,0.004537337577847101,-0.739946781141117,-0.035585013022599254,-0.03950067223457256,1.060714305224031,-0.0017363872814420765,-0.1952022743700931,-0.0015140950748385386,-0.06499333512347424,0.35845117456308506,-0.013499648900002976,-0.06127449945998744,-0.019062961308309635,-0.028499466082859387,-0.0252157751870108,0.199685278281537,0.03199092698208957,0.06657295861783105,-0.06531088705930968,-0.07988674679700883,0.08224532213363035,-0.05596714365156208,0.03447150587594823,engagement_trend_ratio (+1.061); industry_HealthTech (+0.358); country_US (+0.200),tenure_months (-0.740); tenure_days (-0.739); total_errors (-0.239)
A-6843f2,-0.003592190640065158,-0.02314051556396136,-0.01209044569763574,-0.012090445697635828,-0.03374740520713475,0.0302206082354628,-0.0016854774780280498,-0.03785989605858828,0.012216369588285871,0.3696341186444455,0.025478895629449216,-0.041843764104455165,-0.009900152992455497,-0.0007147931496437007,-0.009456650745481975,0.7559061517448107,-0.23416016230334097,-0.22514633657661384,0.025478895629449123,0.7572886735379213,0.04932247403531617,0.054305537451588615,-1.0284439954116391,-0.0017363872814420765,-0.1952022743700931,-0.0015140950748385386,-0.06499333512347424,0.35845117456308506,0.2564933291000565,-0.06127449945998744,-0.019062961308309635,-0.028499466082859387,-0.0252157751870108,-0.31232825577368606,-0.07464549629154232,0.06657295861783105,0.055635200087560094,-0.07988674679700883,0.08224532213363035,-0.05596714365156208,0.03447150587594823,tenure_months (+0.757); tenure_days (+0.756); total_errors (+0.370),engagement_trend_ratio (-1.028); country_US (-0.312); days_since_last_activity (-0.234)
A-c9bb3e,0.03688319685362675,-0.02314051556396136,-0.02374529602858026,-0.02374529602858043,-0.03374740520713475,0.0302206082354628,-0.0016854774780280498,-0.06520966617315155,-0.010697359767251646,0.25543202225584233,0.032459414979983246,0.06885402453166961,0.002156866890101944,0.011707317349038796,0.03352812537034518,0.07753216829951416,-0.5731297081970017,0.02670356280101215,0.03245941497998317,0.07767397150100121,-0.015747607905719396,0.051914779742961825,-0.4730642441932887,-0.0017363872814420765,-0.1952022743700931,0.013626855673546847,-0.06499333512347424,-0.10110161333830604,-0.013499648900002976,-0.06127449945998744,-0.019062961308309635,-0.028499466082859387,-0.0252157751870108,0.199685278281537,0.03199092698208957,-0.10412693527404343,-0.06531088705930968,-0.07988674679700883,0.08224532213363035,-0.05596714365156208,0.03447150587594823,total_errors (+0.255); country_US (+0.200); referral_source_organic (+0.082),days_since_last_activity (-0.573); engagement_trend_ratio (-0.473); industry_DevTools (-0.195)
A-4814a3,-0.1705531640515443,-0.02314051556396136,0.026916609412120932,0.02691660941212113,-0.03374740520713475,0.0302206082354628,-0.0016854774780280498,0.37629376567622685,-0.009475061968456402,-0.6962521143158503,-0.05828733657695916,0.002435351349994744,0.00014736357634236903,0.02438190976842623,0.03352812537034518,0.6311477180077446,0.1319269472618128,-0.05430068686680545,-0.058287336576959024,0.6323020616690623,0.014884382498177551,0.03268777443786968,-0.8043076380633545,-0.0017363872814420765,-0.1952022743700931,-0.0015140950748385386,-0.06499333512347424,-0.10110161333830604,-0.013499648900002976,-0.06127449945998744,-0.019062961308309635,0.32774385995288297,-0.0252157751870108,-0.31232825577368606,0.03199092698208957,0.06657295861783105,-0.06531088705930968,0.390035293185396,0.08224532213363035,-0.05596714365156208,0.03447150587594823,tenure_months (+0.632); tenure_days (+0.631); referral_source_event (+0.390),engagement_trend_ratio (-0.804); total_errors (-0.696); country_US (-0.312)
A-b7b7b7,-0.011181325795132391,-0.02314051556396136,-0.011480960461545793,-0.011480960461545876,-0.03374740520713475,0.0302206082354628,-0.0016854774780280498,0.313780005414368,-0.008257374681056443,0.0270278294786361,-0.03036525917482304,-0.019704206377230214,0.010194880145140235,0.02685623259133453,-0.009456650745481975,0.33224730384602397,-0.017219652931397975,0.009824780698453916,-0.030365259174822946,0.33285497073325465,-0.023619317067651056,0.03890288130431388,-0.7493234516889103,-0.0017363872814420765,-0.1952022743700931,-0.0015140950748385386,0.18498103073604205,-0.10110161333830604,-0.013499648900002976,-0.06127449945998744,-0.019062961308309635,-0.028499466082859387,-0.0252157751870108,0.199685278281537,0.03199092698208957,0.06657295861783105,0.055635200087560094,0.390035293185396,0.08224532213363035,-0.05596714365156208,0.03447150587594823,referral_source_event (+0.390); tenure_months (+0.333); tenure_days (+0.332),engagement_trend_ratio (-0.749); industry_DevTools (-0.195); industry_HealthTech (-0.101)
A-ccc747,0.009056367951713567,-0.02314051556396136,-0.022327309969105685,-0.022327309969105844,-0.03374740520713475,0.0302206082354628,-0.0016854774780280498,-0.8075605692827259,0.031089754124419323,0.5219035804959163,0.11622564718639161,0.002435351349994744,0.010194880145140235,0.005294276563133606,0.03352812537034518,0.2022906020365802,-0.07145478027438372,0.03224722493448533,0.11622564718639128,0.20266058336986006,-0.02288959254968106,0.05051163922436952,-0.3611404825271618,-0.0017363872814420765,-0.1952022743700931,-0.0015140950748385386,-0.06499333512347424,0.35845117456308506,-0.013499648900002976,-0.06127449945998744,0.6163690823020115,-0.028499466082859387,-0.0252157751870108,-0.31232825577368606,0.03199092698208957,-0.10412693527404343,0.055635200087560094,0.390035293185396,0.08224532213363035,-0.05596714365156208,0.03447150587594823,country_FR (+0.616); total_errors (+0.522); referral_source_event (+0.390),total_usage_count (-0.808); engagement_trend_ratio (-0.361); country_US (-0.312)
A-bb3bd4,-0.008651614076776648,-0.02314051556396136,-0.020672992899718683,-0.02067299289971883,-0.03374740520713475,0.0302206082354628,-0.0016854774780280498,-0.6864401587753745,0.029026806414549897,0.5980383114216518,0.13018668588745969,0.15741225544056944,0.0015827230861706393,0.004619461247794979,-0.009456650745481975,-0.07061847176325176,-0.017219652931397975,0.03562285928257591,0.13018668588745927,-0.0707476300932687,-0.008700800152380029,0.04435695467690777,-0.30133497901393025,-0.0017363872814420765,-0.1952022743700931,-0.0015140950748385386,-0.06499333512347424,0.35845117456308506,-0.013499648900002976,-0.06127449945998744,-0.019062961308309635,-0.028499466082859387,-0.0252157751870108,0.199685278281537,0.03199092698208957,0.06657295861783105,0.055635200087560094,-0.07988674679700883,0.08224532213363035,-0.05596714365156208,0.03447150587594823,total_errors (+0.598); industry_HealthTech (+0.358); country_US (+0.200),total_usage_count (-0.686); engagement_trend_ratio (-0.301); industry_DevTools (-0.195)
A-09316c,-0.12754806483949666,-0.02314051556396136,0.14715933956072355,0.1471593395607246,-0.03374740520713475,0.0302206082354628,-0.0016854774780280498,0.2942444553325371,0.00041499725348031395,-0.16330899783570246,-0.023384739824289007,0.002435351349994744,-0.002364515565857097,-0.02651844544568743,0.03352812537034518,0.5219840884878119,0.18616207460479856,-0.013858491486836315,-0.023384739824288965,0.5229387762838108,-0.0053854851933515,-0.06738333458130456,-0.7154029316004926,-0.0017363872814420765,-0.1952022743700931,-0.0015140950748385386,0.18498103073604205,-0.10110161333830604,-0.013499648900002976,-0.06127449945998744,-0.019062961308309635,-0.028499466082859387,-0.0252157751870108,-0.31232825577368606,-0.07464549629154232,0.06657295861783105,0.055635200087560094,-0.07988674679700883,-0.22236698206500055,-0.05596714365156208,0.03447150587594823,tenure_months (+0.523); tenure_days (+0.522); total_usage_count (+0.294),engagement_trend_ratio (-0.715); country_US (-0.312); referral_source_organic (-0.222)
A-96bbc6,-0.04912700157046856,-0.02314051556396136,-0.016891696741119823,-0.016891696741119944,-0.03374740520713475,0.0302206082354628,0.03202407208253294,-0.033952786042222106,-0.0012985761484350653,0.06509519494150381,-0.00244318177268691,-0.019704206377230214,-0.00655098080285621,-0.02168762469619979,-0.009456650745481975,0.1918940658918247,0.17260329276905212,0.022617285524495725,-0.0024431817726868854,0.19224503238078847,-0.02703780409523467,0.042101907414884406,0.49940533018354655,-0.0017363872814420765,-0.1952022743700931,-0.0015140950748385386,-0.06499333512347424,-0.10110161333830604,-0.013499648900002976,-0.06127449945998744,-0.019062961308309635,-0.028499466082859387,-0.0252157751870108,0.199685278281537,-0.07464549629154232,0.06657295861783105,-0.06531088705930968,-0.07988674679700883,-0.22236698206500055,-0.05596714365156208,0.03447150587594823,engagement_trend_ratio (+0.499); country_US (+0.200); tenure_months (+0.192),referral_source_organic (-0.222); industry_DevTools (-0.195); industry_HealthTech (-0.101)
A-bc4d48,-0.03900815469704558,0.06942154669188408,-0.017837020780769538,-0.017837020780769666,-0.03374740520713475,0.0302206082354628,-0.0016854774780280498,-0.6629974986771773,0.031187599421808213,0.6741730423473873,0.10226460848532358,0.04671446680444465,0.002156866890101944,-0.007312987344065827,0.03352812537034518,0.28546289119462426,0.1319269472618128,0.027792205330631967,0.10226460848532323,0.2859849912824326,-0.011237800246439705,0.045460940777575086,-0.8039673863224136,-0.0017363872814420765,-0.1952022743700931,0.013626855673546847,-0.06499333512347424,-0.10110161333830604,-0.013499648900002976,-0.06127449945998744,-0.019062961308309635,-0.028499466082859387,-0.0252157751870108,0.199685278281537,0.03199092698208957,-0.10412693527404343,0.055635200087560094,-0.07988674679700883,0.08224532213363035,-0.05596714365156208,0.03447150587594823,total_errors (+0.674); tenure_months (+0.286); tenure_days (+0.285),engagement_trend_ratio (-0.804); total_usage_count (-0.663); industry_DevTools (-0.195)
A-b30291,0.03688319685362675,0.06942154669188408,-0.023061179947254803,-0.023061179947254973,-0.03374740520713475,0.0302206082354628,-0.0016854774780280498,0.11061028456332658,-0.00554588170158317,-0.16330899783570246,-0.00244318177268691,-0.06398332183168014,0.00014736357634236903,0.02827013134728213,-0.009456650745481975,0.4180187270402569,0.05057425624733421,0.005863500918767832,-0.0024431817726868854,0.41878326639309515,-0.03256618880667314,0.053240314346564795,-0.2371783010964856,-0.0017363872814420765,-0.1952022743700931,-0.0015140950748385386,-0.06499333512347424,0.35845117456308506,-0.013499648900002976,-0.06127449945998744,-0.019062961308309635,-0.028499466082859387,-0.0252157751870108,0.199685278281537,0.03199092698208957,0.06657295861783105,0.055635200087560094,0.390035293185396,0.08224532213363035,-0.05596714365156208,0.03447150587594823,tenure_months (+0.419); tenure_days (+0.418); referral_source_event (+0.390),engagement_trend_ratio (-0.237); industry_DevTools (-0.195); total_errors (-0.163)
A-cdf020,-0.008651614076776648,-0.02314051556396136,0.0007087442602531676,0.0007087442602531734,-0.03374740520713475,0.0302206082354628,-0.0016854774780280498,-0.4363851177279387,0.01575211954942786,0.33156675318157774,0.039439934330517276,0.002435351349994744,0.00014736357634236903,0.009182498141989508,-0.009456650745481975,-0.4968764536982273,-0.2477189441390874,0.03770806292202149,0.03943993433051716,-0.497785220645203,-0.031337363510140166,-0.030477605933194207,0.6560252259097198,-0.0017363872814420765,0.6535032663694421,-0.0015140950748385386,-0.06499333512347424,-0.10110161333830604,-0.013499648900002976,-0.06127449945998744,-0.019062961308309635,-0.028499466082859387,-0.0252157751870108,-0.31232825577368606,0.03199092698208957,-0.10412693527404343,-0.06531088705930968,-0.07988674679700883,-0.22236698206500055,-0.05596714365156208,0.03447150587594823,engagement_trend_ratio (+0.656); industry_DevTools (+0.654); total_errors (+0.332),tenure_months (-0.498); tenure_days (-0.497); total_usage_count (-0.436)
A-e6afc1,0.04700204372704973,-0.02314051556396136,-0.026108606127704544,-0.026108606127704735,0.11298044351953808,0.0302206082354628,-0.0016854774780280498,0.7357478871819156,-0.023572981257159314,-0.12524163237283475,-0.14205356878336756,-0.08612287955890506,0.00014736357634236903,-7.84377166989983e-06,-0.009456650745481975,-0.9465266419589028,0.03701547441158777,0.03473010400377174,-0.14205356878336708,-0.9482578009225482,-0.0386859821151492,0.056197091715289034,0.36557764822666966,0.08508297679066168,0.6535032663694421,-0.0015140950748385386,-0.06499333512347424,-0.10110161333830604,-0.013499648900002976,-0.06127449945998744,-0.019062961308309635,-0.028499466082859387,-0.0252157751870108,0.199685278281537,0.03199092698208957,-0.10412693527404343,-0.06531088705930968,-0.07988674679700883,0.08224532213363035,-0.05596714365156208,0.03447150587594823,total_usage_count (+0.736); industry_DevTools (+0.654); engagement_trend_ratio (+0.366),tenure_months (-0.948); tenure_days (-0.947); distinct_features_used (-0.142)
A-e3bd71,-0.0288893078236226,-0.02314051556396136,-0.007214563808916158,-0.007214563808916208,0.11298044351953808,0.0302206082354628,-0.0016854774780280498,0.5755563765109021,-0.0188277404733201,-0.011039535984231606,-0.06526785592749319,0.002435351349994744,0.00014736357634236903,0.00812207407502881,-0.009456650745481975,-0.8711517549094254,0.0912506017545735,0.03494783007379486,-0.065267855927493,-0.8727450562517792,-0.03297291386426892,-0.022351363495971967,1.3048775939324206,-0.0017363872814420765,-0.1952022743700931,-0.0015140950748385386,-0.06499333512347424,-0.10110161333830604,-0.013499648900002976,-0.06127449945998744,-0.019062961308309635,-0.028499466082859387,-0.0252157751870108,0.199685278281537,0.03199092698208957,0.06657295861783105,0.055635200087560094,-0.07988674679700883,0.08224532213363035,-0.05596714365156208,-0.19533853329703998,engagement_trend_ratio (+1.305); total_usage_count (+0.576); country_US (+0.200),tenure_months (-0.873); tenure_days (-0.871); referral_source_partner (-0.195)
A-b179bf,-0.059245848443891545,-0.02314051556396136,-0.026108606127704544,-0.026108606127704735,-0.03374740520713475,0.0302206082354628,-0.0016854774780280498,-0.3621500274169813,0.020192042023090218,0.33156675318157774,0.0883035697842555,0.04671446680444465,0.00014736357634236903,0.01601634212906958,-0.009456650745481975,0.6415442541525002,0.05057425624733421,-0.02600934878484074,0.08830356978425523,0.642717612658134,0.04661452153837879,0.056197091715289034,-0.9145365776992042,-0.0017363872814420765,-0.1952022743700931,-0.0015140950748385386,-0.06499333512347424,-0.10110161333830604,-0.013499648900002976,-0.06127449945998744,-0.019062961308309635,0.32774385995288297,-0.0252157751870108,-0.31232825577368606,0.03199092698208957,0.06657295861783105,0.055635200087560094,-0.07988674679700883,0.08224532213363035,-0.05596714365156208,0.03447150587594823,tenure_months (+0.643); tenure_days (+0.642); total_errors (+0.332),engagement_trend_ratio (-0.915); total_usage_count (-0.362); country_US (-0.312)
A-098560,0.04700204372704973,-0.02314051556396136,-0.016207580659794368,-0.016207580659794486,-0.03374740520713475,0.0302206082354628,-0.0016854774780280498,0.29815156534890325,-0.012310526476558531,-0.20137636329857014,-0.06526785592749319,-0.041843764104455165,-0.009900152992455497,0.011303346275910913,0.03352812537034518,-0.01863579103947424,0.11836816542606639,0.025557531736139942,-0.065267855927493,-0.01866987514791076,-0.0328923219923913,0.03590254551780468,0.04641281143714776,-0.0017363872814420765,0.6535032663694421,-0.0015140950748385386,-0.06499333512347424,-0.10110161333830604,-0.013499648900002976,-0.06127449945998744,-0.019062961308309635,-0.028499466082859387,0.22694197668309718,-0.31232825577368606,-0.07464549629154232,0.06657295861783105,-0.06531088705930968,-0.07988674679700883,0.08224532213363035,-0.05596714365156208,0.03447150587594823,industry_DevTools (+0.654); total_usage_count (+0.298); country_UK (+0.227),country_US (-0.312); total_errors (-0.201); industry_HealthTech (-0.101)
A-82861f,-0.05418642500718006,-0.02314051556396136,0.07537690491837476,0.0753769049183753,0.11298044351953808,0.0302206082354628,-0.0016854774780280498,-0.11209498636954571,0.00993724012188183,-0.6201173833901149,-0.016404220473754973,0.024574909077219702,-0.007890649678695922,0.016393381797322283,-0.009456650745481975,0.16070445745755818,-0.09857234394587658,0.024720118605875464,-0.016404220473754918,0.16099837941357373,-0.020204206323551473,-0.10682728016889172,-0.455798552445568,-0.0017363872814420765,0.6535032663694421,-0.0015140950748385386,-0.06499333512347424,-0.10110161333830604,-0.013499648900002976,-0.06127449945998744,-0.019062961308309635,-0.028499466082859387,0.22694197668309718,-0.31232825577368606,0.03199092698208957,0.06657295861783105,0.055635200087560094,-0.07988674679700883,-0.22236698206500055,-0.05596714365156208,0.03447150587594823,industry_DevTools (+0.654); country_UK (+0.227); tenure_months (+0.161),total_errors (-0.620); engagement_trend_ratio (-0.456); country_US (-0.312)
A-94c3cd,-0.031419019541978344,-0.02314051556396136,0.053099597615576866,0.05309959761557724,-0.03374740520713475,0.0302206082354628,-0.0016854774780280498,-0.7216041489226699,0.023602795897515506,0.33156675318157774,0.11622564718639161,0.002435351349994744,-0.004876394708056564,-0.012379457886211413,0.03352812537034518,-0.40590676243161666,-0.03077843476714441,0.038890340496142456,0.11622564718639128,-0.40664914949082676,-0.03078778733241513,-0.18199344422007593,0.1644168794159383,-0.0017363872814420765,-0.1952022743700931,-0.0015140950748385386,0.18498103073604205,-0.10110161333830604,0.2564933291000565,-0.06127449945998744,-0.019062961308309635,-0.028499466082859387,-0.0252157751870108,-0.31232825577368606,-0.07464549629154232,0.06657295861783105,-0.06531088705930968,-0.07988674679700883,0.08224532213363035,0.21054306421301927,0.03447150587594823,total_errors (+0.332); country_CA (+0.256); referral_source_other (+0.211),total_usage_count (-0.722); tenure_months (-0.407); tenure_days (-0.406)
A-a33200,-0.023829884386911117,-0.02314051556396136,-0.01925500684024411,-0.01925500684024425,-0.03374740520713475,0.0302206082354628,-0.0016854774780280498,0.10279606453059424,-0.00037186335798217407,0.0270278294786361,-0.05130681722642513,-0.019704206377230214,0.005171121860741302,-0.00047914335698577033,-0.009456650745481975,0.5323806246325674,-0.03077843476714441,-0.010686344212302124,-0.051306817226424974,0.5333543272728825,-0.012776950631600987,0.05148502999538431,-0.8172505051716407,-0.0017363872814420765,-0.1952022743700931,-0.0015140950748385386,-0.06499333512347424,0.35845117456308506,-0.013499648900002976,-0.06127449945998744,-0.019062961308309635,-0.028499466082859387,-0.0252157751870108,0.199685278281537,0.03199092698208957,0.06657295861783105,-0.06531088705930968,-0.07988674679700883,0.08224532213363035,-0.05596714365156208,-0.19533853329703998,tenure_months (+0.533); tenure_days (+0.532); industry_HealthTech (+0.358),engagement_trend_ratio (-0.817); referral_source_partner (-0.195); industry_DevTools (-0.195)
A-034368,0.0014672327966463318,-0.02314051556396136,0.030822290312778968,0.03082229031277919,-0.03374740520713475,0.0302206082354628,-0.0016854774780280498,-0.8817956595936832,0.035781717887690766,0.06509519494150381,0.13018668588745969,0.024574909077219702,0.00014736357634236903,-0.007360117302597432,-0.009456650745481975,-0.2863465967669284,-0.0036608710956515414,0.03919748935789847,0.13018668588745927,-0.2868703131165037,-0.027737062807330643,-0.09817505984645322,0.5182387677927356,-0.0017363872814420765,-0.1952022743700931,0.013626855673546847,-0.06499333512347424,-0.10110161333830604,-0.013499648900002976,-0.06127449945998744,-0.019062961308309635,-0.028499466082859387,-0.0252157751870108,0.199685278281537,-0.07464549629154232,0.06657295861783105,-0.06531088705930968,0.390035293185396,0.08224532213363035,-0.05596714365156208,0.03447150587594823,engagement_trend_ratio (+0.518); referral_source_event (+0.390); country_US (+0.200),total_usage_count (-0.882); tenure_months (-0.287); tenure_days (-0.286)
A-b54c01,-0.023829884386911117,-0.02314051556396136,-0.01925500684024411,-0.01925500684024425,0.11298044351953808,0.0302206082354628,-0.0016854774780280498,-1.0341729502319643,0.04369642911626852,0.3696341186444455,0.193011360042266,0.024574909077219702,-0.009900152992455497,-0.009339575560924074,-0.009456650745481975,0.5687685011392116,-0.9392168177621555,0.0178126394343468,0.19301136004226538,0.569808755734633,0.01099621087301673,0.052101561435371854,-1.0284439954116391,-0.0017363872814420765,0.6535032663694421,-0.0015140950748385386,-0.06499333512347424,-0.10110161333830604,-0.013499648900002976,-0.06127449945998744,-0.019062961308309635,-0.028499466082859387,-0.0252157751870108,0.199685278281537,-0.07464549629154232,0.06657295861783105,0.055635200087560094,0.390035293185396,0.08224532213363035,-0.05596714365156208,0.03447150587594823,industry_DevTools (+0.654); tenure_months (+0.570); tenure_days (+0.569),total_usage_count (-1.034); engagement_trend_ratio (-1.028); days_since_last_activity (-0.939)
A-d82ef9,-0.016240749231843883,-0.02314051556396136,-0.0199639998699814,-0.019963999869981538,-0.03374740520713475,0.0302206082354628,-0.0016854774780280498,0.7357478871819156,-0.022412669222678497,-0.734319479778718,-0.12111201073176545,0.024574909077219702,0.0026592427185418354,-0.005380659044270781,0.03352812537034518,0.7195182752381665,0.2132796382762914,-0.18355768028832456,-0.12111201073176507,0.7208342450761708,0.09332670211054886,0.054815210901523866,-0.6234101137941235,-0.0017363872814420765,-0.1952022743700931,0.013626855673546847,-0.06499333512347424,-0.10110161333830604,-0.013499648900002976,-0.06127449945998744,-0.019062961308309635,-0.028499466082859387,0.22694197668309718,-0.31232825577368606,0.03199092698208957,0.06657295861783105,-0.06531088705930968,-0.07988674679700883,0.08224532213363035,0.21054306421301927,0.03447150587594823,total_usage_count (+0.736); tenure_months (+0.721); tenure_days (+0.720),total_errors (-0.734); engagement_trend_ratio (-0.623); country_US (-0.312)
A-bb2f49,0.029294061698559522,-0.02314051556396136,-0.009043019517186,-0.009043019517186066,0.11298044351953808,0.0302206082354628,-0.0016854774780280498,0.49741417618357847,-0.020388142441103135,-0.5820500179272472,-0.05828733657695916,-0.019704206377230214,0.00014736357634236903,0.01931543922628066,-0.009456650745481975,-0.7048071765933374,0.22683842011203784,0.03407037843339638,-0.058287336576959024,-0.7060962404266343,-0.03393080824081017,-0.007731959631802993,0.46854515599540825,-0.0017363872814420765,-0.1952022743700931,-0.0015140950748385386,-0.06499333512347424,-0.10110161333830604,-0.013499648900002976,-0.06127449945998744,-0.019062961308309635,-0.028499466082859387,-0.0252157751870108,0.199685278281537,0.03199092698208957,-0.10412693527404343,-0.06531088705930968,-0.07988674679700883,0.08224532213363035,0.21054306421301927,0.03447150587594823,total_usage_count (+0.497); engagement_trend_ratio (+0.469); days_since_last_activity (+0.227),tenure_months (-0.706); tenure_days (-0.705); total_errors (-0.582)
A-1f559b,0.03688319685362675,0.06942154669188408,-0.02374529602858026,-0.02374529602858043,0.11298044351953808,0.0302206082354628,-0.0016854774780280498,-0.35433580738424897,0.016907308793469467,-0.011039535984231606,0.05340097303158535,0.024574909077219702,0.002156866890101944,-0.02036798585731536,-0.009456650745481975,-0.20317430760888439,-0.30195407148207315,0.03447850039030909,0.05340097303158518,-0.20354590520393118,-0.0268386899410481,0.0502747453705812,0.10261447454035239,-0.0017363872814420765,-0.1952022743700931,-0.0015140950748385386,-0.06499333512347424,0.35845117456308506,-0.013499648900002976,-0.06127449945998744,-0.019062961308309635,-0.028499466082859387,-0.0252157751870108,0.199685278281537,-0.07464549629154232,0.06657295861783105,0.055635200087560094,-0.07988674679700883,-0.22236698206500055,-0.05596714365156208,0.03447150587594823,industry_HealthTech (+0.358); country_US (+0.200); auto_renew_flag (+0.113),total_usage_count (-0.354); days_since_last_activity (-0.302); referral_source_organic (-0.222)
A-5a215a,-0.1705531640515443,-0.02314051556396136,0.026916609412120932,0.02691660941212113,-0.03374740520713475,0.0302206082354628,-0.0016854774780280498,1.2358579692767868,-0.06218089140225723,-1.6860036163504108,-0.2188392816392419,0.002435351349994744,0.00014736357634236903,0.009182498141989508,-0.009456650745481975,-0.12779942055940702,0.14548572909755925,0.020122425784776625,-0.21883928163924124,-0.1280331605331621,-0.02844677115027512,-0.06680093056222378,-0.30920169171065975,-0.0017363872814420765,-0.1952022743700931,0.013626855673546847,-0.06499333512347424,-0.10110161333830604,-0.013499648900002976,-0.06127449945998744,0.6163690823020115,-0.028499466082859387,-0.0252157751870108,-0.31232825577368606,-0.07464549629154232,0.06657295861783105,0.055635200087560094,-0.07988674679700883,0.08224532213363035,0.21054306421301927,0.03447150587594823,total_usage_count (+1.236); country_FR (+0.616); referral_source_other (+0.211),total_errors (-1.686); country_US (-0.312); engagement_trend_ratio (-0.309)
A-3f9cc0,-0.006121902358420903,-0.02314051556396136,0.04814908488162178,0.04814908488162213,-0.03374740520713475,0.0302206082354628,-0.0016854774780280498,-0.32698603726968567,0.013293692417651505,0.10316256040437151,0.04642045368105132,0.024574909077219702,0.005171121860741302,0.0016888347354672261,0.03352812537034518,0.2620706848689243,0.0912506017545735,0.02376001452442925,0.04642045368105117,0.2625500015570216,-0.016788143499512086,-0.04448039843367332,-0.6668980756558723,-0.0017363872814420765,-0.1952022743700931,-0.0015140950748385386,-0.06499333512347424,0.35845117456308506,-0.013499648900002976,-0.06127449945998744,-0.019062961308309635,-0.028499466082859387,-0.0252157751870108,0.199685278281537,0.03199092698208957,0.06657295861783105,-0.06531088705930968,0.390035293185396,0.08224532213363035,-0.05596714365156208,0.03447150587594823,referral_source_event (+0.390); industry_HealthTech (+0.358); tenure_months (+0.263),engagement_trend_ratio (-0.667); total_usage_count (-0.327); industry_DevTools (-0.195)
A-f9cc74,-0.026359596105266857,0.06942154669188408,-0.026108606127704544,-0.026108606127704735,-0.03374740520713475,0.0302206082354628,-0.0016854774780280498,-0.026138566009489737,0.009961317236946111,0.17929729133010694,-0.016404220473754973,0.04671446680444465,0.00014736357634236903,-0.01956677656227839,-0.009456650745481975,0.602557243609667,0.24039720194778427,-0.025142194005418325,-0.016404220473754918,0.6036592964491155,0.030620677103342275,0.056197091715289034,-0.9481686899919344,-0.0017363872814420765,0.6535032663694421,-0.0015140950748385386,-0.06499333512347424,-0.10110161333830604,-0.013499648900002976,-0.06127449945998744,0.6163690823020115,-0.028499466082859387,-0.0252157751870108,-0.31232825577368606,-0.07464549629154232,0.06657295861783105,-0.06531088705930968,-0.07988674679700883,0.08224532213363035,-0.05596714365156208,-0.19533853329703998,industry_DevTools (+0.654); country_FR (+0.616); tenure_months (+0.604),engagement_trend_ratio (-0.948); country_US (-0.312); referral_source_partner (-0.195)
A-ed510f,-0.056716136725535805,-0.02314051556396136,-0.0005102262119267286,-0.000510226211926731,-0.03374740520713475,0.0302206082354628,-0.0016854774780280498,0.009025424137805889,-0.005365047199079095,-0.04910690144709932,0.004537337577847121,0.11313313998611954,0.00014736357634236903,-0.012104533128110493,-0.009456650745481975,-1.04529373533408,0.05057425624733421,0.03845567644630665,0.004537337577847101,-1.0472055353187284,-0.02703780409523467,-0.06124375561358842,2.138793584490245,-0.0017363872814420765,-0.1952022743700931,-0.0015140950748385386,-0.06499333512347424,-0.10110161333830604,-0.013499648900002976,-0.06127449945998744,-0.019062961308309635,0.32774385995288297,-0.0252157751870108,-0.31232825577368606,0.03199092698208957,0.06657295861783105,-0.06531088705930968,-0.07988674679700883,0.08224532213363035,-0.05596714365156208,-0.19533853329703998,engagement_trend_ratio (+2.139); country_IN (+0.328); ticket_count (+0.113),tenure_months (-1.047); tenure_days (-1.045); country_US (-0.312)
A-5c9849,0.0014672327966463318,-0.02314051556396136,-0.014528386641995534,-0.014528386641995638,0.11298044351953808,-0.34753699470782223,-0.0016854774780280498,-0.06911677618951774,-0.000620830973327727,0.14122992586723926,0.039439934330517276,0.002435351349994744,0.00014736357634236903,-0.03323446453643854,0.03352812537034518,0.6597381924058222,0.06413303808308064,-0.05012286154402462,0.03943993433051716,0.6609448268890091,0.025044279235187795,0.051881371635376296,-0.9656268017703685,-0.0017363872814420765,-0.1952022743700931,0.013626855673546847,-0.06499333512347424,-0.10110161333830604,-0.013499648900002976,-0.06127449945998744,-0.019062961308309635,0.32774385995288297,-0.0252157751870108,-0.31232825577368606,0.03199092698208957,0.06657295861783105,-0.06531088705930968,-0.07988674679700883,0.08224532213363035,-0.05596714365156208,-0.19533853329703998,tenure_months (+0.661); tenure_days (+0.660); country_IN (+0.328),engagement_trend_ratio (-0.966); upgrade_flag (-0.348); country_US (-0.312)
A-a7bd4b,0.03688319685362675,-0.02314051556396136,-0.02185464794928083,-0.02185464794928098,-0.03374740520713475,0.0302206082354628,-0.0016854774780280498,0.3333155554961989,-0.008453065275834224,-0.3917131906129087,-0.03734577852535707,0.04671446680444465,-0.00738827385025603,-0.001186092734959571,-0.009456650745481975,-0.9699188482846027,0.199720856440545,0.036670983930444365,-0.03734577852535693,-0.9716927906479591,-0.03059177373926699,0.03747336596394351,1.3814030303636242,-0.0017363872814420765,-0.1952022743700931,-0.0015140950748385386,-0.06499333512347424,-0.10110161333830604,-0.013499648900002976,-0.06127449945998744,-0.019062961308309635,-0.028499466082859387,-0.0252157751870108,0.199685278281537,-0.07464549629154232,0.06657295861783105,-0.06531088705930968,-0.07988674679700883,0.08224532213363035,-0.05596714365156208,0.03447150587594823,engagement_trend_ratio (+1.381); total_usage_count (+0.333); days_since_last_activity (+0.200),tenure_months (-0.972); tenure_days (-0.970); total_errors (-0.392)
A-d4ac0e,0.003996944515002075,-0.02314051556396136,-0.015137871878085482,-0.01513787187808559,-0.03374740520713475,0.0302206082354628,-0.0016854774780280498,1.1811584290476602,-0.04884473105186469,-1.0007910380187919,-0.21185876228870787,0.002435351349994744,-0.004876394708056564,0.021200637567544124,-0.009456650745481975,0.1477087872766138,0.17260329276905212,0.009747138693592903,-0.2118587622887072,0.1479789406772343,-0.02419047169036668,0.03822145181801187,-0.48420071966485106,-0.0017363872814420765,0.6535032663694421,-0.0015140950748385386,-0.06499333512347424,-0.10110161333830604,-0.013499648900002976,-0.06127449945998744,-0.019062961308309635,-0.028499466082859387,0.22694197668309718,-0.31232825577368606,0.03199092698208957,0.06657295861783105,-0.06531088705930968,-0.07988674679700883,0.08224532213363035,-0.05596714365156208,0.03447150587594823,total_usage_count (+1.181); industry_DevTools (+0.654); country_UK (+0.227),total_errors (-1.001); engagement_trend_ratio (-0.484); country_US (-0.312)
A-ffdfd5,0.041942620290338246,-0.02314051556396136,-0.0242801504194347,-0.024280150419434876,-0.03374740520713475,0.0302206082354628,-0.0016854774780280498,0.1496813847269884,0.005461970394188929,-0.04910690144709932,-0.023384739824289007,-0.08612287955890506,0.00014736357634236903,-7.84377166989983e-06,-0.009456650745481975,0.5063892842706786,0.10480938359031995,-0.007002938765687356,-0.023384739824288965,0.5073154498002035,-0.0386859821151492,0.054822483958438424,-0.10006540090882887,0.08508297679066168,-0.1952022743700931,0.013626855673546847,-0.06499333512347424,-0.10110161333830604,-0.013499648900002976,-0.06127449945998744,-0.019062961308309635,-0.028499466082859387,-0.0252157751870108,0.199685278281537,0.03199092698208957,0.06657295861783105,-0.06531088705930968,-0.07988674679700883,-0.22236698206500055,-0.05596714365156208,0.03447150587594823,tenure_months (+0.507); tenure_days (+0.506); country_US (+0.200),referral_source_organic (-0.222); industry_DevTools (-0.195); industry_HealthTech (-0.101)
A-0dbdc6,-0.026359596105266857,-0.02314051556396136,0.0025371999685230113,0.002537199968523031,-0.03374740520713475,0.0302206082354628,-0.0016854774780280498,0.08326051444876333,-0.0024773302284970345,-0.16330899783570246,-0.03734577852535707,0.002435351349994744,0.010194880145140235,-0.015560730087093516,-0.009456650745481975,-0.29934226694787275,0.24039720194778427,0.03242061551174224,-0.03734577852535693,-0.2998897518528431,-0.03002941265772639,-0.02239835863295831,1.3436847105667014,-0.0017363872814420765,-0.1952022743700931,-0.0015140950748385386,-0.06499333512347424,-0.10110161333830604,-0.013499648900002976,0.8140754928255473,-0.019062961308309635,-0.028499466082859387,-0.0252157751870108,-0.31232825577368606,0.03199092698208957,-0.10412693527404343,0.055635200087560094,-0.07988674679700883,0.08224532213363035,0.21054306421301927,0.03447150587594823,engagement_trend_ratio (+1.344); country_DE (+0.814); days_since_last_activity (+0.240),country_US (-0.312); tenure_months (-0.300); tenure_days (-0.299)
A-7cfe77,-0.1250183531211409,-0.02314051556396136,-0.009801766443746958,-0.009801766443747027,-0.03374740520713475,0.0302206082354628,-0.0016854774780280498,-1.1162222605756542,0.047482683529887826,0.5980383114216518,0.18603084069173192,0.06885402453166961,-0.004876394708056564,0.007465621081195993,-0.009456650745481975,0.35823864420791274,0.24039720194778427,0.0326686492172859,0.18603084069173137,0.3588938482059336,-0.0015099963274526251,0.0379653762756577,-0.7654471171401274,-0.0017363872814420765,0.6535032663694421,-0.0015140950748385386,-0.06499333512347424,-0.10110161333830604,-0.013499648900002976,-0.06127449945998744,-0.019062961308309635,-0.028499466082859387,-0.0252157751870108,0.199685278281537,0.03199092698208957,-0.10412693527404343,0.055635200087560094,-0.07988674679700883,0.08224532213363035,-0.05596714365156208,0.03447150587594823,industry_DevTools (+0.654); total_errors (+0.598); tenure_months (+0.359),total_usage_count (-1.116); engagement_trend_ratio (-0.765); seats (-0.125)
A-1f0636,-0.2160879749819477,-0.02314051556396136,0.2337933124049376,0.23379331240493928,0.11298044351953808,0.0302206082354628,-0.0016854774780280498,0.7591905472801127,-0.03168389535955877,-0.12524163237283475,-0.08620941397909528,-0.041843764104455165,-0.004876394708056564,-0.003542590661538904,-0.009456650745481975,-0.13819595670416251,0.2132796382762914,0.024379408678987184,-0.08620941397909503,-0.13844871152223379,-0.03362248189827312,-0.5533550109638551,0.0004296325345258039,-0.0017363872814420765,-0.1952022743700931,0.013626855673546847,-0.06499333512347424,-0.10110161333830604,-0.013499648900002976,-0.06127449945998744,-0.019062961308309635,-0.028499466082859387,-0.0252157751870108,-0.31232825577368606,0.03199092698208957,-0.10412693527404343,0.055635200087560094,-0.07988674679700883,0.08224532213363035,-0.05596714365156208,-0.19533853329703998,total_usage_count (+0.759); arr_amount (+0.234); mrr_amount (+0.234),clv_proxy (-0.553); country_US (-0.312); seats (-0.216)
A-40de06,-0.02130017266855537,-0.02314051556396136,-0.019491337850156536,-0.01949133785015668,-0.03374740520713475,0.0302206082354628,0.03202407208253294,1.6070334208315742,-0.0600026809075056,-0.6201173833901149,-0.2677029170929801,-0.019704206377230214,0.00014736357634236903,-0.006134738380776176,-0.009456650745481975,-0.7567898573171149,0.05057425624733421,0.028898797995352228,-0.2677029170929793,-0.7581739953719923,-0.03408852545057265,0.03055788769373852,0.9033585573793215,-0.0017363872814420765,-0.1952022743700931,-0.0015140950748385386,-0.06499333512347424,-0.10110161333830604,-0.013499648900002976,-0.06127449945998744,-0.019062961308309635,-0.028499466082859387,-0.0252157751870108,0.199685278281537,-0.07464549629154232,0.06657295861783105,0.055635200087560094,0.390035293185396,0.08224532213363035,-0.05596714365156208,0.03447150587594823,total_usage_count (+1.607); engagement_trend_ratio (+0.903); referral_source_event (+0.390),tenure_months (-0.758); tenure_days (-0.757); total_errors (-0.620)
A-cb5333,-0.03394873126033409,-0.02314051556396136,-0.005995593336736261,-0.005995593336736303,-0.03374740520713475,0.0302206082354628,-0.0016854774780280498,1.1928797590967588,-0.05814157114094101,-0.27751109422430553,-0.23978083969084396,0.002435351349994744,-0.009900152992455497,0.007415124697055008,-0.009456650745481975,0.0827304363718919,0.10480938359031995,0.01291481687795509,-0.23978083969084324,0.08288174699553696,-0.025484713692579406,0.02001083623580298,-0.38609001773513585,-0.0017363872814420765,0.6535032663694421,-0.0015140950748385386,-0.06499333512347424,-0.10110161333830604,-0.013499648900002976,-0.06127449945998744,-0.019062961308309635,-0.028499466082859387,-0.0252157751870108,0.199685278281537,0.03199092698208957,-0.10412693527404343,-0.06531088705930968,-0.07988674679700883,0.08224532213363035,-0.05596714365156208,0.03447150587594823,total_usage_count (+1.193); industry_DevTools (+0.654); country_US (+0.200),engagement_trend_ratio (-0.386); total_errors (-0.278); distinct_features_used (-0.240)
A-309e54,0.01158607967006931,-0.02314051556396136,-0.022563640979018112,-0.02256364097901828,-0.03374740520713475,0.0302206082354628,-0.0016854774780280498,0.07153918439966478,-0.009184087471509336,0.10316256040437151,-0.03734577852535707,0.024574909077219702,-0.009900152992455497,0.017241721050890838,-0.009456650745481975,0.7533070177086219,0.05057425624733421,-0.2278945988189848,-0.03734577852535693,0.7546847857906533,0.171334197334825,0.05569597010150606,-1.0284439954116391,-0.0017363872814420765,0.6535032663694421,-0.0015140950748385386,-0.06499333512347424,-0.10110161333830604,-0.013499648900002976,-0.06127449945998744,-0.019062961308309635,-0.028499466082859387,-0.0252157751870108,0.199685278281537,0.03199092698208957,-0.10412693527404343,0.055635200087560094,-0.07988674679700883,0.08224532213363035,0.21054306421301927,0.03447150587594823,tenure_months (+0.755); tenure_days (+0.753); industry_DevTools (+0.654),engagement_trend_ratio (-1.028); usage_rate_per_day (-0.228); plan_tier_Pro (-0.104)
A-6e7827,0.04700204372704973,-0.02314051556396136,-0.01574735711417543,-0.01574735711417554,-0.03374740520713475,0.0302206082354628,-0.0016854774780280498,-0.2801007170732915,0.013813143368187288,-0.16330899783570246,0.06736201173265341,-0.041843764104455165,-0.004876394708056564,-0.02121632511088392,-0.009456650745481975,-0.8685526208732365,0.10480938359031995,0.038952512258069436,0.06736201173265317,-0.8701411685045115,-0.03582502611025792,0.013188708849951823,2.125979200104789,-0.0017363872814420765,0.6535032663694421,-0.0015140950748385386,-0.06499333512347424,-0.10110161333830604,-0.013499648900002976,-0.06127449945998744,-0.019062961308309635,-0.028499466082859387,-0.0252157751870108,0.199685278281537,0.03199092698208957,0.06657295861783105,0.055635200087560094,-0.07988674679700883,0.08224532213363035,0.21054306421301927,0.03447150587594823,engagement_trend_ratio (+2.126); industry_DevTools (+0.654); referral_source_other (+0.211),tenure_months (-0.870); tenure_days (-0.869); total_usage_count (-0.280)
A-50bb9f,0.044472332008693986,-0.02314051556396136,0.006803596621152647,0.006803596621152698,-0.03374740520713475,0.0302206082354628,-0.0016854774780280498,-0.8388174494136553,0.026097082562366324,0.4457688495701809,0.1581087632895958,0.06885402453166961,0.00014736357634236903,0.0038298814230450203,-0.009456650745481975,0.36343691228029046,0.1319269472618128,0.027607775863020885,0.15810876328959533,0.36410162370046945,-0.0010777174229445192,0.0198228556878576,-0.7889257311865115,-0.0017363872814420765,-0.1952022743700931,-0.0015140950748385386,-0.06499333512347424,-0.10110161333830604,-0.013499648900002976,-0.06127449945998744,-0.019062961308309635,-0.028499466082859387,-0.0252157751870108,0.199685278281537,0.03199092698208957,-0.10412693527404343,0.055635200087560094,-0.07988674679700883,-0.22236698206500055,-0.05596714365156208,0.03447150587594823,total_errors (+0.446); tenure_months (+0.364); tenure_days (+0.363),total_usage_count (-0.839); engagement_trend_ratio (-0.789); referral_source_organic (-0.222)
A-5fe118,-0.04912700157046856,-0.02314051556396136,-0.026108606127704544,-0.026108606127704735,-0.03374740520713475,0.0302206082354628,-0.0016854774780280498,-1.006823180117401,0.04629419614799136,0.559970945958784,0.193011360042266,-0.06398332183168014,0.00014736357634236903,0.024028435079439327,-0.009456650745481975,0.6701347285505779,0.07769181991882708,-0.004551916484668821,0.19301136004226538,0.6713603778780808,-0.021573226752558714,0.056197091715289034,-0.85658186426309,-0.0017363872814420765,-0.1952022743700931,-0.0015140950748385386,-0.06499333512347424,-0.10110161333830604,-0.013499648900002976,-0.06127449945998744,-0.019062961308309635,-0.028499466082859387,-0.0252157751870108,0.199685278281537,-0.07464549629154232,0.06657295861783105,-0.06531088705930968,-0.07988674679700883,0.08224532213363035,0.21054306421301927,0.03447150587594823,tenure_months (+0.671); tenure_days (+0.670); total_errors (+0.560),total_usage_count (-1.007); engagement_trend_ratio (-0.857); industry_DevTools (-0.195)
A-5247b3,0.009056367951713567,0.06942154669188408,-0.008620111394184815,-0.008620111394184874,-0.03374740520713475,-0.34753699470782223,-0.0016854774780280498,0.466157296052649,-0.013801258494368323,-0.08717426690996702,-0.05828733657695916,0.024574909077219702,0.00014736357634236903,-0.01386405157995639,-0.009456650745481975,0.04634255986524764,-0.09857234394587658,0.022028480105726556,-0.058287336576959024,0.04642731853378647,-0.022970186373994676,0.023159510413888133,0.023267260449332382,-0.0017363872814420765,-0.1952022743700931,-0.0015140950748385386,0.18498103073604205,-0.10110161333830604,-0.013499648900002976,-0.06127449945998744,-0.019062961308309635,-0.028499466082859387,0.22694197668309718,-0.31232825577368606,0.03199092698208957,-0.10412693527404343,0.055635200087560094,-0.07988674679700883,0.08224532213363035,-0.05596714365156208,-0.19533853329703998,total_usage_count (+0.466); country_UK (+0.227); industry_FinTech (+0.185),upgrade_flag (-0.348); country_US (-0.312); referral_source_partner (-0.195)
A-f44180,0.02676434998020378,-0.02314051556396136,-0.026108606127704544,-0.026108606127704735,0.11298044351953808,0.0302206082354628,-0.0016854774780280498,0.11451739457969279,-0.007095013530399944,0.17929729133010694,-0.00244318177268691,-0.041843764104455165,0.010194880145140235,-0.014853780709119715,-0.009456650745481975,-0.9751171163569804,0.02345669257584133,0.037667302153296625,-0.0024431817726868854,-0.9769005661424951,-0.03599576729832275,0.056197091715289034,1.0544953650940083,-0.0017363872814420765,-0.1952022743700931,-0.0015140950748385386,-0.06499333512347424,-0.10110161333830604,-0.013499648900002976,-0.06127449945998744,-0.019062961308309635,-0.028499466082859387,0.22694197668309718,-0.31232825577368606,0.03199092698208957,-0.10412693527404343,0.055635200087560094,0.390035293185396,0.08224532213363035,-0.05596714365156208,0.03447150587594823,engagement_trend_ratio (+1.054); referral_source_event (+0.390); country_UK (+0.227),tenure_months (-0.977); tenure_days (-0.975); country_US (-0.312)
A-c16cf7,0.0166455031067808,0.06942154669188408,-0.017837020780769538,-0.017837020780769666,-0.03374740520713475,0.0302206082354628,-0.0016854774780280498,0.33722266551256513,0.0027791650411752244,0.0270278294786361,-0.05130681722642513,-0.019704206377230214,-0.004876394708056564,-0.017445928428356988,-0.009456650745481975,0.6129537797544226,0.199720856440545,-0.04344132173295293,-0.051306817226424974,0.6140748474381872,-0.0022087930527852633,0.05215774779812933,-0.9022189220406082,-0.0017363872814420765,-0.1952022743700931,0.013626855673546847,-0.06499333512347424,-0.10110161333830604,-0.013499648900002976,-0.06127449945998744,-0.019062961308309635,-0.028499466082859387,-0.0252157751870108,0.199685278281537,0.03199092698208957,-0.10412693527404343,0.055635200087560094,0.390035293185396,0.08224532213363035,-0.05596714365156208,0.03447150587594823,tenure_months (+0.614); tenure_days (+0.613); referral_source_event (+0.390),engagement_trend_ratio (-0.902); industry_DevTools (-0.195); plan_tier_Pro (-0.104)
A-d42431,-0.006121902358420903,0.06942154669188408,0.028347033945801424,0.02834703394580163,-0.03374740520713475,0.0302206082354628,-0.0016854774780280498,-0.13163053645137662,0.008405013501514444,-0.27751109422430553,0.018498376278915183,0.002435351349994744,0.00014736357634236903,0.01660546661071442,-0.009456650745481975,0.2776654890860576,-0.09857234394587658,0.020195863775192373,0.018498376278915134,0.27817332804062894,-0.020654981342858734,-0.015533631913750484,-0.5200284363880483,-0.0017363872814420765,-0.1952022743700931,-0.0015140950748385386,0.18498103073604205,-0.10110161333830604,-0.013499648900002976,-0.06127449945998744,0.6163690823020115,-0.028499466082859387,-0.0252157751870108,-0.31232825577368606,-0.07464549629154232,0.06657295861783105,0.055635200087560094,-0.07988674679700883,0.08224532213363035,-0.05596714365156208,0.03447150587594823,country_FR (+0.616); tenure_months (+0.278); tenure_days (+0.278),engagement_trend_ratio (-0.520); country_US (-0.312); total_errors (-0.278)
A-6965e1,0.0166455031067808,-0.02314051556396136,-0.023036302998842968,-0.023036302998843138,-0.03374740520713475,0.0302206082354628,-0.0016854774780280498,0.5325781663308741,-0.019406615792950707,-0.08717426690996702,-0.05130681722642513,-0.019704206377230214,-0.009900152992455497,-0.004249540039512704,-0.009456650745481975,0.7169191412019775,0.199720856440545,-0.16002279530996527,-0.051306817226424974,0.7182303573289028,0.03832141701650799,0.05548641015392408,-0.9716940234001107,-0.0017363872814420765,0.6535032663694421,-0.0015140950748385386,-0.06499333512347424,-0.10110161333830604,-0.013499648900002976,-0.06127449945998744,-0.019062961308309635,-0.028499466082859387,-0.0252157751870108,0.199685278281537,0.03199092698208957,0.06657295861783105,-0.06531088705930968,-0.07988674679700883,-0.22236698206500055,-0.05596714365156208,0.03447150587594823,tenure_months (+0.718); tenure_days (+0.717); industry_DevTools (+0.654),engagement_trend_ratio (-0.972); referral_source_organic (-0.222); usage_rate_per_day (-0.160)
A-0354fe,-0.03647844297868984,-0.02314051556396136,-0.026108606127704544,-0.026108606127704735,-0.03374740520713475,0.0302206082354628,-0.0016854774780280498,-0.10818787635317956,-0.001108520623140415,-0.12524163237283475,0.004537337577847121,0.002435351349994744,0.00014736357634236903,0.022614536323491724,-0.009456650745481975,0.6285485839715558,0.24039720194778427,-0.03183819369313881,0.004537337577847101,0.6296981739217945,0.014119091575130017,0.056197091715289034,-0.7458708231622925,-0.0017363872814420765,-0.1952022743700931,-0.0015140950748385386,-0.06499333512347424,-0.10110161333830604,-0.013499648900002976,-0.06127449945998744,-0.019062961308309635,-0.028499466082859387,-0.0252157751870108,0.199685278281537,0.03199092698208957,0.06657295861783105,0.055635200087560094,-0.07988674679700883,0.08224532213363035,0.21054306421301927,0.03447150587594823,tenure_months (+0.630); tenure_days (+0.629); days_since_last_activity (+0.240),engagement_trend_ratio (-0.746); industry_DevTools (-0.195); total_errors (-0.125)
A-0a62f5,0.009056367951713567,-0.02314051556396136,-0.020200330879893827,-0.02020033087989397,-0.03374740520713475,0.0302206082354628,-0.0016854774780280498,-0.9638449699373731,0.038616157837705056,0.7503077732731227,0.1581087632895958,-0.041843764104455165,0.00014736357634236903,0.0035269031181991034,-0.009456650745481975,0.5219840884878119,-0.3155128533178196,0.020564551724754476,0.15810876328959533,0.5229387762838108,-0.022035733654250357,0.05198311450847769,-0.8911358549760202,-0.0017363872814420765,-0.1952022743700931,-0.0015140950748385386,0.18498103073604205,-0.10110161333830604,-0.013499648900002976,-0.06127449945998744,-0.019062961308309635,-0.028499466082859387,0.22694197668309718,-0.31232825577368606,0.03199092698208957,-0.10412693527404343,-0.06531088705930968,-0.07988674679700883,0.08224532213363035,-0.05596714365156208,-0.19533853329703998,total_errors (+0.750); tenure_months (+0.523); tenure_days (+0.522),total_usage_count (-0.964); engagement_trend_ratio (-0.891); days_since_last_activity (-0.316)
A-f5641b,-0.0288893078236226,-0.02314051556396136,0.08527793038628494,0.08527793038628555,-0.03374740520713475,0.0302206082354628,-0.0016854774780280498,-0.20586562676233405,0.004416921144590312,0.33156675318157774,0.05340097303158535,0.002435351349994744,-0.009900152992455497,-0.016267679465067318,0.03352812537034518,0.09312697251664741,-0.03077843476714441,0.027817746287499202,0.05340097303158518,0.09329729798460863,-0.025293390961817513,-0.14134073255803048,-0.5398267363923787,-0.0017363872814420765,-0.1952022743700931,0.013626855673546847,-0.06499333512347424,-0.10110161333830604,-0.013499648900002976,-0.06127449945998744,-0.019062961308309635,-0.028499466082859387,-0.0252157751870108,0.199685278281537,0.03199092698208957,-0.10412693527404343,-0.06531088705930968,-0.07988674679700883,0.08224532213363035,0.21054306421301927,0.03447150587594823,total_errors (+0.332); referral_source_other (+0.211); country_US (+0.200),engagement_trend_ratio (-0.540); total_usage_count (-0.206); industry_DevTools (-0.195)
A-b44e3e,-0.051656713288824305,-0.02314051556396136,0.07290164855139722,0.07290164855139773,-0.03374740520713475,0.0302206082354628,-0.0016854774780280498,-0.40512823759700933,0.018113213662859243,0.5219035804959163,0.08132305043372147,-0.019704206377230214,0.003496535765941654,-0.005663438795460306,-0.009456650745481975,-0.02903232718422974,-0.19348381679610166,0.03243154222868297,0.08132305043372122,-0.02908542613698243,-0.030103114100475337,-0.14929314094262466,-0.31770077681066344,-0.0017363872814420765,-0.1952022743700931,-0.0015140950748385386,-0.06499333512347424,-0.10110161333830604,-0.013499648900002976,-0.06127449945998744,-0.019062961308309635,-0.028499466082859387,0.22694197668309718,-0.31232825577368606,0.03199092698208957,0.06657295861783105,0.055635200087560094,-0.07988674679700883,0.08224532213363035,-0.05596714365156208,0.03447150587594823,total_errors (+0.522); country_UK (+0.227); referral_source_organic (+0.082),total_usage_count (-0.405); engagement_trend_ratio (-0.318); country_US (-0.312)
A-3b37d9,-0.008651614076776648,-0.02314051556396136,0.030822290312778968,0.03082229031277919,-0.03374740520713475,0.0302206082354628,-0.0016854774780280498,-0.15507319654957372,0.011348056608839962,0.21736465679297465,0.06038149238211938,0.024574909077219702,0.005171121860741302,-7.84377166989983e-06,-0.009456650745481975,-1.0193023949721913,0.009897910740094896,0.03904722705163007,0.06038149238211917,-1.0211666578460492,-0.032122851507337506,-0.20133370141140897,1.9452036411565692,-0.0017363872814420765,-0.1952022743700931,-0.0015140950748385386,0.18498103073604205,-0.10110161333830604,-0.013499648900002976,-0.06127449945998744,-0.019062961308309635,-0.028499466082859387,-0.0252157751870108,0.199685278281537,-0.07464549629154232,0.06657295861783105,0.055635200087560094,0.390035293185396,0.08224532213363035,-0.05596714365156208,0.03447150587594823,engagement_trend_ratio (+1.945); referral_source_event (+0.390); total_errors (+0.217),tenure_months (-1.021); tenure_days (-1.019); clv_proxy (-0.201)
A-54d94a,-0.018770460950199627,-0.02314051556396136,-0.01972766886006897,-0.01972766886006911,-0.03374740520713475,0.0302206082354628,-0.0016854774780280498,0.356758215594396,-0.012238807410409606,-0.04910690144709932,-0.03734577852535707,0.002435351349994744,-0.004876394708056564,-0.025104546689739826,-0.009456650745481975,-0.7749837955704371,0.22683842011203784,0.03532744915911955,-0.03734577852535693,-0.7764012096028671,-0.032626383494953226,0.03118656753648443,1.4539154491053794,-0.0017363872814420765,-0.1952022743700931,-0.0015140950748385386,-0.06499333512347424,-0.10110161333830604,-0.013499648900002976,-0.06127449945998744,-0.019062961308309635,0.32774385995288297,-0.0252157751870108,-0.31232825577368606,0.03199092698208957,0.06657295861783105,0.055635200087560094,0.390035293185396,0.08224532213363035,-0.05596714365156208,0.03447150587594823,engagement_trend_ratio (+1.454); referral_source_event (+0.390); total_usage_count (+0.357),tenure_months (-0.776); tenure_days (-0.775); country_US (-0.312)
A-7f29a7,-0.05418642500718006,0.06942154669188408,-0.016419034721294964,-0.01641903472129508,-0.03374740520713475,0.0302206082354628,-0.0016854774780280498,0.5013212861999446,-0.01379972165723656,-0.4297805560757765,-0.09318993332962933,-0.06398332183168014,0.00014736357634236903,0.01695894129970132,-0.009456650745481975,0.540178026741134,0.009897910740094896,-0.023978381011982967,-0.09318993332962906,0.5411659905146861,-0.029800512984573375,0.04972199304507514,-0.9313342770279718,-0.0017363872814420765,-0.1952022743700931,-0.0015140950748385386,-0.06499333512347424,-0.10110161333830604,-0.013499648900002976,-0.06127449945998744,-0.019062961308309635,-0.028499466082859387,0.22694197668309718,-0.31232825577368606,0.03199092698208957,0.06657295861783105,-0.06531088705930968,0.390035293185396,0.08224532213363035,-0.05596714365156208,0.03447150587594823,tenure_months (+0.541); tenure_days (+0.540); total_usage_count (+0.501),engagement_trend_ratio (-0.931); total_errors (-0.430); country_US (-0.312)
A-089363,0.044472332008693986,-0.02314051556396136,-0.026108606127704544,-0.026108606127704735,-0.03374740520713475,0.0302206082354628,-0.0016854774780280498,0.5364852763472403,-0.023677486182119175,-0.23944372876143785,-0.08620941397909528,-0.019704206377230214,-0.0032018086132569205,0.0014060549842777018,-0.009456650745481975,-0.7619881253894927,-0.11213112578162301,0.03433164860223234,-0.08620941397909503,-0.763381770866528,-0.0341037236544225,0.056197091715289034,0.6871651268229549,-0.0017363872814420765,-0.1952022743700931,-0.0015140950748385386,0.18498103073604205,-0.10110161333830604,-0.013499648900002976,-0.06127449945998744,-0.019062961308309635,-0.028499466082859387,-0.0252157751870108,-0.31232825577368606,0.03199092698208957,0.06657295861783105,0.055635200087560094,0.390035293185396,0.08224532213363035,-0.05596714365156208,0.03447150587594823,engagement_trend_ratio (+0.687); total_usage_count (+0.536); referral_source_event (+0.390),tenure_months (-0.763); tenure_days (-0.762); country_US (-0.312)
A-524364,0.041942620290338246,-0.02314051556396136,-0.026108606127704544,-0.026108606127704735,-0.03374740520713475,0.0302206082354628,-0.0016854774780280498,-0.9911947400519363,0.03980515749864544,0.10316256040437151,0.14414772458852776,-0.019704206377230214,0.003496535765941654,-0.016503329257725238,-0.009456650745481975,0.8104879665047771,-1.1019221997911128,-2.7656707750568943,0.1441477245885273,0.8093664284832791,2.7335803866245105,0.056197091715289034,-1.0284439954116391,-0.0017363872814420765,0.6535032663694421,-0.0015140950748385386,-0.06499333512347424,-0.10110161333830604,-0.013499648900002976,-0.06127449945998744,0.6163690823020115,-0.028499466082859387,-0.0252157751870108,-0.31232825577368606,-0.07464549629154232,0.06657295861783105,0.055635200087560094,-0.07988674679700883,0.08224532213363035,-0.05596714365156208,-0.19533853329703998,support_tickets_per_month (+2.734); tenure_days (+0.810); tenure_months (+0.809),usage_rate_per_day (-2.766); days_since_last_activity (-1.102); engagement_trend_ratio (-1.028)
A-855a48,0.014115791388425052,0.06942154669188408,0.12240677589094812,0.12240677589094896,-0.03374740520713475,0.0302206082354628,-0.0016854774780280498,-0.16679452659867225,0.0022351246965312383,0.4077014841073132,0.025478895629449216,0.024574909077219702,-0.0032018086132569205,-0.005097879293081267,-0.009456650745481975,-0.16418729706605129,-0.329071635153566,0.03247278659874679,0.025478895629449123,-0.16448758899491278,-0.02636479825408406,-0.3016612855914492,-0.37682717197325527,-0.0017363872814420765,-0.1952022743700931,0.013626855673546847,-0.06499333512347424,-0.10110161333830604,-0.013499648900002976,-0.06127449945998744,-0.019062961308309635,-0.028499466082859387,-0.0252157751870108,0.199685278281537,0.03199092698208957,-0.10412693527404343,0.055635200087560094,-0.07988674679700883,0.08224532213363035,-0.05596714365156208,-0.19533853329703998,total_errors (+0.408); country_US (+0.200); arr_amount (+0.122),engagement_trend_ratio (-0.377); days_since_last_activity (-0.329); clv_proxy (-0.302)
A-756192,0.0014672327966463318,-0.02314051556396136,-0.0029481671562865213,-0.0029481671562865412,-0.03374740520713475,0.0302206082354628,-0.0016854774780280498,0.4935070661672123,-0.017066012841276162,-0.6201173833901149,-0.10715097203069739,-0.019704206377230214,0.00014736357634236903,-0.001893042112933372,-0.009456650745481975,-0.6684193000866931,0.2132796382762914,0.0337817392657832,-0.10715097203069704,-0.6696418119648837,-0.03381380923511466,-0.028480312611274528,0.3768340074339327,-0.0017363872814420765,-0.1952022743700931,-0.0015140950748385386,0.18498103073604205,-0.10110161333830604,-0.013499648900002976,-0.06127449945998744,-0.019062961308309635,0.32774385995288297,-0.0252157751870108,-0.31232825577368606,0.03199092698208957,0.06657295861783105,0.055635200087560094,-0.07988674679700883,0.08224532213363035,0.21054306421301927,0.03447150587594823,total_usage_count (+0.494); engagement_trend_ratio (+0.377); country_IN (+0.328),tenure_months (-0.670); tenure_days (-0.668); total_errors (-0.620)
A-49b828,0.03435348513527101,-0.02314051556396136,0.023396521211846336,0.023396521211846506,-0.03374740520713475,0.0302206082354628,-0.0016854774780280498,0.767004767312845,-0.01890919284130352,-0.6962521143158503,-0.10715097203069739,-0.019704206377230214,-0.004876394708056564,0.031569228444493204,0.03352812537034518,-0.7645872594256815,0.10480938359031995,0.03319667180373887,-0.10715097203069704,-0.7659856586137958,-0.034111285137030954,-0.13656928752727396,0.8547160470572469,-0.0017363872814420765,-0.1952022743700931,-0.0015140950748385386,0.18498103073604205,-0.10110161333830604,-0.013499648900002976,-0.06127449945998744,-0.019062961308309635,0.32774385995288297,-0.0252157751870108,-0.31232825577368606,0.03199092698208957,-0.10412693527404343,0.055635200087560094,-0.07988674679700883,0.08224532213363035,-0.05596714365156208,0.03447150587594823,engagement_trend_ratio (+0.855); total_usage_count (+0.767); country_IN (+0.328),tenure_months (-0.766); tenure_days (-0.765); total_errors (-0.696)
A-c7ffc2,-0.026359596105266857,0.06942154669188408,-0.014528386641995534,-0.014528386641995638,0.11298044351953808,0.0302206082354628,-0.0016854774780280498,0.5833705965436344,-0.02596532439226987,-0.04910690144709932,-0.07224837527802722,-0.041843764104455165,-0.009900152992455497,-0.03959700893820274,-0.009456650745481975,-1.0193023949721913,0.22683842011203784,0.03586152236705937,-0.072248375278027,-1.0211666578460492,-0.03606072987202453,0.003813179021175897,2.5943447880436117,-0.0017363872814420765,-0.1952022743700931,-0.0015140950748385386,-0.06499333512347424,-0.10110161333830604,-0.013499648900002976,-0.06127449945998744,-0.019062961308309635,-0.028499466082859387,-0.0252157751870108,0.199685278281537,0.03199092698208957,-0.10412693527404343,-0.06531088705930968,-0.07988674679700883,0.08224532213363035,-0.05596714365156208,-0.19533853329703998,engagement_trend_ratio (+2.594); total_usage_count (+0.583); days_since_last_activity (+0.227),tenure_months (-1.021); tenure_days (-1.019); referral_source_partner (-0.195)
A-751c58,0.01158607967006931,-0.02314051556396136,-0.009329104423922098,-0.009329104423922166,-0.03374740520713475,0.0302206082354628,-0.0016854774780280498,0.32550133546346655,-0.014924686437686836,0.559970945958784,-0.05130681722642513,0.024574909077219702,0.003496535765941654,-0.005097879293081267,-0.009456650745481975,0.37903171649742373,0.2132796382762914,0.005617331172838325,-0.051306817226424974,0.3797249501840767,-0.010851982429008051,0.038299457351513015,-0.39992603208480615,-0.0017363872814420765,-0.1952022743700931,-0.0015140950748385386,0.18498103073604205,-0.10110161333830604,-0.013499648900002976,-0.06127449945998744,-0.019062961308309635,-0.028499466082859387,0.22694197668309718,-0.31232825577368606,0.03199092698208957,0.06657295861783105,0.055635200087560094,-0.07988674679700883,-0.22236698206500055,-0.05596714365156208,0.03447150587594823,total_errors (+0.560); tenure_months (+0.380); tenure_days (+0.379),engagement_trend_ratio (-0.400); country_US (-0.312); referral_source_organic (-0.222)
A-72799b,-0.001062478921709413,-0.02314051556396136,0.011069993273782285,0.011069993273782363,-0.03374740520713475,0.0302206082354628,-0.0016854774780280498,0.2317306950706782,-0.0024214918127096574,-0.27751109422430553,-0.05130681722642513,-0.041843764104455165,0.005171121860741302,0.0035269031181991034,0.03352812537034518,0.35823864420791274,0.18616207460479856,0.00914058396798431,-0.051306817226424974,0.3588938482059336,-0.028064271890093043,0.014629893050866417,-0.3502436572469601,-0.0017363872814420765,0.6535032663694421,-0.0015140950748385386,-0.06499333512347424,-0.10110161333830604,-0.013499648900002976,-0.06127449945998744,0.6163690823020115,-0.028499466082859387,-0.0252157751870108,-0.31232825577368606,-0.07464549629154232,0.06657295861783105,0.055635200087560094,0.390035293185396,0.08224532213363035,-0.05596714365156208,0.03447150587594823,industry_DevTools (+0.654); country_FR (+0.616); referral_source_event (+0.390),engagement_trend_ratio (-0.350); country_US (-0.312); total_errors (-0.278)
A-812c5b,-0.08960238906416049,-0.02314051556396136,0.007413081857242596,0.00741308185724265,-0.03374740520713475,0.0302206082354628,-0.0016854774780280498,1.4663774602423914,-0.06112713340891196,-0.734319479778718,-0.2188392816392419,0.002435351349994744,0.00014736357634236903,0.012717245031858513,-0.009456650745481975,0.6129537797544226,0.199720856440545,-0.08856459744334118,-0.21883928163924124,0.6140748474381872,0.00995026996800272,0.03982711899837867,-0.45800487757476277,-0.0017363872814420765,0.6535032663694421,-0.0015140950748385386,-0.06499333512347424,-0.10110161333830604,0.2564933291000565,-0.06127449945998744,-0.019062961308309635,-0.028499466082859387,-0.0252157751870108,-0.31232825577368606,0.03199092698208957,0.06657295861783105,-0.06531088705930968,-0.07988674679700883,-0.22236698206500055,-0.05596714365156208,0.03447150587594823,total_usage_count (+1.466); industry_DevTools (+0.654); tenure_months (+0.614),total_errors (-0.734); engagement_trend_ratio (-0.458); country_US (-0.312)
A-69b156,0.031823773416915266,-0.02314051556396136,-0.024217958048405114,-0.024217958048405288,0.11298044351953808,0.0302206082354628,-0.0016854774780280498,-0.5106202080388962,0.024480842178795915,0.25543202225584233,0.0883035697842555,0.06885402453166961,0.00014736357634236903,0.005647751252120506,-0.009456650745481975,-0.2447604521879064,-0.017219652931397975,0.03612722609658281,0.08830356978425523,-0.24520810916021732,-0.02275341677756496,0.05126484019538877,-0.31391471978205693,-0.0017363872814420765,-0.1952022743700931,0.013626855673546847,-0.06499333512347424,-0.10110161333830604,-0.013499648900002976,-0.06127449945998744,-0.019062961308309635,-0.028499466082859387,-0.0252157751870108,0.199685278281537,0.03199092698208957,-0.10412693527404343,-0.06531088705930968,-0.07988674679700883,0.08224532213363035,0.21054306421301927,0.03447150587594823,total_errors (+0.255); referral_source_other (+0.211); country_US (+0.200),total_usage_count (-0.511); engagement_trend_ratio (-0.314); tenure_months (-0.245)
A-075038,0.006526656233357821,-0.02314051556396136,-0.016182703711382536,-0.01618270371138265,-0.03374740520713475,0.0302206082354628,-0.0016854774780280498,0.9858029282293511,-0.024823454403370207,-0.16330899783570246,-0.12111201073176545,-0.041843764104455165,-0.009900152992455497,-0.010612084441276912,-0.009456650745481975,-0.7463933211723595,0.10480938359031995,0.03193009191515326,-0.12111201073176507,-0.7477584443829205,-0.03560054375261202,0.01799340214088915,0.974410840665686,-0.0017363872814420765,-0.1952022743700931,-0.0015140950748385386,-0.06499333512347424,0.35845117456308506,-0.013499648900002976,-0.06127449945998744,-0.019062961308309635,-0.028499466082859387,0.22694197668309718,-0.31232825577368606,0.03199092698208957,0.06657295861783105,-0.06531088705930968,-0.07988674679700883,0.08224532213363035,-0.05596714365156208,0.03447150587594823,total_usage_count (+0.986); engagement_trend_ratio (+0.974); industry_HealthTech (+0.358),tenure_months (-0.748); tenure_days (-0.746); country_US (-0.312)
A-940b8b,0.04700204372704973,-0.02314051556396136,-0.026108606127704544,-0.026108606127704735,-0.03374740520713475,0.0302206082354628,-0.0016854774780280498,-0.5028059880061638,0.014900711778431337,-0.20137636329857014,0.07434253108318743,-0.019704206377230214,0.00014736357634236903,-0.007548637136723778,-0.009456650745481975,0.06453649811856978,-0.6273648355399875,0.03168180828429242,0.0743425310831872,0.06465453276466178,-0.02902651741570788,0.056197091715289034,-0.43902671966067247,-0.0017363872814420765,-0.1952022743700931,-0.0015140950748385386,-0.06499333512347424,0.35845117456308506,-0.013499648900002976,0.8140754928255473,-0.019062961308309635,-0.028499466082859387,-0.0252157751870108,-0.31232825577368606,0.03199092698208957,0.06657295861783105,0.055635200087560094,-0.07988674679700883,-0.22236698206500055,-0.05596714365156208,0.03447150587594823,country_DE (+0.814); industry_HealthTech (+0.358); distinct_features_used (+0.074),days_since_last_activity (-0.627); total_usage_count (-0.503); engagement_trend_ratio (-0.439)
A-2d1036,-0.1250183531211409,-0.02314051556396136,0.015945875162501868,0.015945875162501986,0.11298044351953808,0.0302206082354628,-0.0016854774780280498,0.786540317394676,-0.015913384992454156,-0.5059152870015119,-0.13507304943283352,0.024574909077219702,0.006175873517621084,-0.0025528615323755785,0.03352812537034518,0.45700573758309,0.22683842011203784,-0.013729578007509012,-0.13507304943283313,0.4578415826021135,-0.004712129557065145,0.01944689459196683,-0.4787395843893163,-0.0017363872814420765,-0.1952022743700931,-0.0015140950748385386,0.18498103073604205,-0.10110161333830604,-0.013499648900002976,-0.06127449945998744,-0.019062961308309635,-0.028499466082859387,-0.0252157751870108,0.199685278281537,0.03199092698208957,-0.10412693527404343,-0.06531088705930968,-0.07988674679700883,0.08224532213363035,-0.05596714365156208,0.03447150587594823,total_usage_count (+0.787); tenure_months (+0.458); tenure_days (+0.457),total_errors (-0.506); engagement_trend_ratio (-0.479); industry_DevTools (-0.195)
A-0f6450,-0.02130017266855537,0.06942154669188408,0.04319857214766669,0.043198572147667,0.11298044351953808,0.0302206082354628,-0.0016854774780280498,0.1887524848906502,-0.012499045164721419,-0.46784792153864413,-0.03036525917482304,0.09099358225889458,-0.0015272225184572734,0.00882902345300261,0.03352812537034518,0.8026905643962104,-0.4782182353467768,-2.0853346042539007,-0.030365259174822946,0.8041586529887433,2.4255507900978817,0.05486108710667721,-1.0284439954116391,-0.0017363872814420765,-0.1952022743700931,-0.0015140950748385386,0.18498103073604205,-0.10110161333830604,-0.013499648900002976,-0.06127449945998744,-0.019062961308309635,-0.028499466082859387,-0.0252157751870108,0.199685278281537,0.03199092698208957,-0.10412693527404343,-0.06531088705930968,-0.07988674679700883,0.08224532213363035,0.21054306421301927,0.03447150587594823,support_tickets_per_month (+2.426); tenure_months (+0.804); tenure_days (+0.803),usage_rate_per_day (-2.085); engagement_trend_ratio (-1.028); days_since_last_activity (-0.478)
A-9affe6,0.031823773416915266,-0.02314051556396136,-0.01209044569763574,-0.012090445697635828,-0.03374740520713475,0.0302206082354628,-0.0016854774780280498,-0.06911677618951774,0.0027755790878677784,0.4077014841073132,-0.00244318177268691,-0.019704206377230214,-0.009900152992455497,-0.03111361640251713,-0.009456650745481975,-0.8789491570179919,0.24039720194778427,0.038014057771673486,-0.0024431817726868854,-0.8805567194935833,-0.03442095693247281,-0.002351016446866437,0.29601304368818737,-0.0017363872814420765,-0.1952022743700931,-0.0015140950748385386,-0.06499333512347424,-0.10110161333830604,-0.013499648900002976,-0.06127449945998744,-0.019062961308309635,-0.028499466082859387,-0.0252157751870108,0.199685278281537,0.03199092698208957,-0.10412693527404343,-0.06531088705930968,-0.07988674679700883,0.08224532213363035,0.21054306421301927,0.03447150587594823,total_errors (+0.408); engagement_trend_ratio (+0.296); days_since_last_activity (+0.240),tenure_months (-0.881); tenure_days (-0.879); industry_DevTools (-0.195)
A-80eeb6,-0.006121902358420903,-0.02314051556396136,0.028347033945801424,0.02834703394580163,-0.03374740520713475,0.0302206082354628,-0.0016854774780280498,0.9154749479347599,-0.03669603352528077,-0.6201173833901149,-0.1769561655360377,0.002435351349994744,-0.0032018086132569205,-0.006016913484447206,0.03352812537034518,-0.7541907232809261,0.1319269472618128,0.032358249589075176,-0.17695616553603716,-0.7555701076247241,-0.03254585726744232,-0.1544463015758417,1.1076561771634479,-0.0017363872814420765,-0.1952022743700931,-0.0015140950748385386,-0.06499333512347424,-0.10110161333830604,-0.013499648900002976,-0.06127449945998744,-0.019062961308309635,-0.028499466082859387,0.22694197668309718,-0.31232825577368606,-0.07464549629154232,0.06657295861783105,0.055635200087560094,-0.07988674679700883,-0.22236698206500055,-0.05596714365156208,0.03447150587594823,engagement_trend_ratio (+1.108); total_usage_count (+0.915); country_UK (+0.227),tenure_months (-0.756); tenure_days (-0.754); total_errors (-0.620)
A-d4e0d4,-0.24644451560221664,-0.02314051556396136,0.26349638880866816,0.26349638880867005,-0.03374740520713475,-0.34753699470782223,-0.0016854774780280498,-0.010510125944025015,0.0028175859694692914,-0.23944372876143785,0.004537337577847121,0.002435351349994744,0.00014736357634236903,-0.004603014728499604,-0.009456650745481975,0.6181520478268003,-0.12568990761736945,-0.03160453239715952,0.004537337577847101,0.619282622932723,0.011264763267547356,-0.08150681187234383,-0.998335961606351,-0.0017363872814420765,-0.1952022743700931,-0.0015140950748385386,0.18498103073604205,-0.10110161333830604,-0.013499648900002976,-0.06127449945998744,-0.019062961308309635,-0.028499466082859387,-0.0252157751870108,0.199685278281537,0.03199092698208957,0.06657295861783105,0.055635200087560094,-0.07988674679700883,0.08224532213363035,0.21054306421301927,0.03447150587594823,tenure_months (+0.619); tenure_days (+0.618); arr_amount (+0.263),engagement_trend_ratio (-0.998); upgrade_flag (-0.348); seats (-0.246)
A-c7e58b,0.041942620290338246,-0.02314051556396136,-0.026108606127704544,-0.026108606127704735,-0.03374740520713475,0.0302206082354628,-0.0016854774780280498,-0.5770410783171213,0.022754461800782513,0.33156675318157774,0.0883035697842555,0.024574909077219702,-0.004876394708056564,0.007627209510447146,-0.009456650745481975,-0.6320314235800488,-0.329071635153566,0.03931548892758996,0.08830356978425523,-0.6331873835031333,-0.03036085788469978,0.056197091715289034,0.5771179955480076,-0.0017363872814420765,-0.1952022743700931,-0.0015140950748385386,-0.06499333512347424,0.35845117456308506,-0.013499648900002976,-0.06127449945998744,-0.019062961308309635,0.32774385995288297,-0.0252157751870108,-0.31232825577368606,0.03199092698208957,-0.10412693527404343,-0.06531088705930968,-0.07988674679700883,0.08224532213363035,0.21054306421301927,0.03447150587594823,engagement_trend_ratio (+0.577); industry_HealthTech (+0.358); total_errors (+0.332),tenure_months (-0.633); tenure_days (-0.632); total_usage_count (-0.577)
A-016043,0.0394129085719825,0.06942154669188408,-0.0199639998699814,-0.019963999869981538,0.11298044351953808,0.0302206082354628,-0.0016854774780280498,-0.002695905911292654,0.009321480711088919,0.21736465679297465,-0.009423701123220942,-0.019704206377230214,0.00014736357634236903,0.00800424917869985,-0.009456650745481975,0.4128204589678791,0.24039720194778427,0.008645819310852077,-0.009423701123220933,0.4135754908985594,-0.020566594084171035,0.05015629844368705,-0.7699163451368983,-0.0017363872814420765,-0.1952022743700931,0.013626855673546847,-0.06499333512347424,-0.10110161333830604,0.2564933291000565,-0.06127449945998744,-0.019062961308309635,-0.028499466082859387,-0.0252157751870108,-0.31232825577368606,0.03199092698208957,0.06657295861783105,-0.06531088705930968,-0.07988674679700883,-0.22236698206500055,-0.05596714365156208,0.03447150587594823,tenure_months (+0.414); tenure_days (+0.413); country_CA (+0.256),engagement_trend_ratio (-0.770); country_US (-0.312); referral_source_organic (-0.222)
A-bbe56f,-0.003592190640065158,-0.02314051556396136,-0.02090932390963111,-0.020909323909631263,-0.03374740520713475,0.0302206082354628,-0.0016854774780280498,-1.0107302901337674,0.045934576259158894,0.712240407810255,0.1790503213411979,0.002435351349994744,0.00014736357634236903,0.013777669098819214,-0.009456650745481975,-0.9673197142484138,-0.15280747128886232,0.04262425719793367,0.17905032134119736,-0.9690889029006916,-0.03328195410591011,0.03334594612678559,0.3609362906986323,-0.0017363872814420765,-0.1952022743700931,-0.0015140950748385386,-0.06499333512347424,0.35845117456308506,-0.013499648900002976,-0.06127449945998744,-0.019062961308309635,-0.028499466082859387,-0.0252157751870108,0.199685278281537,-0.07464549629154232,0.06657295861783105,0.055635200087560094,-0.07988674679700883,0.08224532213363035,-0.05596714365156208,0.03447150587594823,total_errors (+0.712); engagement_trend_ratio (+0.361); industry_HealthTech (+0.358),total_usage_count (-1.011); tenure_months (-0.969); tenure_days (-0.967)
A-7c5768,0.041942620290338246,-0.02314051556396136,-0.026108606127704544,-0.026108606127704735,-0.03374740520713475,0.0302206082354628,-0.0016854774780280498,-0.1160020963859119,0.004095722184051913,-0.16330899783570246,0.004537337577847121,0.024574909077219702,0.00014736357634236903,0.01017222727115283,-0.009456650745481975,0.020351219503358896,-0.15280747128886232,0.0286544310672954,0.004537337577847101,0.02038844106110763,-0.023487153339164235,0.056197091715289034,-0.5595777279108496,-0.0017363872814420765,-0.1952022743700931,-0.0015140950748385386,-0.06499333512347424,0.35845117456308506,-0.013499648900002976,-0.06127449945998744,-0.019062961308309635,-0.028499466082859387,0.22694197668309718,-0.31232825577368606,-0.07464549629154232,0.06657295861783105,-0.06531088705930968,0.390035293185396,0.08224532213363035,-0.05596714365156208,0.03447150587594823,referral_source_event (+0.390); industry_HealthTech (+0.358); country_UK (+0.227),engagement_trend_ratio (-0.560); country_US (-0.312); industry_DevTools (-0.195)
A-751bd4,0.02423463826184803,-0.02314051556396136,-0.026108606127704544,-0.026108606127704735,-0.03374740520713475,0.0302206082354628,-0.0016854774780280498,-1.5577256924250327,0.06026558251284581,1.0167793315131965,0.2558360341970723,0.04671446680444465,0.0026592427185418354,0.018137190262990988,0.03352812537034518,0.36343691228029046,0.06413303808308064,0.04030198781148128,0.2558360341970715,0.36410162370046945,-0.0064503266646880495,0.056197091715289034,0.37886377826134565,-0.0017363872814420765,-0.1952022743700931,-0.0015140950748385386,-0.06499333512347424,-0.10110161333830604,-0.013499648900002976,-0.06127449945998744,-0.019062961308309635,-0.028499466082859387,0.22694197668309718,-0.31232825577368606,0.03199092698208957,-0.10412693527404343,0.055635200087560094,-0.07988674679700883,0.08224532213363035,-0.05596714365156208,-0.19533853329703998,total_errors (+1.017); engagement_trend_ratio (+0.379); tenure_months (+0.364),total_usage_count (-1.558); country_US (-0.312); referral_source_partner (-0.195)
A-4e0e85,0.03435348513527101,-0.02314051556396136,-0.026108606127704544,-0.026108606127704735,-0.03374740520713475,-0.34753699470782223,-0.0016854774780280498,-0.7919321292172612,0.03578376700386644,0.6741730423473873,0.11622564718639161,-0.041843764104455165,0.010194880145140235,-0.024044122622779125,-0.009456650745481975,-0.4370963708658832,0.199720856440545,0.03952929664940109,0.11622564718639128,-0.4378958024580415,-0.03483561215856634,0.056197091715289034,0.2723138429681816,-0.0017363872814420765,0.6535032663694421,-0.0015140950748385386,-0.06499333512347424,-0.10110161333830604,-0.013499648900002976,-0.06127449945998744,-0.019062961308309635,-0.028499466082859387,-0.0252157751870108,0.199685278281537,-0.07464549629154232,0.06657295861783105,0.055635200087560094,-0.07988674679700883,-0.22236698206500055,-0.05596714365156208,0.03447150587594823,total_errors (+0.674); industry_DevTools (+0.654); engagement_trend_ratio (+0.272),total_usage_count (-0.792); tenure_months (-0.438); tenure_days (-0.437)
A-ad3abd,-0.06177556016224729,-0.02314051556396136,0.0007087442602531676,0.0007087442602531734,-0.03374740520713475,0.0302206082354628,-0.0016854774780280498,-0.7606752490863317,0.028382871656341336,0.5980383114216518,0.12320616653692565,-0.019704206377230214,-0.009900152992455497,0.03251182761512494,-0.009456650745481975,-0.9283327037055806,-0.30195407148207315,0.04139881986356928,0.12320616653692527,-0.9300305866916733,-0.034542086197750614,-0.05908197931221654,2.212384763389577,-0.0017363872814420765,-0.1952022743700931,-0.0015140950748385386,0.18498103073604205,-0.10110161333830604,-0.013499648900002976,-0.06127449945998744,-0.019062961308309635,-0.028499466082859387,-0.0252157751870108,0.199685278281537,0.03199092698208957,-0.10412693527404343,-0.06531088705930968,0.390035293185396,0.08224532213363035,-0.05596714365156208,0.03447150587594823,engagement_trend_ratio (+2.212); total_errors (+0.598); referral_source_event (+0.390),tenure_months (-0.930); tenure_days (-0.928); total_usage_count (-0.761)
A-e19ff6,0.04700204372704973,-0.02314051556396136,-0.010261989989365899,-0.010261989989365972,0.11298044351953808,0.0302206082354628,-0.0016854774780280498,-0.13553764646774283,0.002780189599263066,0.10316256040437151,0.025478895629449216,-0.019704206377230214,0.006845707955540948,0.007532949593383973,-0.009456650745481975,-0.546260000385816,0.03701547441158777,0.03628310561790324,0.025478895629449123,-0.5472590878432928,-0.033375127002621116,0.00304559178373225,0.5741636325669842,-0.0017363872814420765,-0.1952022743700931,-0.0015140950748385386,-0.06499333512347424,-0.10110161333830604,-0.013499648900002976,-0.06127449945998744,-0.019062961308309635,-0.028499466082859387,0.22694197668309718,-0.31232825577368606,-0.07464549629154232,0.06657295861783105,-0.06531088705930968,-0.07988674679700883,0.08224532213363035,-0.05596714365156208,-0.19533853329703998,engagement_trend_ratio (+0.574); country_UK (+0.227); auto_renew_flag (+0.113),tenure_months (-0.547); tenure_days (-0.546); country_US (-0.312)
A-7920cc,-0.04912700157046856,-0.02314051556396136,0.144684083193746,0.144684083193747,-0.03374740520713475,0.0302206082354628,-0.0016854774780280498,0.4309933059053534,-0.013954942207544589,-0.04910690144709932,-0.07922889462856125,0.06885402453166961,0.003496535765941654,0.004435838032736852,-0.009456650745481975,-0.23956218411552865,0.0912506017545735,0.02899646144692209,-0.07922889462856103,-0.24000033366568183,-0.022674542691735335,-0.3871655805426058,-0.04385093979959709,-0.0017363872814420765,-0.1952022743700931,-0.0015140950748385386,-0.06499333512347424,-0.10110161333830604,-0.013499648900002976,-0.06127449945998744,0.6163690823020115,-0.028499466082859387,-0.0252157751870108,-0.31232825577368606,0.03199092698208957,-0.10412693527404343,0.055635200087560094,-0.07988674679700883,0.08224532213363035,-0.05596714365156208,0.03447150587594823,country_FR (+0.616); total_usage_count (+0.431); arr_amount (+0.145),clv_proxy (-0.387); country_US (-0.312); tenure_months (-0.240)
A-5a92e7,0.0394129085719825,-0.02314051556396136,-0.026108606127704544,-0.026108606127704735,-0.03374740520713475,0.0302206082354628,-0.0016854774780280498,1.540612550553349,-0.0645809187230266,-1.8763404436647493,-0.2607223977424461,0.06885402453166961,0.004166370203861519,-0.012732932575198313,-0.009456650745481975,0.2828637571584353,0.14548572909755925,-0.005083422352504432,-0.2607223977424453,0.2833811035351647,-0.006820851439980711,0.056197091715289034,-0.6027273174171257,-0.0017363872814420765,-0.1952022743700931,-0.0015140950748385386,-0.06499333512347424,0.35845117456308506,-0.013499648900002976,-0.06127449945998744,-0.019062961308309635,-0.028499466082859387,-0.0252157751870108,0.199685278281537,0.03199092698208957,-0.10412693527404343,-0.06531088705930968,-0.07988674679700883,0.08224532213363035,-0.05596714365156208,0.03447150587594823,total_usage_count (+1.541); industry_HealthTech (+0.358); tenure_months (+0.283),total_errors (-1.876); engagement_trend_ratio (-0.603); distinct_features_used (-0.261)
A-fdfc91,-0.023829884386911117,-0.02314051556396136,0.0001241359725750544,0.00012413597257505594,-0.03374740520713475,0.0302206082354628,-0.0016854774780280498,0.2864302352998047,-0.004032609405840859,-0.08717426690996702,-0.05130681722642513,0.024574909077219702,-0.0032018086132569205,0.01017222727115283,-0.009456650745481975,-0.7619881253894927,-0.329071635153566,0.03558692964003913,-0.051306817226424974,-0.763381770866528,-0.03104888468060469,-0.04578115668954538,0.13348703823631225,-0.0017363872814420765,-0.1952022743700931,-0.0015140950748385386,-0.06499333512347424,-0.10110161333830604,-0.013499648900002976,-0.06127449945998744,-0.019062961308309635,-0.028499466082859387,-0.0252157751870108,0.199685278281537,0.03199092698208957,0.06657295861783105,-0.06531088705930968,-0.07988674679700883,0.08224532213363035,-0.05596714365156208,0.03447150587594823,total_usage_count (+0.286); country_US (+0.200); engagement_trend_ratio (+0.133),tenure_months (-0.763); tenure_days (-0.762); days_since_last_activity (-0.329)
A-1e50e0,0.0014672327966463318,0.06942154669188408,0.020921264844868788,0.02092126484486894,-0.03374740520713475,0.0302206082354628,-0.0016854774780280498,-1.1592004707556822,0.04488645333529675,0.4457688495701809,0.1790503213411979,-0.041843764104455165,0.010194880145140235,0.021907586945517928,0.03352812537034518,-0.3071396690564394,-0.04433721660289085,0.04129544787701296,0.17905032134119736,-0.30770141509464694,-0.03438789472175439,-0.07374526128897992,0.5059277872228959,-0.0017363872814420765,-0.1952022743700931,-0.0015140950748385386,-0.06499333512347424,-0.10110161333830604,-0.013499648900002976,0.8140754928255473,-0.019062961308309635,-0.028499466082859387,-0.0252157751870108,-0.31232825577368606,0.03199092698208957,-0.10412693527404343,0.055635200087560094,-0.07988674679700883,0.08224532213363035,0.21054306421301927,0.03447150587594823,country_DE (+0.814); engagement_trend_ratio (+0.506); total_errors (+0.446),total_usage_count (-1.159); country_US (-0.312); tenure_months (-0.308)
A-1e1b80,-0.07695383047238176,-0.02314051556396136,-0.014292055632083106,-0.014292055632083208,-0.03374740520713475,-0.34753699470782223,-0.0016854774780280498,0.7474692172310141,-0.030246952641360677,-0.7723868452415857,-0.1490340881339016,0.04671446680444465,-0.007890649678695922,-0.00990513506330311,-0.009456650745481975,-0.4266998347211277,0.06413303808308064,0.029647337318751778,-0.14903408813390115,-0.42748025146896995,-0.02703780409523467,0.020055593509123306,0.39402255195156405,-0.0017363872814420765,-0.1952022743700931,-0.0015140950748385386,0.18498103073604205,-0.10110161333830604,0.2564933291000565,-0.06127449945998744,-0.019062961308309635,-0.028499466082859387,-0.0252157751870108,-0.31232825577368606,-0.07464549629154232,0.06657295861783105,0.055635200087560094,-0.07988674679700883,0.08224532213363035,0.21054306421301927,0.03447150587594823,total_usage_count (+0.747); engagement_trend_ratio (+0.394); country_CA (+0.256),total_errors (-0.772); tenure_months (-0.427); tenure_days (-0.427)
A-659280,0.0166455031067808,0.06942154669188408,-0.026108606127704544,-0.026108606127704735,0.11298044351953808,0.0302206082354628,-0.0016854774780280498,0.4778786261017476,-0.01836566477570346,-0.27751109422430553,-0.07922889462856125,0.002435351349994744,0.003496535765941654,0.039581321394862944,-0.009456650745481975,-0.15379076092129576,0.14548572909755925,0.02704246465472194,-0.07922889462856103,-0.15407203800584124,-0.028722760664153132,0.056197091715289034,0.12433020826217694,-0.0017363872814420765,-0.1952022743700931,-0.0015140950748385386,0.18498103073604205,-0.10110161333830604,-0.013499648900002976,-0.06127449945998744,-0.019062961308309635,0.32774385995288297,-0.0252157751870108,-0.31232825577368606,-0.07464549629154232,0.06657295861783105,0.055635200087560094,0.390035293185396,0.08224532213363035,-0.05596714365156208,0.03447150587594823,total_usage_count (+0.478); referral_source_event (+0.390); country_IN (+0.328),country_US (-0.312); total_errors (-0.278); industry_DevTools (-0.195)
A-f6b2fb,-0.008651614076776648,-0.02314051556396136,-0.020672992899718683,-0.02067299289971883,0.11298044351953808,0.0302206082354628,-0.0016854774780280498,0.1301458346451575,-0.004170412468655579,-0.3917131906129087,-0.05130681722642513,0.024574909077219702,0.00014736357634236903,-0.026871920134674328,0.03352812537034518,0.15550618938518046,0.14548572909755925,0.021974664556699264,-0.051306817226424974,0.15579060391903796,-0.02035088708380225,0.04739557391684632,-0.6381343935358126,-0.0017363872814420765,0.6535032663694421,-0.0015140950748385386,-0.06499333512347424,-0.10110161333830604,-0.013499648900002976,-0.06127449945998744,-0.019062961308309635,-0.028499466082859387,-0.0252157751870108,-0.31232825577368606,0.03199092698208957,0.06657295861783105,-0.06531088705930968,0.390035293185396,0.08224532213363035,-0.05596714365156208,0.03447150587594823,industry_DevTools (+0.654); referral_source_event (+0.390); tenure_months (+0.156),engagement_trend_ratio (-0.638); total_errors (-0.392); country_US (-0.312)
A-cb6cc6,0.0166455031067808,0.06942154669188408,-0.010871475225455845,-0.010871475225455923,-0.03374740520713475,0.0302206082354628,-0.0016854774780280498,-0.6903472687917404,0.024872223368351477,0.0270278294786361,0.07434253108318743,-0.019704206377230214,-0.004876394708056564,0.027798831761966267,-0.009456650745481975,-0.8477595485837255,0.10480938359031995,0.04080892581078602,0.0743425310831872,-0.8493100665263684,-0.034340737023080777,-0.006267277862395218,2.827926787853246,-0.0017363872814420765,0.6535032663694421,-0.0015140950748385386,-0.06499333512347424,-0.10110161333830604,-0.013499648900002976,-0.06127449945998744,-0.019062961308309635,-0.028499466082859387,-0.0252157751870108,0.199685278281537,0.03199092698208957,0.06657295861783105,-0.06531088705930968,-0.07988674679700883,0.08224532213363035,-0.05596714365156208,0.03447150587594823,engagement_trend_ratio (+2.828); industry_DevTools (+0.654); country_US (+0.200),tenure_months (-0.849); tenure_days (-0.848); total_usage_count (-0.690)
A-d62e02,0.03435348513527101,-0.02314051556396136,-0.011257067925839283,-0.01125706792583936,0.11298044351953808,0.0302206082354628,-0.0016854774780280498,-0.5731339683007551,0.012045780666660216,0.14122992586723926,0.0883035697842555,-0.06398332183168014,0.00014736357634236903,-7.84377166989983e-06,-0.009456650745481975,0.46480313969165665,0.11836816542606639,0.01595723645625314,0.08830356978425523,0.4656532458439172,-0.03173794610327037,0.04350504793347671,-0.47493540161407527,-0.0017363872814420765,-0.1952022743700931,-0.0015140950748385386,-0.06499333512347424,-0.10110161333830604,-0.013499648900002976,-0.06127449945998744,-0.019062961308309635,-0.028499466082859387,-0.0252157751870108,0.199685278281537,0.03199092698208957,-0.10412693527404343,-0.06531088705930968,-0.07988674679700883,0.08224532213363035,-0.05596714365156208,-0.19533853329703998,tenure_months (+0.466); tenure_days (+0.465); country_US (+0.200),total_usage_count (-0.573); engagement_trend_ratio (-0.475); referral_source_partner (-0.195)
A-d535f6,0.019175214825136545,0.06942154669188408,-0.026108606127704544,-0.026108606127704735,-0.03374740520713475,0.0302206082354628,0.03202407208253294,-0.05348833612405301,0.0021608442351627095,-0.08717426690996702,-0.00244318177268691,-0.08612287955890506,0.00014736357634236903,-7.84377166989983e-06,-0.009456650745481975,0.5921607074649116,0.15904451093330568,-0.02073470054008332,-0.0024431817726868854,0.593243745460044,-0.0386859821151492,0.056197091715289034,-0.9209583147267605,0.08508297679066168,0.6535032663694421,-0.0015140950748385386,-0.06499333512347424,-0.10110161333830604,-0.013499648900002976,-0.06127449945998744,-0.019062961308309635,-0.028499466082859387,-0.0252157751870108,0.199685278281537,0.03199092698208957,0.06657295861783105,-0.06531088705930968,-0.07988674679700883,-0.22236698206500055,-0.05596714365156208,0.03447150587594823,industry_DevTools (+0.654); tenure_months (+0.593); tenure_days (+0.592),engagement_trend_ratio (-0.921); referral_source_organic (-0.222); industry_HealthTech (-0.101)
A-39868b,0.02676434998020378,-0.02314051556396136,-0.026108606127704544,-0.026108606127704735,0.11298044351953808,0.0302206082354628,-0.0016854774780280498,-0.725511258939036,0.02252957130050124,0.21736465679297465,0.12320616653692565,0.04671446680444465,0.0026592427185418354,-0.004249540039512704,-0.009456650745481975,0.05933823004619202,0.009897910740094896,0.034125805858521915,0.12320616653692527,0.05944675727012602,-0.019500747729407616,0.056197091715289034,0.41151699784656853,-0.0017363872814420765,-0.1952022743700931,-0.0015140950748385386,0.18498103073604205,-0.10110161333830604,-0.013499648900002976,-0.06127449945998744,-0.019062961308309635,-0.028499466082859387,-0.0252157751870108,-0.31232825577368606,0.03199092698208957,-0.10412693527404343,0.055635200087560094,-0.07988674679700883,0.08224532213363035,-0.05596714365156208,-0.19533853329703998,engagement_trend_ratio (+0.412); total_errors (+0.217); industry_FinTech (+0.185),total_usage_count (-0.726); country_US (-0.312); referral_source_partner (-0.195)
A-3cc791,0.03435348513527101,-0.02314051556396136,-0.0041671376284664165,-0.004167137628466446,-0.03374740520713475,0.0302206082354628,-0.0016854774780280498,-0.17070163661503843,0.0006347649633223761,-0.12524163237283475,0.025478895629449216,0.04671446680444465,0.0026592427185418354,-0.017445928428356988,0.03352812537034518,-0.11480375037846263,-0.2477189441390874,0.03174951831787091,0.025478895629449123,-0.11501372179682286,-0.023111451953690444,0.006006285413872015,-0.48841607872368553,-0.0017363872814420765,-0.1952022743700931,0.013626855673546847,-0.06499333512347424,-0.10110161333830604,-0.013499648900002976,-0.06127449945998744,-0.019062961308309635,-0.028499466082859387,-0.0252157751870108,0.199685278281537,-0.07464549629154232,0.06657295861783105,-0.06531088705930968,-0.07988674679700883,0.08224532213363035,0.21054306421301927,0.03447150587594823,referral_source_other (+0.211); country_US (+0.200); referral_source_organic (+0.082),engagement_trend_ratio (-0.488); days_since_last_activity (-0.248); industry_DevTools (-0.195)
A-337bc1,-0.026359596105266857,0.06942154669188408,-0.026108606127704544,-0.026108606127704735,-0.03374740520713475,0.0302206082354628,0.03202407208253294,-0.2566580569750944,0.004690478154044067,-0.27751109422430553,0.025478895629449216,0.002435351349994744,0.00014736357634236903,0.004940801874146706,0.03352812537034518,-0.5696522067115158,-0.11213112578162301,0.0371515615103445,0.025478895629449123,-0.5706940775687039,-0.03172486128968867,0.056197091715289034,0.8915782510135606,-0.0017363872814420765,-0.1952022743700931,-0.0015140950748385386,-0.06499333512347424,-0.10110161333830604,-0.013499648900002976,-0.06127449945998744,-0.019062961308309635,-0.028499466082859387,-0.0252157751870108,0.199685278281537,0.03199092698208957,-0.10412693527404343,0.055635200087560094,-0.07988674679700883,-0.22236698206500055,-0.05596714365156208,0.03447150587594823,engagement_trend_ratio (+0.892); country_US (+0.200); is_trial (+0.069),tenure_months (-0.571); tenure_days (-0.570); total_errors (-0.278)
A-58b9ff,0.044472332008693986,-0.02314051556396136,-0.005995593336736261,-0.005995593336736303,-0.03374740520713475,0.0302206082354628,-0.0016854774780280498,0.6888625669855214,-0.025847500212168067,-0.20137636329857014,-0.11413149138123142,-0.041843764104455165,0.00014736357634236903,-0.04242480645009794,0.03352812537034518,0.2542732827603577,0.07769181991882708,0.009663854767650477,-0.11413149138123108,0.25473833831521786,-0.0300496382872998,0.028540453598824695,-0.5275182758546939,-0.0017363872814420765,0.6535032663694421,-0.0015140950748385386,-0.06499333512347424,-0.10110161333830604,-0.013499648900002976,-0.06127449945998744,-0.019062961308309635,0.32774385995288297,-0.0252157751870108,-0.31232825577368606,-0.07464549629154232,0.06657295861783105,-0.06531088705930968,-0.07988674679700883,0.08224532213363035,-0.05596714365156208,-0.19533853329703998,total_usage_count (+0.689); industry_DevTools (+0.654); country_IN (+0.328),engagement_trend_ratio (-0.528); country_US (-0.312); total_errors (-0.201)
A-bf7919,0.041942620290338246,-0.02314051556396136,-0.026108606127704544,-0.026108606127704735,0.11298044351953808,0.0302206082354628,-0.0016854774780280498,-0.8935169896427818,0.0373006252529162,0.48383621503304863,0.14414772458852776,-0.041843764104455165,0.010194880145140235,0.030390979481203534,-0.009456650745481975,0.7221174092743553,-0.2883952896463267,-0.04479143806298084,0.1441477245885273,0.7234381328234386,0.01567218197778529,0.056197091715289034,-1.0284439954116391,-0.0017363872814420765,-0.1952022743700931,-0.0015140950748385386,-0.06499333512347424,0.35845117456308506,-0.013499648900002976,-0.06127449945998744,-0.019062961308309635,-0.028499466082859387,-0.0252157751870108,0.199685278281537,0.03199092698208957,-0.10412693527404343,0.055635200087560094,-0.07988674679700883,-0.22236698206500055,-0.05596714365156208,0.03447150587594823,tenure_months (+0.723); tenure_days (+0.722); total_errors (+0.484),engagement_trend_ratio (-1.028); total_usage_count (-0.894); days_since_last_activity (-0.288)
A-1d5444,-0.011181325795132391,-0.02314051556396136,-0.026108606127704544,-0.026108606127704735,0.11298044351953808,-0.34753699470782223,-0.0016854774780280498,0.39582931575805774,-0.016269931207023098,-0.3155784596871733,-0.05130681722642513,-0.041843764104455165,0.00014736357634236903,0.00847554876401571,-0.009456650745481975,0.4596048716192789,0.10480938359031995,-0.005386954420408929,-0.051306817226424974,0.46044547034938144,-0.02499577782507681,0.056197091715289034,-0.058965306881360736,-0.0017363872814420765,-0.1952022743700931,-0.0015140950748385386,-0.06499333512347424,-0.10110161333830604,-0.013499648900002976,-0.06127449945998744,-0.019062961308309635,-0.028499466082859387,-0.0252157751870108,0.199685278281537,0.03199092698208957,0.06657295861783105,0.055635200087560094,-0.07988674679700883,0.08224532213363035,-0.05596714365156208,-0.19533853329703998,tenure_months (+0.460); tenure_days (+0.460); total_usage_count (+0.396),upgrade_flag (-0.348); total_errors (-0.316); referral_source_partner (-0.195)
A-0f3e88,0.031823773416915266,-0.02314051556396136,-0.02184220947507491,-0.021842209475075064,0.11298044351953808,0.0302206082354628,-0.0016854774780280498,0.41927197585625486,-0.013503112090806365,-0.04910690144709932,-0.06526785592749319,-0.019704206377230214,0.005171121860741302,-0.016974628843041115,-0.009456650745481975,-0.19017863742794,0.2132796382762914,0.028217757476128726,-0.065267855927493,-0.19052646646759175,-0.031485290248292955,0.04564276720043893,1.7843198311794974,-0.0017363872814420765,-0.1952022743700931,-0.0015140950748385386,-0.06499333512347424,0.35845117456308506,-0.013499648900002976,-0.06127449945998744,-0.019062961308309635,-0.028499466082859387,-0.0252157751870108,0.199685278281537,0.03199092698208957,0.06657295861783105,-0.06531088705930968,-0.07988674679700883,0.08224532213363035,0.21054306421301927,0.03447150587594823,engagement_trend_ratio (+1.784); total_usage_count (+0.419); industry_HealthTech (+0.358),industry_DevTools (-0.195); tenure_months (-0.191); tenure_days (-0.190)
A-7641d3,0.029294061698559522,0.06942154669188408,-0.02374529602858026,-0.02374529602858043,-0.03374740520713475,0.0302206082354628,-0.0016854774780280498,0.11061028456332658,-0.007419798444245789,0.0270278294786361,-0.00244318177268691,0.024574909077219702,0.003496535765941654,-0.013015712326387839,0.07651290148617235,-0.42929896875731655,0.14548572909755925,0.03373793126389074,-0.0024431817726868854,-0.43008413921623784,-0.028999516815569684,0.04895360657060791,1.415879932052999,-0.0017363872814420765,-0.1952022743700931,0.013626855673546847,-0.06499333512347424,-0.10110161333830604,-0.013499648900002976,-0.06127449945998744,-0.019062961308309635,-0.028499466082859387,-0.0252157751870108,0.199685278281537,0.03199092698208957,-0.10412693527404343,0.055635200087560094,-0.07988674679700883,0.08224532213363035,-0.05596714365156208,-0.19533853329703998,engagement_trend_ratio (+1.416); country_US (+0.200); days_since_last_activity (+0.145),tenure_months (-0.430); tenure_days (-0.429); referral_source_partner (-0.195)
A-cd458b,0.02423463826184803,0.06942154669188408,-0.0013560424579291057,-0.001356042457929114,-0.03374740520713475,0.0302206082354628,0.03202407208253294,1.458563240209659,-0.05960515236942299,-0.6962521143158503,-0.23978083969084396,0.024574909077219702,0.006175873517621084,-0.0034012007859441414,-0.009456650745481975,0.2932602933031908,0.24039720194778427,-0.004871046296132577,-0.23978083969084324,0.29379665452423626,-0.015467670819172162,0.024546506344604185,-0.5774031082344506,-0.0017363872814420765,0.6535032663694421,-0.0015140950748385386,-0.06499333512347424,-0.10110161333830604,-0.013499648900002976,-0.06127449945998744,-0.019062961308309635,-0.028499466082859387,-0.0252157751870108,0.199685278281537,0.03199092698208957,0.06657295861783105,-0.06531088705930968,-0.07988674679700883,0.08224532213363035,0.21054306421301927,0.03447150587594823,total_usage_count (+1.459); industry_DevTools (+0.654); tenure_months (+0.294),total_errors (-0.696); engagement_trend_ratio (-0.577); distinct_features_used (-0.240)
A-c16b88,-0.008651614076776648,-0.02314051556396136,0.030822290312778968,0.03082229031277919,0.11298044351953808,0.0302206082354628,-0.0016854774780280498,-0.13163053645137662,-0.0024015129299967426,0.10316256040437151,0.011517856928381155,-0.019704206377230214,-0.009900152992455497,-0.017445928428356988,-0.009456650745481975,-0.21616997778982877,-0.329071635153566,0.03292020226126485,0.011517856928381084,-0.21656534394027058,-0.03166758624492221,-0.08829816863278725,-0.16087073720982764,-0.0017363872814420765,-0.1952022743700931,-0.0015140950748385386,-0.06499333512347424,0.35845117456308506,-0.013499648900002976,-0.06127449945998744,-0.019062961308309635,-0.028499466082859387,-0.0252157751870108,0.199685278281537,-0.07464549629154232,0.06657295861783105,0.055635200087560094,0.390035293185396,0.08224532213363035,-0.05596714365156208,0.03447150587594823,referral_source_event (+0.390); industry_HealthTech (+0.358); country_US (+0.200),days_since_last_activity (-0.329); tenure_months (-0.217); tenure_days (-0.216)
A-59f724,0.041942620290338246,0.06942154669188408,-0.02185464794928083,-0.02185464794928098,-0.03374740520713475,0.0302206082354628,-0.0016854774780280498,0.8021687574601406,-0.03658691808892561,-0.7723868452415857,-0.10715097203069739,0.002435351349994744,0.0026592427185418354,0.02367496039045243,-0.009456650745481975,-0.2915448648393062,-0.08501356211013014,0.027170403507126437,-0.10715097203069704,-0.29207808861103945,-0.02996816334552764,0.04460751548379925,0.39774842219071876,-0.0017363872814420765,-0.1952022743700931,-0.0015140950748385386,-0.06499333512347424,0.35845117456308506,-0.013499648900002976,-0.06127449945998744,-0.019062961308309635,-0.028499466082859387,-0.0252157751870108,0.199685278281537,-0.07464549629154232,0.06657295861783105,-0.06531088705930968,-0.07988674679700883,0.08224532213363035,0.21054306421301927,0.03447150587594823,total_usage_count (+0.802); engagement_trend_ratio (+0.398); industry_HealthTech (+0.358),total_errors (-0.772); tenure_months (-0.292); tenure_days (-0.292)
A-87aa7b,-0.011181325795132391,0.06942154669188408,0.004975140912882804,0.00497514091288284,-0.03374740520713475,-0.34753699470782223,-0.0016854774780280498,0.981895818212985,-0.030877055865383373,-0.3155784596871733,-0.1560146074844356,-0.019704206377230214,0.00014736357634236903,0.012245945446542653,0.03352812537034518,0.21528627221752458,0.17260329276905212,0.008200116528489414,-0.15601460748443513,0.2156800221061995,-0.026580015439430168,0.010459074643328249,-0.5437046511464999,-0.0017363872814420765,-0.1952022743700931,-0.0015140950748385386,-0.06499333512347424,0.35845117456308506,-0.013499648900002976,-0.06127449945998744,-0.019062961308309635,-0.028499466082859387,-0.0252157751870108,0.199685278281537,0.03199092698208957,-0.10412693527404343,-0.06531088705930968,-0.07988674679700883,-0.22236698206500055,-0.05596714365156208,0.03447150587594823,total_usage_count (+0.982); industry_HealthTech (+0.358); tenure_months (+0.216),engagement_trend_ratio (-0.544); upgrade_flag (-0.348); total_errors (-0.316)
A-1e6fc3,0.04700204372704973,-0.02314051556396136,-0.023633349760727,-0.023633349760727174,-0.03374740520713475,0.0302206082354628,-0.0016854774780280498,-0.9638449699373731,0.03329665224563052,0.29349938771871004,0.1581087632895958,0.024574909077219702,-0.0032018086132569205,0.017241721050890838,-0.009456650745481975,-0.20577344164507327,-0.952775599597902,0.03924401918528635,0.15810876328959533,-0.20614979295119892,-0.026868989921033013,0.04997830835853639,0.0952699390211834,-0.0017363872814420765,-0.1952022743700931,0.013626855673546847,-0.06499333512347424,-0.10110161333830604,-0.013499648900002976,-0.06127449945998744,0.6163690823020115,-0.028499466082859387,-0.0252157751870108,-0.31232825577368606,0.03199092698208957,-0.10412693527404343,0.055635200087560094,-0.07988674679700883,0.08224532213363035,0.21054306421301927,0.03447150587594823,country_FR (+0.616); total_errors (+0.293); referral_source_other (+0.211),total_usage_count (-0.964); days_since_last_activity (-0.953); country_US (-0.312)
A-39ddf4,-0.051656713288824305,-0.02314051556396136,0.07290164855139722,0.07290164855139773,-0.03374740520713475,0.0302206082354628,-0.0016854774780280498,-0.13944475648410898,0.005438917837212489,-0.353645825150041,0.004537337577847121,0.024574909077219702,0.0026592427185418354,0.01837284005564892,-0.009456650745481975,0.7429104815638663,0.02345669257584133,-0.16101165602334166,0.004537337577847101,0.7442692348015817,0.13902340049636744,0.03965608227533313,-1.0284439954116391,-0.0017363872814420765,-0.1952022743700931,0.013626855673546847,-0.06499333512347424,-0.10110161333830604,-0.013499648900002976,-0.06127449945998744,-0.019062961308309635,-0.028499466082859387,-0.0252157751870108,0.199685278281537,-0.07464549629154232,0.06657295861783105,-0.06531088705930968,-0.07988674679700883,0.08224532213363035,-0.05596714365156208,-0.19533853329703998,tenure_months (+0.744); tenure_days (+0.743); country_US (+0.200),engagement_trend_ratio (-1.028); total_errors (-0.354); referral_source_partner (-0.195)
A-34ea2f,0.029294061698559522,-0.02314051556396136,0.013495495743936159,0.013495495743936256,0.11298044351953808,0.0302206082354628,-0.0016854774780280498,0.2317306950706782,-0.012748525059110893,-0.12524163237283475,-0.05130681722642513,0.09099358225889458,-0.001862139737417206,0.0010525802952908014,-0.009456650745481975,0.6415442541525002,0.18616207460479856,-0.053758301726358176,-0.051306817226424974,0.642717612658134,0.07504802275622145,0.039656082275333134,-0.518846223235467,-0.0017363872814420765,-0.1952022743700931,-0.0015140950748385386,-0.06499333512347424,0.35845117456308506,-0.013499648900002976,-0.06127449945998744,-0.019062961308309635,-0.028499466082859387,-0.0252157751870108,0.199685278281537,-0.07464549629154232,0.06657295861783105,0.055635200087560094,-0.07988674679700883,-0.22236698206500055,-0.05596714365156208,0.03447150587594823,tenure_months (+0.643); tenure_days (+0.642); industry_HealthTech (+0.358),engagement_trend_ratio (-0.519); referral_source_organic (-0.222); industry_DevTools (-0.195)
A-716841,-0.06430527188060303,-0.02314051556396136,0.08527793038628494,0.08527793038628555,-0.03374740520713475,0.0302206082354628,-0.0016854774780280498,-0.5731339683007551,0.020035284635650425,0.5219035804959163,0.0883035697842555,0.024574909077219702,0.00014736357634236903,0.008758328515205228,-0.009456650745481975,0.18929493185563584,0.0912506017545735,0.02956952464421374,0.08830356978425523,0.1896411446335206,-0.019353580659503048,-0.11485921263733183,-0.7906473359608162,-0.0017363872814420765,-0.1952022743700931,-0.0015140950748385386,0.18498103073604205,-0.10110161333830604,-0.013499648900002976,-0.06127449945998744,-0.019062961308309635,-0.028499466082859387,-0.0252157751870108,0.199685278281537,0.03199092698208957,-0.10412693527404343,-0.06531088705930968,-0.07988674679700883,0.08224532213363035,0.21054306421301927,0.03447150587594823,total_errors (+0.522); referral_source_other (+0.211); country_US (+0.200),engagement_trend_ratio (-0.791); total_usage_count (-0.573); industry_DevTools (-0.195)
A-558c72,0.019175214825136545,-0.02314051556396136,-0.016966327586355325,-0.016966327586355447,-0.03374740520713475,0.0302206082354628,-0.0016854774780280498,-0.7606752490863317,0.03418648094492111,0.4077014841073132,0.12320616653692565,0.002435351349994744,0.005171121860741302,-0.039950483627189635,0.03352812537034518,-0.6944106404485819,0.009897910740094896,0.040582715108832164,0.12320616653692527,-0.6956806894375628,-0.03230194902651441,0.022184361321421462,0.41108496634544095,-0.0017363872814420765,-0.1952022743700931,-0.0015140950748385386,0.18498103073604205,-0.10110161333830604,-0.013499648900002976,-0.06127449945998744,-0.019062961308309635,-0.028499466082859387,-0.0252157751870108,0.199685278281537,0.03199092698208957,0.06657295861783105,0.055635200087560094,-0.07988674679700883,-0.22236698206500055,-0.05596714365156208,0.03447150587594823,engagement_trend_ratio (+0.411); total_errors (+0.408); country_US (+0.200),total_usage_count (-0.761); tenure_months (-0.696); tenure_days (-0.694)
A-b11cd0,-0.016240749231843883,0.06942154669188408,-0.010261989989365899,-0.010261989989365972,-0.03374740520713475,0.0302206082354628,-0.0016854774780280498,-0.831003229380923,0.033072786303437095,0.4077014841073132,0.12320616653692565,0.002435351349994744,0.00014736357634236903,-0.003542590661538904,-0.009456650745481975,-1.0374963332255134,0.10480938359031995,0.04200937600818149,0.12320616653692527,-1.0393938720769247,-0.03348717035942552,-0.016198916812176244,0.9932737574990632,-0.0017363872814420765,0.6535032663694421,-0.0015140950748385386,-0.06499333512347424,-0.10110161333830604,-0.013499648900002976,-0.06127449945998744,-0.019062961308309635,-0.028499466082859387,-0.0252157751870108,0.199685278281537,0.03199092698208957,-0.10412693527404343,0.055635200087560094,-0.07988674679700883,0.08224532213363035,-0.05596714365156208,0.03447150587594823,engagement_trend_ratio (+0.993); industry_DevTools (+0.654); total_errors (+0.408),tenure_months (-1.039); tenure_days (-1.037); total_usage_count (-0.831)
A-cc1d8d,0.03688319685362675,-0.02314051556396136,-0.011257067925839283,-0.01125706792583936,-0.03374740520713475,0.0302206082354628,-0.0016854774780280498,0.49741417618357847,-0.02771117137395227,-0.8104542107044534,-0.10017045268016335,0.024574909077219702,0.005171121860741302,0.008192769012826189,-0.009456650745481975,0.750707883672433,0.02345669257584133,-0.2721939953621018,-0.10017045268016306,0.7520808980433854,0.16220288518482612,0.05400222700114103,-1.0284439954116391,-0.0017363872814420765,-0.1952022743700931,-0.0015140950748385386,0.18498103073604205,-0.10110161333830604,-0.013499648900002976,-0.06127449945998744,-0.019062961308309635,-0.028499466082859387,-0.0252157751870108,0.199685278281537,0.03199092698208957,-0.10412693527404343,0.055635200087560094,-0.07988674679700883,0.08224532213363035,0.21054306421301927,0.03447150587594823,tenure_months (+0.752); tenure_days (+0.751); total_usage_count (+0.497),engagement_trend_ratio (-1.028); total_errors (-0.810); usage_rate_per_day (-0.272)
A-7f4db3,0.0394129085719825,-0.02314051556396136,0.03329754667975651,0.033297546679756755,-0.03374740520713475,0.0302206082354628,-0.0016854774780280498,1.3804210398823356,-0.06543283877306705,-0.734319479778718,-0.2677029170929801,0.024574909077219702,-0.00738827385025603,0.02742179209371357,0.03352812537034518,-0.9231344356332029,0.0912506017545735,0.03163382946025928,-0.2677029170929793,-0.924822811197137,-0.0317587797944604,-0.19840721512587833,1.422770679955309,-0.0017363872814420765,-0.1952022743700931,-0.0015140950748385386,0.18498103073604205,-0.10110161333830604,-0.013499648900002976,-0.06127449945998744,-0.019062961308309635,-0.028499466082859387,-0.0252157751870108,0.199685278281537,0.03199092698208957,-0.10412693527404343,0.055635200087560094,-0.07988674679700883,0.08224532213363035,0.21054306421301927,0.03447150587594823,engagement_trend_ratio (+1.423); total_usage_count (+1.380); referral_source_other (+0.211),tenure_months (-0.925); tenure_days (-0.923); total_errors (-0.734)
A-db5e9e,0.0394129085719825,-0.02314051556396136,-0.01879478329462517,-0.018794783294625302,-0.03374740520713475,0.0302206082354628,-0.0016854774780280498,0.3723866556598607,-0.010544700612163222,-0.011039535984231606,-0.06526785592749319,-0.041843764104455165,0.010194880145140235,-0.04242480645009794,-0.009456650745481975,0.6753329966229555,0.24039720194778427,-0.08707530114627221,-0.065267855927493,0.6765681533726166,-0.00314410559284589,0.05375334459199906,-0.803895622700582,-0.0017363872814420765,0.6535032663694421,-0.0015140950748385386,-0.06499333512347424,-0.10110161333830604,-0.013499648900002976,-0.06127449945998744,-0.019062961308309635,-0.028499466082859387,-0.0252157751870108,0.199685278281537,0.03199092698208957,0.06657295861783105,0.055635200087560094,-0.07988674679700883,0.08224532213363035,-0.05596714365156208,-0.19533853329703998,tenure_months (+0.677); tenure_days (+0.675); industry_DevTools (+0.654),engagement_trend_ratio (-0.804); referral_source_partner (-0.195); industry_HealthTech (-0.101)
A-cc102e,0.0166455031067808,-0.02314051556396136,-0.023036302998842968,-0.023036302998843138,-0.03374740520713475,-0.34753699470782223,-0.0016854774780280498,-0.37777846748244603,0.014706045741741398,-0.46784792153864413,0.032459414979983246,0.002435351349994744,0.003496535765941654,0.003880377807186004,-0.009456650745481975,0.1347131170956694,0.199720856440545,0.028667042044004457,0.03245941497998317,0.1349595019408949,-0.02446923150622788,0.05106439154987558,-0.4325259024618352,-0.0017363872814420765,-0.1952022743700931,-0.0015140950748385386,-0.06499333512347424,0.35845117456308506,-0.013499648900002976,-0.06127449945998744,-0.019062961308309635,-0.028499466082859387,-0.0252157751870108,0.199685278281537,-0.07464549629154232,0.06657295861783105,0.055635200087560094,-0.07988674679700883,0.08224532213363035,-0.05596714365156208,-0.19533853329703998,industry_HealthTech (+0.358); days_since_last_activity (+0.200); country_US (+0.200),total_errors (-0.468); engagement_trend_ratio (-0.433); total_usage_count (-0.378)
A-82d8a6,0.03688319685362675,-0.02314051556396136,-0.023061179947254803,-0.023061179947254973,-0.03374740520713475,0.0302206082354628,-0.0016854774780280498,0.6654199068873243,-0.024726121385025238,-0.4297805560757765,-0.16299512683496964,0.024574909077219702,-0.004876394708056564,-0.008774016058545034,-0.009456650745481975,0.7247165433105442,0.05057425624733421,-0.19103706313859006,-0.16299512683496917,0.7260420205707065,0.10132747085150025,0.055550908581726774,-0.9746670573729797,-0.0017363872814420765,-0.1952022743700931,-0.0015140950748385386,-0.06499333512347424,-0.10110161333830604,-0.013499648900002976,-0.06127449945998744,-0.019062961308309635,-0.028499466082859387,0.22694197668309718,-0.31232825577368606,0.03199092698208957,0.06657295861783105,0.055635200087560094,-0.07988674679700883,0.08224532213363035,-0.05596714365156208,0.03447150587594823,tenure_months (+0.726); tenure_days (+0.725); total_usage_count (+0.665),engagement_trend_ratio (-0.975); total_errors (-0.430); country_US (-0.312)
A-dec005,-0.003592190640065158,-0.02314051556396136,0.10755523768908283,0.10755523768908361,0.11298044351953808,0.0302206082354628,-0.0016854774780280498,-0.061302556156785364,0.0025911586320562577,-0.6581847488529826,-0.009423701123220942,-0.041843764104455165,-0.009900152992455497,-0.032527515158464734,-0.009456650745481975,-0.34612667959927257,0.18616207460479856,0.033982788018867144,-0.009423701123220933,-0.3467597313036653,-0.034532774072093535,-0.3259956552483074,1.179813017351773,-0.0017363872814420765,-0.1952022743700931,-0.0015140950748385386,-0.06499333512347424,0.35845117456308506,-0.013499648900002976,-0.06127449945998744,-0.019062961308309635,-0.028499466082859387,-0.0252157751870108,0.199685278281537,0.03199092698208957,-0.10412693527404343,0.055635200087560094,-0.07988674679700883,0.08224532213363035,-0.05596714365156208,-0.19533853329703998,engagement_trend_ratio (+1.180); industry_HealthTech (+0.358); country_US (+0.200),total_errors (-0.658); tenure_months (-0.347); tenure_days (-0.346)
A-5790f4,0.04700204372704973,0.06942154669188408,-0.018309682800594397,-0.018309682800594525,0.11298044351953808,0.0302206082354628,-0.0016854774780280498,-0.6629974986771773,0.027859322473454184,0.0270278294786361,0.0883035697842555,0.002435351349994744,0.00014736357634236903,-0.011319033819250713,0.03352812537034518,0.7870957601790772,-0.05789599843863728,-0.37658329153940634,0.08830356978425523,0.7885353265051358,0.3720201465870225,0.05574608226288436,-1.0284439954116391,-0.0017363872814420765,-0.1952022743700931,-0.0015140950748385386,0.18498103073604205,-0.10110161333830604,-0.013499648900002976,-0.06127449945998744,-0.019062961308309635,-0.028499466082859387,0.22694197668309718,-0.31232825577368606,0.03199092698208957,-0.10412693527404343,-0.06531088705930968,0.390035293185396,0.08224532213363035,-0.05596714365156208,0.03447150587594823,tenure_months (+0.789); tenure_days (+0.787); referral_source_event (+0.390),engagement_trend_ratio (-1.028); total_usage_count (-0.663); usage_rate_per_day (-0.377)
A-7c83a1,0.019175214825136545,-0.02314051556396136,-0.011480960461545793,-0.011480960461545876,-0.03374740520713475,0.0302206082354628,-0.0016854774780280498,0.552113716412705,-0.02727266051235598,0.14122992586723926,-0.08620941397909528,0.002435351349994744,0.00014736357634236903,-0.00849123630735551,-0.009456650745481975,0.18929493185563584,0.24039720194778427,0.015270350479238895,-0.08620941397909503,0.1896411446335206,-0.02322006095063228,0.033733416235815876,-0.435677025853126,-0.0017363872814420765,-0.1952022743700931,-0.0015140950748385386,-0.06499333512347424,-0.10110161333830604,-0.013499648900002976,-0.06127449945998744,-0.019062961308309635,-0.028499466082859387,-0.0252157751870108,0.199685278281537,0.03199092698208957,-0.10412693527404343,-0.06531088705930968,-0.07988674679700883,0.08224532213363035,-0.05596714365156208,-0.19533853329703998,total_usage_count (+0.552); days_since_last_activity (+0.240); country_US (+0.200),engagement_trend_ratio (-0.436); referral_source_partner (-0.195); industry_DevTools (-0.195)
A-297a2d,-0.018770460950199627,-0.02314051556396136,0.04072331578068915,0.04072331578068944,-0.03374740520713475,0.0302206082354628,-0.0016854774780280498,-0.9638449699373731,0.0409101433963828,0.17929729133010694,0.1581087632895958,-0.041843764104455165,-0.009900152992455497,0.004940801874146706,-0.009456650745481975,-0.7645872594256815,-0.39686554433229815,0.04187123212108074,0.15810876328959533,-0.7659856586137958,-0.03563618412973704,-0.20403752026217103,-0.18207371177409448,-0.0017363872814420765,-0.1952022743700931,-0.0015140950748385386,-0.06499333512347424,0.35845117456308506,-0.013499648900002976,-0.06127449945998744,-0.019062961308309635,-0.028499466082859387,0.22694197668309718,-0.31232825577368606,0.03199092698208957,-0.10412693527404343,0.055635200087560094,0.390035293185396,0.08224532213363035,-0.05596714365156208,0.03447150587594823,referral_source_event (+0.390); industry_HealthTech (+0.358); country_UK (+0.227),total_usage_count (-0.964); tenure_months (-0.766); tenure_days (-0.765)
A-4c56c9,0.02676434998020378,-0.02314051556396136,-0.02185464794928083,-0.02185464794928098,-0.03374740520713475,0.0302206082354628,-0.0016854774780280498,0.5169497262654094,-0.023388560801347793,-0.4297805560757765,-0.10017045268016335,0.024574909077219702,-0.002364515565857097,-0.0036839805371336656,-0.009456650745481975,0.5323806246325674,-0.07145478027438372,-0.022441772505898728,-0.10017045268016306,0.5333543272728825,0.0044957370240978215,0.05327236375121025,-0.04020120323238772,-0.0017363872814420765,-0.1952022743700931,-0.0015140950748385386,0.18498103073604205,-0.10110161333830604,-0.013499648900002976,-0.06127449945998744,-0.019062961308309635,-0.028499466082859387,-0.0252157751870108,0.199685278281537,-0.07464549629154232,0.06657295861783105,0.055635200087560094,-0.07988674679700883,0.08224532213363035,-0.05596714365156208,-0.19533853329703998,tenure_months (+0.533); tenure_days (+0.532); total_usage_count (+0.517),total_errors (-0.430); referral_source_partner (-0.195); industry_DevTools (-0.195)
A-cbbe12,-0.051656713288824305,-0.02314051556396136,0.07290164855139722,0.07290164855139773,-0.03374740520713475,0.0302206082354628,-0.0016854774780280498,-1.221714231017541,0.051375491984642675,0.6361056768845195,0.17206980199066388,0.04671446680444465,0.0026592427185418354,-0.0028356412835651027,-0.009456650745481975,-0.8789491570179919,-0.15280747128886232,0.04339954534913905,0.17206980199066332,-0.8805567194935833,-0.030155931749796406,-0.35732814428360854,0.9470974831028903,-0.0017363872814420765,-0.1952022743700931,-0.0015140950748385386,-0.06499333512347424,-0.10110161333830604,-0.013499648900002976,0.8140754928255473,-0.019062961308309635,-0.028499466082859387,-0.0252157751870108,-0.31232825577368606,-0.07464549629154232,0.06657295861783105,-0.06531088705930968,-0.07988674679700883,0.08224532213363035,-0.05596714365156208,-0.19533853329703998,engagement_trend_ratio (+0.947); country_DE (+0.814); total_errors (+0.636),total_usage_count (-1.222); tenure_months (-0.881); tenure_days (-0.879)
A-4a267b,-0.013711037513488138,-0.02314051556396136,-0.026108606127704544,-0.026108606127704735,-0.03374740520713475,-0.34753699470782223,-0.0016854774780280498,0.028560974219636798,-0.00036520373041120253,0.17929729133010694,-0.00244318177268691,0.002435351349994744,0.003496535765941654,0.027916656658295232,-0.009456650745481975,0.18669579781944692,-0.2477189441390874,0.022026462022638034,-0.0024431817726868854,0.1870372568862527,-0.023284502288817767,0.056197091715289034,-0.41278964576102434,-0.0017363872814420765,-0.1952022743700931,-0.0015140950748385386,0.18498103073604205,-0.10110161333830604,-0.013499648900002976,-0.06127449945998744,-0.019062961308309635,-0.028499466082859387,-0.0252157751870108,0.199685278281537,0.03199092698208957,-0.10412693527404343,0.055635200087560094,-0.07988674679700883,0.08224532213363035,0.21054306421301927,0.03447150587594823,referral_source_other (+0.211); country_US (+0.200); tenure_months (+0.187),engagement_trend_ratio (-0.413); upgrade_flag (-0.348); days_since_last_activity (-0.248)
A-bcbe98,-0.06683498359895879,-0.02314051556396136,-0.015237379671732821,-0.01523737967173293,-0.03374740520713475,0.0302206082354628,-0.0016854774780280498,0.5638350464618035,-0.011960639889560563,-0.6201173833901149,-0.12111201073176545,0.06885402453166961,0.00014736357634236903,-0.0032396123566929874,0.03352812537034518,0.4076221908955014,0.009897910740094896,-0.001964574833182069,-0.12111201073176507,0.4083677154040235,0.0030470599949101785,0.045369827756887283,-0.43240776185602203,-0.0017363872814420765,-0.1952022743700931,-0.0015140950748385386,-0.06499333512347424,-0.10110161333830604,-0.013499648900002976,-0.06127449945998744,-0.019062961308309635,-0.028499466082859387,-0.0252157751870108,0.199685278281537,-0.07464549629154232,0.06657295861783105,-0.06531088705930968,-0.07988674679700883,0.08224532213363035,0.21054306421301927,0.03447150587594823,total_usage_count (+0.564); tenure_months (+0.408); tenure_days (+0.408),total_errors (-0.620); engagement_trend_ratio (-0.432); industry_DevTools (-0.195)
A-427b69,0.006526656233357821,-0.02314051556396136,-0.022090978959193257,-0.022090978959193413,0.11298044351953808,0.0302206082354628,-0.0016854774780280498,0.8099829774928731,-0.03357113135736334,-0.353645825150041,-0.1490340881339016,-0.041843764104455165,-0.009900152992455497,0.006354700630094307,-0.009456650745481975,0.47260054180022326,0.18616207460479856,-0.017063962639219988,-0.14903408813390115,0.47346490908572086,-0.02446923150622788,0.05284109545328792,-0.6572542552150705,-0.0017363872814420765,-0.1952022743700931,-0.0015140950748385386,0.18498103073604205,-0.10110161333830604,-0.013499648900002976,-0.06127449945998744,-0.019062961308309635,-0.028499466082859387,-0.0252157751870108,0.199685278281537,0.03199092698208957,0.06657295861783105,-0.06531088705930968,-0.07988674679700883,0.08224532213363035,0.21054306421301927,0.03447150587594823,total_usage_count (+0.810); tenure_months (+0.473); tenure_days (+0.473),engagement_trend_ratio (-0.657); total_errors (-0.354); industry_DevTools (-0.195)
A-0be015,0.0014672327966463318,-0.02314051556396136,-0.026108606127704544,-0.026108606127704735,0.11298044351953808,0.0302206082354628,-0.0016854774780280498,-0.7567681390699655,0.031795162367898394,0.5219035804959163,0.14414772458852776,0.06885402453166961,0.002156866890101944,-0.006067409868588191,0.03352812537034518,0.6103546457182336,-0.6951587447187197,0.0008789693380018023,0.1441477245885273,0.6114709596909192,0.04532208966484047,0.056197091715289034,-1.0284439954116391,-0.0017363872814420765,-0.1952022743700931,-0.0015140950748385386,0.18498103073604205,-0.10110161333830604,-0.013499648900002976,-0.06127449945998744,-0.019062961308309635,-0.028499466082859387,-0.0252157751870108,0.199685278281537,0.03199092698208957,-0.10412693527404343,-0.06531088705930968,0.390035293185396,0.08224532213363035,-0.05596714365156208,0.03447150587594823,tenure_months (+0.611); tenure_days (+0.610); total_errors (+0.522),engagement_trend_ratio (-1.028); total_usage_count (-0.757); days_since_last_activity (-0.695)
A-054577,0.044472332008693986,-0.02314051556396136,-0.02123272423898496,-0.021232724238985114,-0.03374740520713475,0.0302206082354628,-0.0016854774780280498,1.3374428297023073,-0.03559104762754341,-0.9627236725559245,-0.25374187839191203,-0.06398332183168014,0.00014736357634236903,-0.014146831331145917,-0.009456650745481975,0.16850185956612482,0.24039720194778427,0.006630261028987067,-0.2537418783919112,0.16881004265537752,-0.03494473195490675,0.048458559158204136,-0.604380415009124,-0.0017363872814420765,-0.1952022743700931,0.013626855673546847,-0.06499333512347424,-0.10110161333830604,-0.013499648900002976,-0.06127449945998744,-0.019062961308309635,-0.028499466082859387,0.22694197668309718,-0.31232825577368606,0.03199092698208957,0.06657295861783105,-0.06531088705930968,-0.07988674679700883,0.08224532213363035,-0.05596714365156208,0.03447150587594823,total_usage_count (+1.337); days_since_last_activity (+0.240); country_UK (+0.227),total_errors (-0.963); engagement_trend_ratio (-0.604); country_US (-0.312)
A-bc87bc,0.041942620290338246,-0.02314051556396136,-0.024217958048405114,-0.024217958048405288,-0.03374740520713475,0.0302206082354628,-0.0016854774780280498,-0.37777846748244603,0.007741099860592971,0.48383621503304863,0.08132305043372147,0.06885402453166961,-0.002364515565857097,-0.0064713809417160754,-0.009456650745481975,0.37643258246123484,0.10480938359031995,0.018653085086047853,0.08132305043372122,0.3771210624368089,4.827852592388419e-05,0.0541683084546404,-0.4109606461015848,-0.0017363872814420765,-0.1952022743700931,-0.0015140950748385386,0.18498103073604205,-0.10110161333830604,-0.013499648900002976,-0.06127449945998744,-0.019062961308309635,-0.028499466082859387,-0.0252157751870108,0.199685278281537,0.03199092698208957,-0.10412693527404343,-0.06531088705930968,0.390035293185396,0.08224532213363035,-0.05596714365156208,0.03447150587594823,total_errors (+0.484); referral_source_event (+0.390); tenure_months (+0.377),engagement_trend_ratio (-0.411); total_usage_count (-0.378); industry_DevTools (-0.195)
A-0f7d77,0.041942620290338246,-0.02314051556396136,-0.024454289058317542,-0.024454289058317723,-0.03374740520713475,0.0302206082354628,-0.0016854774780280498,-0.7528610290535993,0.02886082800431953,0.29349938771871004,0.11622564718639161,0.024574909077219702,0.010194880145140235,0.012434465280668994,-0.009456650745481975,0.6441433881886891,0.22683842011203784,-0.008603498574197304,0.11622564718639128,0.6453215004054019,0.033508454570779424,0.055516781160820025,-0.7851929790167692,-0.0017363872814420765,-0.1952022743700931,-0.0015140950748385386,0.18498103073604205,-0.10110161333830604,-0.013499648900002976,-0.06127449945998744,-0.019062961308309635,0.32774385995288297,-0.0252157751870108,-0.31232825577368606,0.03199092698208957,-0.10412693527404343,0.055635200087560094,-0.07988674679700883,0.08224532213363035,-0.05596714365156208,-0.19533853329703998,tenure_months (+0.645); tenure_days (+0.644); country_IN (+0.328),engagement_trend_ratio (-0.785); total_usage_count (-0.753); country_US (-0.312)
A-e7beab,0.03688319685362675,-0.02314051556396136,-0.023061179947254803,-0.023061179947254973,-0.03374740520713475,0.0302206082354628,-0.0016854774780280498,-0.4598277778261359,0.009834272034053728,0.3696341186444455,0.0883035697842555,0.04671446680444465,0.00014736357634236903,-0.0009504429423016208,-0.009456650745481975,-0.32793274134595046,-0.8307465630761841,0.03654375005723439,0.08830356978425523,-0.32853251707279,-0.02602723157295898,0.047620479215280974,-0.6692696620103613,-0.0017363872814420765,-0.1952022743700931,0.013626855673546847,-0.06499333512347424,-0.10110161333830604,-0.013499648900002976,0.8140754928255473,-0.019062961308309635,-0.028499466082859387,-0.0252157751870108,-0.31232825577368606,-0.07464549629154232,0.06657295861783105,-0.06531088705930968,-0.07988674679700883,-0.22236698206500055,-0.05596714365156208,0.03447150587594823,country_DE (+0.814); total_errors (+0.370); distinct_features_used (+0.088),days_since_last_activity (-0.831); engagement_trend_ratio (-0.669); total_usage_count (-0.460)
A-a09355,0.014115791388425052,-0.02314051556396136,-0.017575812822445275,-0.0175758128224454,-0.03374740520713475,0.0302206082354628,-0.0016854774780280498,1.1616228789658294,-0.03421660295270366,-0.7723868452415857,-0.1909172042371058,0.024574909077219702,0.00014736357634236903,0.004799411998551943,-0.009456650745481975,0.4388117993297679,0.24039720194778427,-0.018740185275041326,-0.19091720423710518,0.43961436837123824,-0.006375185276691636,0.04835673636140038,-0.6487199179815588,-0.0017363872814420765,-0.1952022743700931,-0.0015140950748385386,0.18498103073604205,-0.10110161333830604,-0.013499648900002976,-0.06127449945998744,-0.019062961308309635,-0.028499466082859387,-0.0252157751870108,0.199685278281537,0.03199092698208957,0.06657295861783105,-0.06531088705930968,-0.07988674679700883,-0.22236698206500055,-0.05596714365156208,0.03447150587594823,total_usage_count (+1.162); tenure_months (+0.440); tenure_days (+0.439),total_errors (-0.772); engagement_trend_ratio (-0.649); referral_source_organic (-0.222)
A-31ab9a,0.041942620290338246,-0.02314051556396136,0.00854498300998107,0.008544983009981133,-0.03374740520713475,0.0302206082354628,-0.0016854774780280498,-0.5887624083662198,0.0104269788878702,0.14122992586723926,0.11622564718639161,0.06885402453166961,-0.004876394708056564,-0.01010712059986706,-0.009456650745481975,0.022950353539547774,-0.1663662531246088,0.033333741605593034,0.11622564718639128,0.02299232880837551,-0.017337396217264035,-0.01127114101960801,-0.37979998078346733,-0.0017363872814420765,-0.1952022743700931,-0.0015140950748385386,0.18498103073604205,-0.10110161333830604,-0.013499648900002976,0.8140754928255473,-0.019062961308309635,-0.028499466082859387,-0.0252157751870108,-0.31232825577368606,0.03199092698208957,-0.10412693527404343,-0.06531088705930968,-0.07988674679700883,-0.22236698206500055,-0.05596714365156208,0.03447150587594823,country_DE (+0.814); industry_FinTech (+0.185); total_errors (+0.141),total_usage_count (-0.589); engagement_trend_ratio (-0.380); country_US (-0.312)
A-0158bb,0.03688319685362675,-0.02314051556396136,0.0013182294963431159,0.0013182294963431259,-0.03374740520713475,-0.34753699470782223,-0.0016854774780280498,-0.4949917679734315,0.014456565847351926,0.17929729133010694,0.09528408913478954,-0.06398332183168014,-0.009900152992455497,0.005647751252120506,-0.009456650745481975,0.23088107643465783,0.199720856440545,0.027279839991862575,0.09528408913478921,0.23130334858980686,-0.034542086197750614,0.01689740841045759,-0.5972247680211997,-0.0017363872814420765,-0.1952022743700931,-0.0015140950748385386,0.18498103073604205,-0.10110161333830604,-0.013499648900002976,0.8140754928255473,-0.019062961308309635,-0.028499466082859387,-0.0252157751870108,-0.31232825577368606,0.03199092698208957,0.06657295861783105,0.055635200087560094,-0.07988674679700883,0.08224532213363035,-0.05596714365156208,-0.19533853329703998,country_DE (+0.814); tenure_months (+0.231); tenure_days (+0.231),engagement_trend_ratio (-0.597); total_usage_count (-0.495); upgrade_flag (-0.348)
A-f19b24,-0.023829884386911117,0.06942154669188408,-0.01925500684024411,-0.01925500684024425,-0.03374740520713475,0.0302206082354628,-0.0016854774780280498,-1.4522337219831458,0.053409752068052534,0.6361056768845195,0.23489447614547018,-0.041843764104455165,0.00014736357634236903,0.0006991056063039009,0.03352812537034518,-1.0634876735874021,-0.5460121445255088,0.044690573537859095,0.23489447614546946,-1.0654327495496034,-0.03612262902338808,0.024445722555931082,1.7369542308878434,-0.0017363872814420765,-0.1952022743700931,-0.0015140950748385386,-0.06499333512347424,-0.10110161333830604,-0.013499648900002976,-0.06127449945998744,-0.019062961308309635,-0.028499466082859387,-0.0252157751870108,0.199685278281537,0.03199092698208957,-0.10412693527404343,-0.06531088705930968,-0.07988674679700883,-0.22236698206500055,-0.05596714365156208,0.03447150587594823,engagement_trend_ratio (+1.737); total_errors (+0.636); distinct_features_used (+0.235),total_usage_count (-1.452); tenure_months (-1.065); tenure_days (-1.063)
A-798a3f,0.019175214825136545,-0.02314051556396136,0.006069726643003526,0.0060697266430035715,0.11298044351953808,0.0302206082354628,-0.0016854774780280498,-0.5418770881698256,0.023116643084834583,0.29349938771871004,0.09528408913478954,0.024574909077219702,0.00014736357634236903,0.004233852496172905,-0.009456650745481975,0.09832524058902516,-0.1663662531246088,0.03140475928460893,0.09528408913478921,0.09850507347914439,-0.021823047998727925,-0.0004558656165599198,-0.26745534742550653,-0.0017363872814420765,0.6535032663694421,-0.0015140950748385386,-0.06499333512347424,-0.10110161333830604,-0.013499648900002976,-0.06127449945998744,0.6163690823020115,-0.028499466082859387,-0.0252157751870108,-0.31232825577368606,-0.07464549629154232,0.06657295861783105,-0.06531088705930968,-0.07988674679700883,0.08224532213363035,0.21054306421301927,0.03447150587594823,industry_DevTools (+0.654); country_FR (+0.616); total_errors (+0.293),total_usage_count (-0.542); country_US (-0.312); engagement_trend_ratio (-0.267)
A-42b791,0.041942620290338246,-0.02314051556396136,-0.021381985929455966,-0.021381985929456122,0.11298044351953808,0.0302206082354628,-0.0016854774780280498,-0.6981614888244728,0.03359428637014856,0.7883751387359903,0.12320616653692565,-0.019704206377230214,0.00014736357634236903,0.0032912533255411735,-0.009456650745481975,0.22568280836228008,0.0912506017545735,0.03019445151512746,0.12320616653692527,0.2260955730952711,-0.02636479825408406,0.04936361516370307,-0.4996374380314872,-0.0017363872814420765,-0.1952022743700931,-0.0015140950748385386,0.18498103073604205,-0.10110161333830604,-0.013499648900002976,-0.06127449945998744,-0.019062961308309635,-0.028499466082859387,-0.0252157751870108,-0.31232825577368606,0.03199092698208957,-0.10412693527404343,-0.06531088705930968,0.390035293185396,0.08224532213363035,-0.05596714365156208,0.03447150587594823,total_errors (+0.788); referral_source_event (+0.390); tenure_months (+0.226),total_usage_count (-0.698); engagement_trend_ratio (-0.500); country_US (-0.312)
A-068fc6,-0.03900815469704558,-0.02314051556396136,0.06052536671650949,0.06052536671650993,-0.03374740520713475,0.0302206082354628,-0.0016854774780280498,0.41927197585625486,-0.019858958188732855,-0.08717426690996702,-0.07922889462856125,0.024574909077219702,0.003496535765941654,-0.00396676028832318,-0.009456650745481975,-0.5748504747838936,0.2132796382762914,0.03333565198610667,-0.07922889462856103,-0.5759018530632396,-0.030017231743855715,-0.24050726511391987,0.9624009734294114,-0.0017363872814420765,-0.1952022743700931,0.013626855673546847,-0.06499333512347424,-0.10110161333830604,-0.013499648900002976,-0.06127449945998744,-0.019062961308309635,-0.028499466082859387,-0.0252157751870108,0.199685278281537,-0.07464549629154232,0.06657295861783105,-0.06531088705930968,0.390035293185396,0.08224532213363035,-0.05596714365156208,0.03447150587594823,engagement_trend_ratio (+0.962); total_usage_count (+0.419); referral_source_event (+0.390),tenure_months (-0.576); tenure_days (-0.575); clv_proxy (-0.241)
A-6f50ae,0.0014672327966463318,-0.02314051556396136,0.020921264844868788,0.02092126484486894,-0.03374740520713475,0.0302206082354628,-0.0016854774780280498,1.2514864093422513,-0.045972382452600255,-0.8104542107044534,-0.20487824293817383,0.024574909077219702,0.005171121860741302,0.007061650008068108,-0.009456650745481975,0.3998247887869347,0.11836816542606639,-0.01425971926858946,-0.20487824293817322,0.4005560521622199,-0.009442665989203429,0.008450831774185567,0.6079015366741488,-0.0017363872814420765,-0.1952022743700931,-0.0015140950748385386,0.18498103073604205,-0.10110161333830604,-0.013499648900002976,-0.06127449945998744,-0.019062961308309635,-0.028499466082859387,-0.0252157751870108,0.199685278281537,0.03199092698208957,-0.10412693527404343,-0.06531088705930968,-0.07988674679700883,0.08224532213363035,-0.05596714365156208,-0.19533853329703998,total_usage_count (+1.251); engagement_trend_ratio (+0.608); tenure_months (+0.401),total_errors (-0.810); distinct_features_used (-0.205); feature_breadth_ratio (-0.205)
A-a2485e,0.041942620290338246,0.06942154669188408,0.015970752110913703,0.015970752110913818,-0.03374740520713475,0.0302206082354628,-0.0016854774780280498,-0.678625938742642,0.02439682841559289,0.5219035804959163,0.14414772458852776,-0.08612287955890506,0.00014736357634236903,-7.84377166989983e-06,-0.009456650745481975,0.4232169951126346,-0.22060138046759453,0.02140328067373838,0.1441477245885273,0.42399104188763087,-0.0386859821151492,0.015910190838934902,-0.7902103245100006,0.08508297679066168,-0.1952022743700931,-0.0015140950748385386,0.18498103073604205,-0.10110161333830604,-0.013499648900002976,-0.06127449945998744,-0.019062961308309635,-0.028499466082859387,-0.0252157751870108,0.199685278281537,0.03199092698208957,-0.10412693527404343,0.055635200087560094,0.390035293185396,0.08224532213363035,-0.05596714365156208,0.03447150587594823,total_errors (+0.522); tenure_months (+0.424); tenure_days (+0.423),engagement_trend_ratio (-0.790); total_usage_count (-0.679); days_since_last_activity (-0.221)
A-bb1eaa,-0.003592190640065158,-0.02314051556396136,-0.010871475225455845,-0.010871475225455923,-0.03374740520713475,0.0302206082354628,-0.0016854774780280498,-1.2764137712466677,0.05375554042269912,0.7503077732731227,0.1999918793928,0.04671446680444465,0.005171121860741302,0.017665890677675117,-0.009456650745481975,0.2828637571584353,-0.36974798066080533,0.03706250322450536,0.19999187939279936,0.2833811035351647,-0.011373012965004776,0.03632206503148041,-0.15129661055091118,-0.0017363872814420765,-0.1952022743700931,-0.0015140950748385386,-0.06499333512347424,-0.10110161333830604,-0.013499648900002976,-0.06127449945998744,-0.019062961308309635,-0.028499466082859387,-0.0252157751870108,0.199685278281537,0.03199092698208957,0.06657295861783105,0.055635200087560094,-0.07988674679700883,-0.22236698206500055,-0.05596714365156208,0.03447150587594823,total_errors (+0.750); tenure_months (+0.283); tenure_days (+0.283),total_usage_count (-1.276); days_since_last_activity (-0.370); referral_source_organic (-0.222)
A-cc98bc,-0.031419019541978344,-0.02314051556396136,-0.026108606127704544,-0.026108606127704735,-0.03374740520713475,0.0302206082354628,-0.0016854774780280498,0.23563780508704438,-0.005224682741044771,0.10316256040437151,-0.05130681722642513,-0.019704206377230214,0.00014736357634236903,0.04429431724802161,-0.009456650745481975,-0.7152037127380928,0.14548572909755925,0.03551051280301123,-0.051306817226424974,-0.7165117914157056,-0.03396321146993684,0.056197091715289034,-0.20133630309909412,-0.0017363872814420765,0.6535032663694421,-0.0015140950748385386,-0.06499333512347424,-0.10110161333830604,-0.013499648900002976,-0.06127449945998744,-0.019062961308309635,-0.028499466082859387,-0.0252157751870108,0.199685278281537,0.03199092698208957,0.06657295861783105,-0.06531088705930968,-0.07988674679700883,0.08224532213363035,-0.05596714365156208,0.03447150587594823,industry_DevTools (+0.654); total_usage_count (+0.236); country_US (+0.200),tenure_months (-0.717); tenure_days (-0.715); engagement_trend_ratio (-0.201)
A-d77f4c,0.0394129085719825,0.06942154669188408,-0.023670665183344753,-0.023670665183344923,-0.03374740520713475,-0.34753699470782223,-0.0016854774780280498,0.4935070661672123,-0.016277615392681907,-0.20137636329857014,-0.10715097203069739,-0.041843764104455165,0.00014736357634236903,0.007061650008068108,-0.009456650745481975,-0.3929110922506723,0.0912506017545735,0.030835865444806095,-0.10715097203069704,-0.3936297107544873,-0.034694237883702614,0.0489441755737297,-0.035782120851289054,-0.0017363872814420765,0.6535032663694421,-0.0015140950748385386,-0.06499333512347424,-0.10110161333830604,-0.013499648900002976,-0.06127449945998744,-0.019062961308309635,-0.028499466082859387,-0.0252157751870108,0.199685278281537,0.03199092698208957,-0.10412693527404343,0.055635200087560094,-0.07988674679700883,0.08224532213363035,-0.05596714365156208,-0.19533853329703998,industry_DevTools (+0.654); total_usage_count (+0.494); country_US (+0.200),tenure_months (-0.394); tenure_days (-0.393); upgrade_flag (-0.348)
A-ccabf0,0.04700204372704973,-0.02314051556396136,-0.026108606127704544,-0.026108606127704735,-0.03374740520713475,0.0302206082354628,-0.0016854774780280498,0.059817854350566246,-0.009639503541555008,-0.08717426690996702,-0.016404220473754973,0.002435351349994744,-0.0032018086132569205,-0.014500306020132817,-0.009456650745481975,-0.28374746273073953,0.22683842011203784,0.03238695067022035,-0.016404220473754918,-0.2842664253692357,-0.029906041121516076,0.056197091715289034,0.292052838965809,-0.0017363872814420765,-0.1952022743700931,-0.0015140950748385386,-0.06499333512347424,0.35845117456308506,-0.013499648900002976,-0.06127449945998744,-0.019062961308309635,0.32774385995288297,-0.0252157751870108,-0.31232825577368606,0.03199092698208957,-0.10412693527404343,0.055635200087560094,-0.07988674679700883,-0.22236698206500055,-0.05596714365156208,0.03447150587594823,industry_HealthTech (+0.358); country_IN (+0.328); engagement_trend_ratio (+0.292),country_US (-0.312); tenure_months (-0.284); tenure_days (-0.284)
A-700ade,0.04700204372704973,0.06942154669188408,-0.014292055632083106,-0.014292055632083208,0.11298044351953808,0.0302206082354628,-0.0016854774780280498,-0.8075605692827259,0.03324183838793099,0.33156675318157774,0.11622564718639161,0.002435351349994744,0.006845707955540948,0.00812207407502881,-0.009456650745481975,0.6519407902972557,-0.8443053449119305,-0.008597419512434742,0.11622564718639128,0.6531331636472055,0.021910004086810562,0.051565513163658545,-1.0284439954116391,-0.0017363872814420765,-0.1952022743700931,-0.0015140950748385386,-0.06499333512347424,-0.10110161333830604,-0.013499648900002976,-0.06127449945998744,-0.019062961308309635,-0.028499466082859387,0.22694197668309718,-0.31232825577368606,-0.07464549629154232,0.06657295861783105,-0.06531088705930968,-0.07988674679700883,-0.22236698206500055,-0.05596714365156208,0.03447150587594823,tenure_months (+0.653); tenure_days (+0.652); total_errors (+0.332),engagement_trend_ratio (-1.028); days_since_last_activity (-0.844); total_usage_count (-0.808)
A-4a4c2d,-0.08707267734580473,-0.02314051556396136,0.006803596621152647,0.006803596621152698,-0.03374740520713475,0.0302206082354628,-0.0016854774780280498,0.37629376567622685,-0.007139581807221061,-0.3917131906129087,-0.07922889462856125,0.024574909077219702,0.0026592427185418354,-0.00849123630735551,-0.009456650745481975,-0.7723846615342481,0.199720856440545,0.03521143390882532,-0.07922889462856103,-0.7737973218555997,-0.03109904624010909,-0.07259308119579089,0.7277428092210784,-0.0017363872814420765,0.6535032663694421,-0.0015140950748385386,-0.06499333512347424,-0.10110161333830604,-0.013499648900002976,-0.06127449945998744,-0.019062961308309635,-0.028499466082859387,-0.0252157751870108,0.199685278281537,-0.07464549629154232,0.06657295861783105,-0.06531088705930968,0.390035293185396,0.08224532213363035,-0.05596714365156208,0.03447150587594823,engagement_trend_ratio (+0.728); industry_DevTools (+0.654); referral_source_event (+0.390),tenure_months (-0.774); tenure_days (-0.772); total_errors (-0.392)
A-b7ef83,0.04700204372704973,0.06942154669188408,-0.01879478329462517,-0.018794783294625302,0.11298044351953808,0.0302206082354628,-0.0016854774780280498,0.9662673781475203,-0.03406957886709836,-0.46784792153864413,-0.1560146074844356,-0.041843764104455165,0.00014736357634236903,-0.016267679465067318,-0.009456650745481975,0.24907501468797996,0.15904451093330568,0.006105804537277293,-0.15601460748443513,0.2495305628206821,-0.030129604433853964,0.0460461421262384,-0.6090880975822628,-0.0017363872814420765,-0.1952022743700931,-0.0015140950748385386,-0.06499333512347424,-0.10110161333830604,-0.013499648900002976,-0.06127449945998744,-0.019062961308309635,-0.028499466082859387,0.22694197668309718,-0.31232825577368606,0.03199092698208957,-0.10412693527404343,-0.06531088705930968,-0.07988674679700883,0.08224532213363035,-0.05596714365156208,-0.19533853329703998,total_usage_count (+0.966); tenure_months (+0.250); tenure_days (+0.249),engagement_trend_ratio (-0.609); total_errors (-0.468); country_US (-0.312)
A-e08cd3,-0.11995892968442941,0.06942154669188408,-0.010274428463571813,-0.010274428463571888,-0.03374740520713475,0.0302206082354628,0.03202407208253294,-0.22930828686053112,0.006253441517046705,0.21736465679297465,0.032459414979983246,0.09099358225889458,0.00014736357634236903,0.007945336730535359,-0.009456650745481975,0.5479754288497006,0.22683842011203784,-0.004105895700857668,0.03245941497998317,0.5489776537564898,0.034509169534742784,0.04592106153204856,-0.6902537552266583,-0.0017363872814420765,-0.1952022743700931,-0.0015140950748385386,0.18498103073604205,-0.10110161333830604,-0.013499648900002976,-0.06127449945998744,-0.019062961308309635,-0.028499466082859387,-0.0252157751870108,0.199685278281537,0.03199092698208957,-0.10412693527404343,0.055635200087560094,-0.07988674679700883,0.08224532213363035,-0.05596714365156208,0.03447150587594823,tenure_months (+0.549); tenure_days (+0.548); days_since_last_activity (+0.227),engagement_trend_ratio (-0.690); total_usage_count (-0.229); industry_DevTools (-0.195)
A-19b2c8,-0.001062478921709413,-0.02314051556396136,0.023396521211846336,0.023396521211846506,-0.03374740520713475,0.0302206082354628,-0.0016854774780280498,0.4309933059053534,-0.01953314871679917,-0.27751109422430553,-0.05828733657695916,-0.019704206377230214,0.006845707955540948,0.00941814793464745,-0.009456650745481975,-0.6814149702676375,0.22683842011203784,0.034224592975831844,-0.058287336576959024,-0.6826612507012233,-0.033856249765428545,-0.1263902047949934,0.699645337989812,-0.0017363872814420765,0.6535032663694421,-0.0015140950748385386,-0.06499333512347424,-0.10110161333830604,-0.013499648900002976,-0.06127449945998744,-0.019062961308309635,0.32774385995288297,-0.0252157751870108,-0.31232825577368606,0.03199092698208957,-0.10412693527404343,-0.06531088705930968,-0.07988674679700883,0.08224532213363035,0.21054306421301927,0.03447150587594823,engagement_trend_ratio (+0.700); industry_DevTools (+0.654); total_usage_count (+0.431),tenure_months (-0.683); tenure_days (-0.681); country_US (-0.312)
A-970c97,0.014115791388425052,-0.02314051556396136,-0.014528386641995534,-0.014528386641995638,-0.03374740520713475,0.0302206082354628,-0.0016854774780280498,-0.18242296666413696,0.008472634335312002,0.10316256040437151,0.039439934330517276,-0.06398332183168014,0.010194880145140235,-0.035355312670359934,-0.009456650745481975,0.01775208546717002,0.22683842011203784,0.029374831881220687,0.03943993433051716,0.01778455331383975,-0.03565618280505122,0.03350235681229968,-0.28901109738007086,-0.0017363872814420765,-0.1952022743700931,-0.0015140950748385386,-0.06499333512347424,0.35845117456308506,-0.013499648900002976,0.8140754928255473,-0.019062961308309635,-0.028499466082859387,-0.0252157751870108,-0.31232825577368606,-0.07464549629154232,0.06657295861783105,0.055635200087560094,-0.07988674679700883,0.08224532213363035,0.21054306421301927,0.03447150587594823,country_DE (+0.814); industry_HealthTech (+0.358); days_since_last_activity (+0.227),country_US (-0.312); engagement_trend_ratio (-0.289); industry_DevTools (-0.195)
A-6dee43,0.041942620290338246,0.06942154669188408,-0.026108606127704544,-0.026108606127704735,-0.03374740520713475,0.0302206082354628,-0.0016854774780280498,-0.1160020963859119,0.003962529632632482,0.5980383114216518,-0.009423701123220942,0.024574909077219702,0.003496535765941654,-0.011601813570440237,-0.009456650745481975,-0.5072729898429829,-0.34263041698931246,0.03585939464094129,-0.009423701123220933,-0.5082007716342745,-0.02957268044276374,0.056197091715289034,-0.28350396771262404,-0.0017363872814420765,-0.1952022743700931,-0.0015140950748385386,0.18498103073604205,-0.10110161333830604,-0.013499648900002976,-0.06127449945998744,-0.019062961308309635,-0.028499466082859387,0.22694197668309718,-0.31232825577368606,0.03199092698208957,0.06657295861783105,0.055635200087560094,-0.07988674679700883,0.08224532213363035,0.21054306421301927,0.03447150587594823,total_errors (+0.598); country_UK (+0.227); referral_source_other (+0.211),tenure_months (-0.508); tenure_days (-0.507); days_since_last_activity (-0.343)
A-5ed98d,-0.011181325795132391,-0.02314051556396136,-0.026108606127704544,-0.026108606127704735,-0.03374740520713475,0.0302206082354628,-0.0016854774780280498,-0.6981614888244728,0.03071476586426923,0.33156675318157774,0.10226460848532358,0.024574909077219702,0.010194880145140235,0.0002749359795196245,-0.009456650745481975,0.311454231556513,0.02345669257584133,0.02736630987487083,0.10226460848532323,0.3120238687551115,-0.01462116988650633,0.056197091715289034,-0.14009323060774373,-0.0017363872814420765,0.6535032663694421,-0.0015140950748385386,-0.06499333512347424,-0.10110161333830604,-0.013499648900002976,-0.06127449945998744,-0.019062961308309635,-0.028499466082859387,-0.0252157751870108,0.199685278281537,0.03199092698208957,0.06657295861783105,0.055635200087560094,-0.07988674679700883,0.08224532213363035,-0.05596714365156208,-0.19533853329703998,industry_DevTools (+0.654); total_errors (+0.332); tenure_months (+0.312),total_usage_count (-0.698); referral_source_partner (-0.195); engagement_trend_ratio (-0.140)
A-c58f49,-0.12754806483949666,0.06942154669188408,0.14715933956072355,0.1471593395607246,-0.03374740520713475,0.0302206082354628,-0.0016854774780280498,-0.49889887798979765,0.02137796800976708,0.17929729133010694,0.07434253108318743,-0.019704206377230214,0.010194880145140235,-0.00047914335698577033,0.03352812537034518,0.4128204589678791,-0.05789599843863728,0.018495647593111553,0.0743425310831872,0.4135754908985594,-0.020566594084171035,-0.11414349588271834,-0.6272804001577308,-0.0017363872814420765,-0.1952022743700931,0.013626855673546847,-0.06499333512347424,-0.10110161333830604,-0.013499648900002976,-0.06127449945998744,-0.019062961308309635,-0.028499466082859387,-0.0252157751870108,0.199685278281537,-0.07464549629154232,0.06657295861783105,0.055635200087560094,-0.07988674679700883,0.08224532213363035,0.21054306421301927,0.03447150587594823,tenure_months (+0.414); tenure_days (+0.413); referral_source_other (+0.211),engagement_trend_ratio (-0.627); total_usage_count (-0.499); industry_DevTools (-0.195)
A-9c18c4,0.02170492654349229,-0.02314051556396136,0.0011192139090484387,0.001119213909048448,-0.03374740520713475,-0.34753699470782223,-0.0016854774780280498,0.2551733551688753,-0.014436996787874148,-0.3917131906129087,-0.0443262978758911,0.002435351349994744,0.00014736357634236903,-0.00884471099634241,-0.009456650745481975,-0.5488591344220048,-0.0036608710956515414,0.03403402938867968,-0.04432629787589098,-0.549862975590561,-0.031618381430025794,-0.035303319157851634,1.1007848999585983,-0.0017363872814420765,-0.1952022743700931,-0.0015140950748385386,-0.06499333512347424,0.35845117456308506,-0.013499648900002976,-0.06127449945998744,-0.019062961308309635,-0.028499466082859387,-0.0252157751870108,0.199685278281537,0.03199092698208957,-0.10412693527404343,-0.06531088705930968,-0.07988674679700883,0.08224532213363035,-0.05596714365156208,0.03447150587594823,engagement_trend_ratio (+1.101); industry_HealthTech (+0.358); total_usage_count (+0.255),tenure_months (-0.550); tenure_days (-0.549); total_errors (-0.392)
A-cc8c8f,-0.008651614076776648,-0.02314051556396136,-0.026108606127704544,-0.026108606127704735,-0.03374740520713475,0.0302206082354628,0.03202407208253294,-0.8700743295445847,0.04266674823798753,0.33156675318157774,0.12320616653692565,-0.041843764104455165,-0.004876394708056564,0.030390979481203534,-0.009456650745481975,0.2958594273393797,-0.30195407148207315,0.030587598562384997,0.12320616653692527,0.2964005422715042,-0.029351751917372573,0.056197091715289034,-0.6755375272018724,-0.0017363872814420765,0.6535032663694421,-0.0015140950748385386,-0.06499333512347424,-0.10110161333830604,-0.013499648900002976,-0.06127449945998744,-0.019062961308309635,-0.028499466082859387,-0.0252157751870108,0.199685278281537,-0.07464549629154232,0.06657295861783105,0.055635200087560094,-0.07988674679700883,0.08224532213363035,-0.05596714365156208,0.03447150587594823,industry_DevTools (+0.654); total_errors (+0.332); tenure_months (+0.296),total_usage_count (-0.870); engagement_trend_ratio (-0.676); days_since_last_activity (-0.302)
A-5f7781,-0.006121902358420903,-0.02314051556396136,-0.01269993093372569,-0.012699930933725779,-0.03374740520713475,0.0302206082354628,-0.0016854774780280498,-1.2021786809357102,0.04137478048921905,0.6361056768845195,0.193011360042266,-0.041843764104455165,0.00014736357634236903,0.010596396897937111,-0.009456650745481975,0.46480313969165665,0.15904451093330568,0.030321739450563576,0.19301136004226538,0.4656532458439172,-0.02478991009139151,0.04473811081345178,-0.7875084633508598,-0.0017363872814420765,0.6535032663694421,-0.0015140950748385386,-0.06499333512347424,-0.10110161333830604,-0.013499648900002976,-0.06127449945998744,-0.019062961308309635,-0.028499466082859387,-0.0252157751870108,0.199685278281537,0.03199092698208957,-0.10412693527404343,0.055635200087560094,-0.07988674679700883,0.08224532213363035,0.21054306421301927,0.03447150587594823,industry_DevTools (+0.654); total_errors (+0.636); tenure_months (+0.466),total_usage_count (-1.202); engagement_trend_ratio (-0.788); plan_tier_Pro (-0.104)
A-e1b9cd,-0.051656713288824305,-0.02314051556396136,-0.001729196684106625,-0.001729196684106636,-0.03374740520713475,0.0302206082354628,-0.0016854774780280498,1.3647925998168706,-0.04781863612689114,-0.7723868452415857,-0.20487824293817383,-0.06398332183168014,-0.009900152992455497,0.0014060549842777018,-0.009456650745481975,-0.7048071765933374,-0.017219652931397975,0.029551810782564733,-0.20487824293817322,-0.7060962404266343,-0.03710092415703619,-0.03513012449484244,1.731533616715163,-0.0017363872814420765,0.6535032663694421,-0.0015140950748385386,-0.06499333512347424,-0.10110161333830604,-0.013499648900002976,-0.06127449945998744,-0.019062961308309635,-0.028499466082859387,-0.0252157751870108,0.199685278281537,0.03199092698208957,-0.10412693527404343,-0.06531088705930968,0.390035293185396,0.08224532213363035,-0.05596714365156208,0.03447150587594823,engagement_trend_ratio (+1.732); total_usage_count (+1.365); industry_DevTools (+0.654),total_errors (-0.772); tenure_months (-0.706); tenure_days (-0.705)
A-ac85cd,-0.084542965627449,-0.02314051556396136,0.025697638939941037,0.02569763893994122,-0.03374740520713475,0.0302206082354628,-0.0016854774780280498,0.5599279364454374,-0.013181400851224045,-0.08717426690996702,-0.09318993332962933,-0.019704206377230214,-0.004876394708056564,0.0032912533255411735,-0.009456650745481975,0.4128204589678791,-0.22060138046759453,-0.002522489922575995,-0.09318993332962906,0.4135754908985594,-0.020566594084171035,0.005266112006337074,-0.6323129183777619,-0.0017363872814420765,-0.1952022743700931,0.013626855673546847,-0.06499333512347424,-0.10110161333830604,-0.013499648900002976,-0.06127449945998744,-0.019062961308309635,-0.028499466082859387,-0.0252157751870108,0.199685278281537,-0.07464549629154232,0.06657295861783105,0.055635200087560094,-0.07988674679700883,0.08224532213363035,-0.05596714365156208,-0.19533853329703998,total_usage_count (+0.560); tenure_months (+0.414); tenure_days (+0.413),engagement_trend_ratio (-0.632); days_since_last_activity (-0.221); referral_source_partner (-0.195)
A-d792a6,0.0394129085719825,-0.02314051556396136,0.13478305772583582,0.13478305772583676,-0.03374740520713475,0.0302206082354628,-0.0016854774780280498,0.7787260973619435,-0.027214260701349004,-0.5059152870015119,-0.13507304943283352,0.024574909077219702,0.00014736357634236903,-0.006511778049028869,-0.009456650745481975,-1.0296989311169469,0.24039720194778427,0.03508445154452935,-0.13507304943283313,-1.031582208835121,-0.03215993134127995,-0.6757425760027594,3.5793030298502457,-0.0017363872814420765,0.6535032663694421,-0.0015140950748385386,-0.06499333512347424,-0.10110161333830604,-0.013499648900002976,-0.06127449945998744,-0.019062961308309635,-0.028499466082859387,-0.0252157751870108,0.199685278281537,-0.07464549629154232,0.06657295861783105,0.055635200087560094,-0.07988674679700883,-0.22236698206500055,-0.05596714365156208,0.03447150587594823,engagement_trend_ratio (+3.579); total_usage_count (+0.779); industry_DevTools (+0.654),tenure_months (-1.032); tenure_days (-1.030); clv_proxy (-0.676)
A-ac9111,-0.003592190640065158,0.06942154669188408,0.02587177757882388,0.025871777578824067,-0.03374740520713475,0.0302206082354628,-0.0016854774780280498,1.239765079293153,-0.05330719380345957,-0.734319479778718,-0.23280032034030995,-0.019704206377230214,0.010194880145140235,0.01601634212906958,-0.009456650745481975,-0.5072729898429829,0.18616207460479856,0.027737864048240083,-0.23280032034030926,-0.5082007716342745,-0.033218001111717924,-0.11314149242625947,0.33587692262915275,-0.0017363872814420765,-0.1952022743700931,-0.0015140950748385386,-0.06499333512347424,0.35845117456308506,-0.013499648900002976,-0.06127449945998744,-0.019062961308309635,-0.028499466082859387,-0.0252157751870108,0.199685278281537,0.03199092698208957,-0.10412693527404343,-0.06531088705930968,0.390035293185396,0.08224532213363035,-0.05596714365156208,0.03447150587594823,total_usage_count (+1.240); referral_source_event (+0.390); industry_HealthTech (+0.358),total_errors (-0.734); tenure_months (-0.508); tenure_days (-0.507)
A-18793f,-0.32486557887124473,0.06942154669188408,-0.026108606127704544,-0.026108606127704735,-0.03374740520713475,-0.34753699470782223,-0.0016854774780280498,-0.01832434597675738,-0.009240950445384553,0.25543202225584233,0.011517856928381155,0.024574909077219702,-0.001862139737417206,-0.013015712326387839,-0.009456650745481975,0.7766992240343217,-0.017219652931397975,-0.39696903547670537,0.011517856928381084,0.7781197755160644,0.316732783107884,0.056197091715289034,-1.0284439954116391,-0.0017363872814420765,-0.1952022743700931,0.013626855673546847,-0.06499333512347424,-0.10110161333830604,-0.013499648900002976,-0.06127449945998744,-0.019062961308309635,-0.028499466082859387,-0.0252157751870108,0.199685278281537,0.03199092698208957,0.06657295861783105,-0.06531088705930968,-0.07988674679700883,-0.22236698206500055,-0.05596714365156208,0.03447150587594823,tenure_months (+0.778); tenure_days (+0.777); support_tickets_per_month (+0.317),engagement_trend_ratio (-1.028); usage_rate_per_day (-0.397); upgrade_flag (-0.348)
A-9f0b68,0.02423463826184803,-0.02314051556396136,-0.026108606127704544,-0.026108606127704735,-0.03374740520713475,-0.34753699470782223,-0.0016854774780280498,0.852961187672901,-0.022464409406114504,-0.23944372876143785,-0.14205356878336756,-0.019704206377230214,-0.009900152992455497,0.00800424917869985,-0.009456650745481975,0.16850185956612482,0.18616207460479856,0.012587446217262968,-0.14205356878336708,0.16881004265537752,-0.02746223163442184,0.056197091715289034,-0.7148782320901271,-0.0017363872814420765,-0.1952022743700931,0.013626855673546847,-0.06499333512347424,-0.10110161333830604,-0.013499648900002976,-0.06127449945998744,-0.019062961308309635,-0.028499466082859387,-0.0252157751870108,0.199685278281537,0.03199092698208957,0.06657295861783105,0.055635200087560094,-0.07988674679700883,0.08224532213363035,-0.05596714365156208,0.03447150587594823,total_usage_count (+0.853); country_US (+0.200); days_since_last_activity (+0.186),engagement_trend_ratio (-0.715); upgrade_flag (-0.348); total_errors (-0.239)
A-d3c88e,0.009056367951713567,-0.02314051556396136,0.013495495743936159,0.013495495743936256,-0.03374740520713475,0.0302206082354628,-0.0016854774780280498,0.5989990366090993,-0.02777162030113493,-0.8104542107044534,-0.10017045268016335,-0.019704206377230214,0.00014736357634236903,-0.03111361640251713,-0.009456650745481975,0.6181520478268003,0.10480938359031995,-0.056620035849060904,-0.10017045268016306,0.619282622932723,-0.0012229230781267827,0.03736578866057,-0.8151586839349778,-0.0017363872814420765,0.6535032663694421,-0.0015140950748385386,-0.06499333512347424,-0.10110161333830604,-0.013499648900002976,-0.06127449945998744,-0.019062961308309635,-0.028499466082859387,-0.0252157751870108,0.199685278281537,0.03199092698208957,-0.10412693527404343,-0.06531088705930968,0.390035293185396,0.08224532213363035,-0.05596714365156208,0.03447150587594823,industry_DevTools (+0.654); tenure_months (+0.619); tenure_days (+0.618),engagement_trend_ratio (-0.815); total_errors (-0.810); plan_tier_Pro (-0.104)
A-ccb686,0.02423463826184803,-0.02314051556396136,-0.023508965018667827,-0.023508965018667997,-0.03374740520713475,0.0302206082354628,-0.0016854774780280498,0.8998465078692951,-0.027446323108245164,-0.734319479778718,-0.1490340881339016,-0.06398332183168014,0.00014736357634236903,-0.04383870520604554,-0.009456650745481975,-0.08361414194419613,0.199720856440545,0.021778097006255114,-0.14903408813390115,-0.08376706882960826,-0.035999677494277446,0.05045089721057764,0.4318332791870927,-0.0017363872814420765,0.6535032663694421,-0.0015140950748385386,-0.06499333512347424,-0.10110161333830604,-0.013499648900002976,-0.06127449945998744,-0.019062961308309635,-0.028499466082859387,-0.0252157751870108,0.199685278281537,0.03199092698208957,0.06657295861783105,0.055635200087560094,-0.07988674679700883,0.08224532213363035,0.21054306421301927,0.03447150587594823,total_usage_count (+0.900); industry_DevTools (+0.654); engagement_trend_ratio (+0.432),total_errors (-0.734); distinct_features_used (-0.149); feature_breadth_ratio (-0.149)
A-118f1c,-0.031419019541978344,-0.02314051556396136,0.053099597615576866,0.05309959761557724,0.11298044351953808,0.0302206082354628,-0.0016854774780280498,-0.4754562178916006,0.027383927520695604,0.48383621503304863,0.06736201173265341,-0.06398332183168014,-0.009900152992455497,-0.03959700893820274,-0.009456650745481975,0.6519407902972557,-0.9392168177621555,-0.025132467506598234,0.06736201173265317,0.6531331636472055,-0.023536985564659264,0.025150889381833342,-1.0284439954116391,-0.0017363872814420765,-0.1952022743700931,-0.0015140950748385386,-0.06499333512347424,-0.10110161333830604,-0.013499648900002976,-0.06127449945998744,-0.019062961308309635,-0.028499466082859387,-0.0252157751870108,0.199685278281537,0.03199092698208957,-0.10412693527404343,0.055635200087560094,-0.07988674679700883,0.08224532213363035,0.21054306421301927,0.03447150587594823,tenure_months (+0.653); tenure_days (+0.652); total_errors (+0.484),engagement_trend_ratio (-1.028); days_since_last_activity (-0.939); total_usage_count (-0.475)
A-0e966d,0.02170492654349229,-0.02314051556396136,-0.023508965018667827,-0.023508965018667997,-0.03374740520713475,0.0302206082354628,-0.0016854774780280498,0.5677421564781697,-0.024289147360560717,-0.27751109422430553,-0.10715097203069739,-0.019704206377230214,0.005171121860741302,0.006119050837436372,0.03352812537034518,0.3192516336650796,0.009897910740094896,0.006717956407462711,-0.10715097203069704,0.3198355319969153,-0.024017906090071643,0.05304002554845632,-0.35899739617506393,-0.0017363872814420765,-0.1952022743700931,-0.0015140950748385386,0.18498103073604205,-0.10110161333830604,-0.013499648900002976,-0.06127449945998744,-0.019062961308309635,0.32774385995288297,-0.0252157751870108,-0.31232825577368606,0.03199092698208957,0.06657295861783105,0.055635200087560094,-0.07988674679700883,0.08224532213363035,-0.05596714365156208,0.03447150587594823,total_usage_count (+0.568); country_IN (+0.328); tenure_months (+0.320),engagement_trend_ratio (-0.359); country_US (-0.312); total_errors (-0.278)
A-b9f5b1,0.01158607967006931,0.06942154669188408,0.011020239376958615,0.011020239376958695,-0.03374740520713475,0.0302206082354628,-0.0016854774780280498,-0.7176970389063038,0.03058054875476196,0.559970945958784,0.13018668588745969,0.04671446680444465,-0.00655098080285621,0.0058834010447784465,0.03352812537034518,-1.0270997970807578,-0.19348381679610166,0.041496388173153036,0.13018668588745927,-1.0289783210878527,-0.030843644438375065,-0.11247349012195357,0.9691082474392092,-0.0017363872814420765,-0.1952022743700931,-0.0015140950748385386,-0.06499333512347424,-0.10110161333830604,-0.013499648900002976,-0.06127449945998744,-0.019062961308309635,-0.028499466082859387,-0.0252157751870108,0.199685278281537,0.03199092698208957,-0.10412693527404343,0.055635200087560094,-0.07988674679700883,0.08224532213363035,0.21054306421301927,0.03447150587594823,engagement_trend_ratio (+0.969); total_errors (+0.560); referral_source_other (+0.211),tenure_months (-1.029); tenure_days (-1.027); total_usage_count (-0.718)
A-8ae3fc,0.02676434998020378,-0.02314051556396136,-0.021381985929455966,-0.021381985929456122,-0.03374740520713475,0.0302206082354628,-0.0016854774780280498,-0.34652158735151656,0.01026048819859591,-0.12524163237283475,0.06038149238211938,0.002435351349994744,-0.004876394708056564,-0.004956489417486505,-0.009456650745481975,0.32704903577364625,0.14548572909755925,0.021002512703303073,0.06038149238211917,0.3276471952387189,-0.018813104919882834,0.050548084432644635,-0.5867617275711969,-0.0017363872814420765,0.6535032663694421,-0.0015140950748385386,-0.06499333512347424,-0.10110161333830604,0.2564933291000565,-0.06127449945998744,-0.019062961308309635,-0.028499466082859387,-0.0252157751870108,-0.31232825577368606,0.03199092698208957,-0.10412693527404343,-0.06531088705930968,-0.07988674679700883,0.08224532213363035,-0.05596714365156208,0.03447150587594823,industry_DevTools (+0.654); tenure_months (+0.328); tenure_days (+0.327),engagement_trend_ratio (-0.587); total_usage_count (-0.347); country_US (-0.312)
A-55f257,0.02676434998020378,-0.02314051556396136,0.02587177757882388,0.025871777578824067,0.11298044351953808,0.0302206082354628,-0.0016854774780280498,-0.057395446140419186,0.002202338837720302,0.06509519494150381,-0.03036525917482304,0.04671446680444465,0.010194880145140235,-0.010140784855961031,-0.009456650745481975,-0.16678643110224015,0.24039720194778427,0.03162682677824807,-0.030365259174822946,-0.16709147674218053,-0.02393988440908719,-0.06938734149422231,0.3759410206836238,-0.0017363872814420765,-0.1952022743700931,-0.0015140950748385386,0.18498103073604205,-0.10110161333830604,-0.013499648900002976,-0.06127449945998744,-0.019062961308309635,-0.028499466082859387,-0.0252157751870108,0.199685278281537,0.03199092698208957,0.06657295861783105,-0.06531088705930968,-0.07988674679700883,-0.22236698206500055,-0.05596714365156208,0.03447150587594823,engagement_trend_ratio (+0.376); days_since_last_activity (+0.240); country_US (+0.200),referral_source_organic (-0.222); industry_DevTools (-0.195); tenure_months (-0.167)
A-d26ab4,0.02676434998020378,-0.02314051556396136,0.0555748539825544,0.05557485398255481,-0.03374740520713475,0.0302206082354628,-0.0016854774780280498,-0.12772342643501045,0.014800817364866766,0.10316256040437151,0.032459414979983246,-0.041843764104455165,0.00014736357634236903,-0.01909547697696252,-0.009456650745481975,0.6831303987315221,-0.05789599843863728,-0.06426475275953206,0.03245941497998317,0.6843798166144203,-0.0009680723363783292,0.030479002999511447,-0.956871743238263,-0.0017363872814420765,0.6535032663694421,-0.0015140950748385386,-0.06499333512347424,-0.10110161333830604,-0.013499648900002976,-0.06127449945998744,-0.019062961308309635,-0.028499466082859387,0.22694197668309718,-0.31232825577368606,0.03199092698208957,0.06657295861783105,-0.06531088705930968,-0.07988674679700883,-0.22236698206500055,-0.05596714365156208,0.03447150587594823,tenure_months (+0.684); tenure_days (+0.683); industry_DevTools (+0.654),engagement_trend_ratio (-0.957); country_US (-0.312); referral_source_organic (-0.222)
A-712533,0.003996944515002075,-0.02314051556396136,-0.015137871878085482,-0.01513787187808559,0.11298044351953808,0.0302206082354628,-0.0016854774780280498,0.313780005414368,-0.015258180095279338,-0.3155784596871733,-0.0443262978758911,0.024574909077219702,-0.002364515565857097,-0.00198730202999654,-0.009456650745481975,-0.5384625982772493,-0.017219652931397975,0.033593845985990106,-0.04432629787589098,-0.5394474246014893,-0.029783392620159933,0.019611377571419043,0.7280553138637247,-0.0017363872814420765,-0.1952022743700931,0.013626855673546847,-0.06499333512347424,-0.10110161333830604,-0.013499648900002976,-0.06127449945998744,-0.019062961308309635,-0.028499466082859387,-0.0252157751870108,0.199685278281537,0.03199092698208957,-0.10412693527404343,-0.06531088705930968,-0.07988674679700883,-0.22236698206500055,-0.05596714365156208,0.03447150587594823,engagement_trend_ratio (+0.728); total_usage_count (+0.314); country_US (+0.200),tenure_months (-0.539); tenure_days (-0.538); total_errors (-0.316)
A-781cc0,0.019175214825136545,-0.02314051556396136,-0.023272634008755396,-0.023272634008755566,-0.03374740520713475,0.0302206082354628,-0.0016854774780280498,1.458563240209659,-0.061338704654051286,-0.5820500179272472,-0.23280032034030995,0.002435351349994744,-0.0032018086132569205,-0.03040666702454333,-0.009456650745481975,0.5037901502344898,0.22683842011203784,-0.040236566182822134,-0.23280032034030926,0.5047115620529355,-0.007360938400576784,0.054046824427056654,-0.7600295418236099,-0.0017363872814420765,-0.1952022743700931,0.013626855673546847,-0.06499333512347424,-0.10110161333830604,-0.013499648900002976,-0.06127449945998744,-0.019062961308309635,-0.028499466082859387,-0.0252157751870108,0.199685278281537,0.03199092698208957,-0.10412693527404343,0.055635200087560094,-0.07988674679700883,-0.22236698206500055,-0.05596714365156208,0.03447150587594823,total_usage_count (+1.459); tenure_months (+0.505); tenure_days (+0.504),engagement_trend_ratio (-0.760); total_errors (-0.582); distinct_features_used (-0.233)
